2026-04-16 19:17:14,962 INFO  Logger.cs: 70 - 
--------------------------------------------------------------------------------
2026-04-16 19:17:14,994 INFO  Logger.cs: 71 - Logging commencing for SW2URDF exporter
2026-04-16 19:17:14,994 INFO  Logger.cs: 73 - Commit version 1.6.0-4-g7f85cfe
2026-04-16 19:17:14,994 INFO  Logger.cs: 74 - Build version 1.6.7995.38578
2026-04-16 19:17:14,994 INFO  SwAddin.cs: 192 - Attempting to connect to SW
2026-04-16 19:17:14,994 INFO  SwAddin.cs: 197 - Setting up callbacks
2026-04-16 19:17:14,994 INFO  SwAddin.cs: 201 - Setting up command manager
2026-04-16 19:17:14,994 INFO  SwAddin.cs: 204 - Adding command manager
2026-04-16 19:17:14,994 INFO  SwAddin.cs: 263 - Adding Assembly export to file menu
2026-04-16 19:17:14,994 INFO  SwAddin.cs: 272 - Adding Part export to file menu
2026-04-16 19:17:14,994 INFO  SwAddin.cs: 210 - Adding event handlers
2026-04-16 19:17:15,010 INFO  SwAddin.cs: 217 - Connecting plugin to SolidWorks
2026-04-16 19:19:50,290 INFO  SwAddin.cs: 294 - Assembly export called for file Full assembly.SLDASM
2026-04-16 19:19:51,533 INFO  SwAddin.cs: 313 - Saving assembly
2026-04-16 19:19:54,529 INFO  SwAddin.cs: 316 - Opening property manager
2026-04-16 19:19:54,544 INFO  ExportHelperExtension.cs: 1125 - Retrieving features of type [CoordSys] from Full assembly.SLDASM
2026-04-16 19:19:54,544 INFO  ExportHelperExtension.cs: 1136 - Found 486 in Full assembly.SLDASM
2026-04-16 19:19:54,544 INFO  ExportHelperExtension.cs: 1145 - Found 9 features of type [CoordSys] in Full assembly.SLDASM
2026-04-16 19:19:54,560 INFO  ExportHelperExtension.cs: 1148 - Proceeding through assembly components
2026-04-16 19:19:54,560 INFO  ExportHelperExtension.cs: 1160 - 136 components to check
2026-04-16 19:19:54,560 INFO  ExportHelperExtension.cs: 1125 - Retrieving features of type [CoordSys] from BSB 30x30-8 324mm-3
2026-04-16 19:19:54,560 INFO  ExportHelperExtension.cs: 1136 - Found 25 in BSB 30x30-8 324mm-3
2026-04-16 19:19:54,560 INFO  ExportHelperExtension.cs: 1145 - Found 0 features of type [CoordSys] in BSB 30x30-8 324mm-3
2026-04-16 19:19:54,560 INFO  ExportHelperExtension.cs: 1125 - Retrieving features of type [CoordSys] from wheel assembly-4
2026-04-16 19:19:54,560 INFO  ExportHelperExtension.cs: 1136 - Found 82 in wheel assembly-4
2026-04-16 19:19:54,560 INFO  ExportHelperExtension.cs: 1145 - Found 0 features of type [CoordSys] in wheel assembly-4
2026-04-16 19:19:54,560 INFO  ExportHelperExtension.cs: 1125 - Retrieving features of type [CoordSys] from BSB 30x30-8 90mm-1
2026-04-16 19:19:54,560 INFO  ExportHelperExtension.cs: 1136 - Found 25 in BSB 30x30-8 90mm-1
2026-04-16 19:19:54,560 INFO  ExportHelperExtension.cs: 1145 - Found 0 features of type [CoordSys] in BSB 30x30-8 90mm-1
2026-04-16 19:19:54,560 INFO  ExportHelperExtension.cs: 1125 - Retrieving features of type [CoordSys] from wheel assembly-3
2026-04-16 19:19:54,560 INFO  ExportHelperExtension.cs: 1136 - Found 82 in wheel assembly-3
2026-04-16 19:19:54,560 INFO  ExportHelperExtension.cs: 1145 - Found 0 features of type [CoordSys] in wheel assembly-3
2026-04-16 19:19:54,560 INFO  ExportHelperExtension.cs: 1125 - Retrieving features of type [CoordSys] from BSB 30x30-8 684mm-14
2026-04-16 19:19:54,560 INFO  ExportHelperExtension.cs: 1136 - Found 25 in BSB 30x30-8 684mm-14
2026-04-16 19:19:54,560 INFO  ExportHelperExtension.cs: 1145 - Found 0 features of type [CoordSys] in BSB 30x30-8 684mm-14
2026-04-16 19:19:54,560 INFO  ExportHelperExtension.cs: 1125 - Retrieving features of type [CoordSys] from BSB 30x30-8 262mm-3
2026-04-16 19:19:54,560 INFO  ExportHelperExtension.cs: 1136 - Found 25 in BSB 30x30-8 262mm-3
2026-04-16 19:19:54,560 INFO  ExportHelperExtension.cs: 1145 - Found 0 features of type [CoordSys] in BSB 30x30-8 262mm-3
2026-04-16 19:19:54,560 INFO  ExportHelperExtension.cs: 1125 - Retrieving features of type [CoordSys] from BSB 30x30-8 162mm-10
2026-04-16 19:19:54,560 INFO  ExportHelperExtension.cs: 1136 - Found 25 in BSB 30x30-8 162mm-10
2026-04-16 19:19:54,560 INFO  ExportHelperExtension.cs: 1145 - Found 0 features of type [CoordSys] in BSB 30x30-8 162mm-10
2026-04-16 19:19:54,560 INFO  ExportHelperExtension.cs: 1125 - Retrieving features of type [CoordSys] from 90degree angle bracket 30x30-8(M6)-9
2026-04-16 19:19:54,560 INFO  ExportHelperExtension.cs: 1136 - Found 36 in 90degree angle bracket 30x30-8(M6)-9
2026-04-16 19:19:54,560 INFO  ExportHelperExtension.cs: 1145 - Found 0 features of type [CoordSys] in 90degree angle bracket 30x30-8(M6)-9
2026-04-16 19:19:54,560 INFO  ExportHelperExtension.cs: 1125 - Retrieving features of type [CoordSys] from wheel assembly-1
2026-04-16 19:19:54,560 INFO  ExportHelperExtension.cs: 1136 - Found 82 in wheel assembly-1
2026-04-16 19:19:54,560 INFO  ExportHelperExtension.cs: 1145 - Found 0 features of type [CoordSys] in wheel assembly-1
2026-04-16 19:19:54,560 INFO  ExportHelperExtension.cs: 1125 - Retrieving features of type [CoordSys] from BSB 30x30-8 262mm-4
2026-04-16 19:19:54,560 INFO  ExportHelperExtension.cs: 1136 - Found 25 in BSB 30x30-8 262mm-4
2026-04-16 19:19:54,560 INFO  ExportHelperExtension.cs: 1145 - Found 0 features of type [CoordSys] in BSB 30x30-8 262mm-4
2026-04-16 19:19:54,560 INFO  ExportHelperExtension.cs: 1125 - Retrieving features of type [CoordSys] from 90degree angle bracket 30x30-8(M6)-3
2026-04-16 19:19:54,560 INFO  ExportHelperExtension.cs: 1136 - Found 36 in 90degree angle bracket 30x30-8(M6)-3
2026-04-16 19:19:54,560 INFO  ExportHelperExtension.cs: 1145 - Found 0 features of type [CoordSys] in 90degree angle bracket 30x30-8(M6)-3
2026-04-16 19:19:54,560 INFO  ExportHelperExtension.cs: 1125 - Retrieving features of type [CoordSys] from wheel assembly-2
2026-04-16 19:19:54,560 INFO  ExportHelperExtension.cs: 1136 - Found 82 in wheel assembly-2
2026-04-16 19:19:54,560 INFO  ExportHelperExtension.cs: 1145 - Found 0 features of type [CoordSys] in wheel assembly-2
2026-04-16 19:19:54,560 INFO  ExportHelperExtension.cs: 1125 - Retrieving features of type [CoordSys] from 90degree angle bracket 30x30-8(M6)-1
2026-04-16 19:19:54,560 INFO  ExportHelperExtension.cs: 1136 - Found 36 in 90degree angle bracket 30x30-8(M6)-1
2026-04-16 19:19:54,560 INFO  ExportHelperExtension.cs: 1145 - Found 0 features of type [CoordSys] in 90degree angle bracket 30x30-8(M6)-1
2026-04-16 19:19:54,560 INFO  ExportHelperExtension.cs: 1125 - Retrieving features of type [CoordSys] from 90degree angle bracket 30x30-8(M6)-4
2026-04-16 19:19:54,560 INFO  ExportHelperExtension.cs: 1136 - Found 36 in 90degree angle bracket 30x30-8(M6)-4
2026-04-16 19:19:54,560 INFO  ExportHelperExtension.cs: 1145 - Found 0 features of type [CoordSys] in 90degree angle bracket 30x30-8(M6)-4
2026-04-16 19:19:54,560 INFO  ExportHelperExtension.cs: 1125 - Retrieving features of type [CoordSys] from 90degree angle bracket 30x30-8(M6)-5
2026-04-16 19:19:54,560 INFO  ExportHelperExtension.cs: 1136 - Found 36 in 90degree angle bracket 30x30-8(M6)-5
2026-04-16 19:19:54,560 INFO  ExportHelperExtension.cs: 1145 - Found 0 features of type [CoordSys] in 90degree angle bracket 30x30-8(M6)-5
2026-04-16 19:19:54,560 INFO  ExportHelperExtension.cs: 1125 - Retrieving features of type [CoordSys] from 90degree angle bracket 30x30-8(M6)-7
2026-04-16 19:19:54,560 INFO  ExportHelperExtension.cs: 1136 - Found 36 in 90degree angle bracket 30x30-8(M6)-7
2026-04-16 19:19:54,560 INFO  ExportHelperExtension.cs: 1145 - Found 0 features of type [CoordSys] in 90degree angle bracket 30x30-8(M6)-7
2026-04-16 19:19:54,560 INFO  ExportHelperExtension.cs: 1125 - Retrieving features of type [CoordSys] from 90degree angle bracket 30x30-8(M6)-8
2026-04-16 19:19:54,560 INFO  ExportHelperExtension.cs: 1136 - Found 36 in 90degree angle bracket 30x30-8(M6)-8
2026-04-16 19:19:54,560 INFO  ExportHelperExtension.cs: 1145 - Found 0 features of type [CoordSys] in 90degree angle bracket 30x30-8(M6)-8
2026-04-16 19:19:54,560 INFO  ExportHelperExtension.cs: 1125 - Retrieving features of type [CoordSys] from 90degree angle bracket 30x30-8(M6)-2
2026-04-16 19:19:54,560 INFO  ExportHelperExtension.cs: 1136 - Found 36 in 90degree angle bracket 30x30-8(M6)-2
2026-04-16 19:19:54,560 INFO  ExportHelperExtension.cs: 1145 - Found 0 features of type [CoordSys] in 90degree angle bracket 30x30-8(M6)-2
2026-04-16 19:19:54,560 INFO  ExportHelperExtension.cs: 1125 - Retrieving features of type [CoordSys] from 90degree angle bracket 30x30-8(M6)-14
2026-04-16 19:19:54,560 INFO  ExportHelperExtension.cs: 1136 - Found 36 in 90degree angle bracket 30x30-8(M6)-14
2026-04-16 19:19:54,560 INFO  ExportHelperExtension.cs: 1145 - Found 0 features of type [CoordSys] in 90degree angle bracket 30x30-8(M6)-14
2026-04-16 19:19:54,576 INFO  ExportHelperExtension.cs: 1125 - Retrieving features of type [CoordSys] from 90degree angle bracket 30x30-8(M6)-13
2026-04-16 19:19:54,576 INFO  ExportHelperExtension.cs: 1136 - Found 36 in 90degree angle bracket 30x30-8(M6)-13
2026-04-16 19:19:54,576 INFO  ExportHelperExtension.cs: 1145 - Found 0 features of type [CoordSys] in 90degree angle bracket 30x30-8(M6)-13
2026-04-16 19:19:54,576 INFO  ExportHelperExtension.cs: 1125 - Retrieving features of type [CoordSys] from Front cover^Full assembly-1
2026-04-16 19:19:54,576 INFO  ExportHelperExtension.cs: 1136 - Found 66 in Front cover^Full assembly-1
2026-04-16 19:19:54,576 INFO  ExportHelperExtension.cs: 1145 - Found 0 features of type [CoordSys] in Front cover^Full assembly-1
2026-04-16 19:19:54,576 INFO  ExportHelperExtension.cs: 1125 - Retrieving features of type [CoordSys] from HC-SR04-1
2026-04-16 19:19:54,576 INFO  ExportHelperExtension.cs: 1136 - Found 169 in HC-SR04-1
2026-04-16 19:19:54,576 INFO  ExportHelperExtension.cs: 1145 - Found 0 features of type [CoordSys] in HC-SR04-1
2026-04-16 19:19:54,576 INFO  ExportHelperExtension.cs: 1125 - Retrieving features of type [CoordSys] from 90degree angle bracket 30x30-8(M6)-11
2026-04-16 19:19:54,576 INFO  ExportHelperExtension.cs: 1136 - Found 36 in 90degree angle bracket 30x30-8(M6)-11
2026-04-16 19:19:54,576 INFO  ExportHelperExtension.cs: 1145 - Found 0 features of type [CoordSys] in 90degree angle bracket 30x30-8(M6)-11
2026-04-16 19:19:54,576 INFO  ExportHelperExtension.cs: 1125 - Retrieving features of type [CoordSys] from 90degree angle bracket 30x30-8(M6)-15
2026-04-16 19:19:54,576 INFO  ExportHelperExtension.cs: 1136 - Found 36 in 90degree angle bracket 30x30-8(M6)-15
2026-04-16 19:19:54,576 INFO  ExportHelperExtension.cs: 1145 - Found 0 features of type [CoordSys] in 90degree angle bracket 30x30-8(M6)-15
2026-04-16 19:19:54,576 INFO  ExportHelperExtension.cs: 1125 - Retrieving features of type [CoordSys] from 90degree angle bracket 30x30-8(M6)-17
2026-04-16 19:19:54,576 INFO  ExportHelperExtension.cs: 1136 - Found 36 in 90degree angle bracket 30x30-8(M6)-17
2026-04-16 19:19:54,576 INFO  ExportHelperExtension.cs: 1145 - Found 0 features of type [CoordSys] in 90degree angle bracket 30x30-8(M6)-17
2026-04-16 19:19:54,576 INFO  ExportHelperExtension.cs: 1125 - Retrieving features of type [CoordSys] from DCNLM50NBXX.step-1
2026-04-16 19:19:54,576 INFO  ExportHelperExtension.cs: 1136 - Found 36 in DCNLM50NBXX.step-1
2026-04-16 19:19:54,576 INFO  ExportHelperExtension.cs: 1145 - Found 0 features of type [CoordSys] in DCNLM50NBXX.step-1
2026-04-16 19:19:54,576 INFO  ExportHelperExtension.cs: 1125 - Retrieving features of type [CoordSys] from Side^Full assembly-1
2026-04-16 19:19:54,576 INFO  ExportHelperExtension.cs: 1136 - Found 53 in Side^Full assembly-1
2026-04-16 19:19:54,576 INFO  ExportHelperExtension.cs: 1145 - Found 0 features of type [CoordSys] in Side^Full assembly-1
2026-04-16 19:19:54,576 INFO  ExportHelperExtension.cs: 1125 - Retrieving features of type [CoordSys] from 90degree angle bracket 30x30-8(M6)-12
2026-04-16 19:19:54,576 INFO  ExportHelperExtension.cs: 1136 - Found 36 in 90degree angle bracket 30x30-8(M6)-12
2026-04-16 19:19:54,576 INFO  ExportHelperExtension.cs: 1145 - Found 0 features of type [CoordSys] in 90degree angle bracket 30x30-8(M6)-12
2026-04-16 19:19:54,576 INFO  ExportHelperExtension.cs: 1125 - Retrieving features of type [CoordSys] from 90degree angle bracket 30x30-8(M6)-10
2026-04-16 19:19:54,576 INFO  ExportHelperExtension.cs: 1136 - Found 36 in 90degree angle bracket 30x30-8(M6)-10
2026-04-16 19:19:54,576 INFO  ExportHelperExtension.cs: 1145 - Found 0 features of type [CoordSys] in 90degree angle bracket 30x30-8(M6)-10
2026-04-16 19:19:54,576 INFO  ExportHelperExtension.cs: 1125 - Retrieving features of type [CoordSys] from 90degree angle bracket 30x30-8(M6)-16
2026-04-16 19:19:54,576 INFO  ExportHelperExtension.cs: 1136 - Found 36 in 90degree angle bracket 30x30-8(M6)-16
2026-04-16 19:19:54,576 INFO  ExportHelperExtension.cs: 1145 - Found 0 features of type [CoordSys] in 90degree angle bracket 30x30-8(M6)-16
2026-04-16 19:19:54,576 INFO  ExportHelperExtension.cs: 1125 - Retrieving features of type [CoordSys] from D435IF without cover-1
2026-04-16 19:19:54,576 INFO  ExportHelperExtension.cs: 1136 - Found 27 in D435IF without cover-1
2026-04-16 19:19:54,576 INFO  ExportHelperExtension.cs: 1145 - Found 0 features of type [CoordSys] in D435IF without cover-1
2026-04-16 19:19:54,576 INFO  ExportHelperExtension.cs: 1125 - Retrieving features of type [CoordSys] from YDLiDAR T-mini Plus-1
2026-04-16 19:19:54,576 INFO  ExportHelperExtension.cs: 1136 - Found 25 in YDLiDAR T-mini Plus-1
2026-04-16 19:19:54,576 INFO  ExportHelperExtension.cs: 1145 - Found 0 features of type [CoordSys] in YDLiDAR T-mini Plus-1
2026-04-16 19:19:54,576 INFO  ExportHelperExtension.cs: 1125 - Retrieving features of type [CoordSys] from HC-SR04-3
2026-04-16 19:19:54,576 INFO  ExportHelperExtension.cs: 1136 - Found 169 in HC-SR04-3
2026-04-16 19:19:54,576 INFO  ExportHelperExtension.cs: 1145 - Found 0 features of type [CoordSys] in HC-SR04-3
2026-04-16 19:19:54,576 INFO  ExportHelperExtension.cs: 1125 - Retrieving features of type [CoordSys] from Sideplate^Full assembly-1
2026-04-16 19:19:54,576 INFO  ExportHelperExtension.cs: 1136 - Found 27 in Sideplate^Full assembly-1
2026-04-16 19:19:54,576 INFO  ExportHelperExtension.cs: 1145 - Found 0 features of type [CoordSys] in Sideplate^Full assembly-1
2026-04-16 19:19:54,576 INFO  ExportHelperExtension.cs: 1125 - Retrieving features of type [CoordSys] from Topplates^Full assembly-1
2026-04-16 19:19:54,576 INFO  ExportHelperExtension.cs: 1136 - Found 28 in Topplates^Full assembly-1
2026-04-16 19:19:54,576 INFO  ExportHelperExtension.cs: 1145 - Found 0 features of type [CoordSys] in Topplates^Full assembly-1
2026-04-16 19:19:54,576 INFO  ExportHelperExtension.cs: 1125 - Retrieving features of type [CoordSys] from RearCover^Full assembly-2
2026-04-16 19:19:54,576 INFO  ExportHelperExtension.cs: 1136 - Found 66 in RearCover^Full assembly-2
2026-04-16 19:19:54,576 INFO  ExportHelperExtension.cs: 1145 - Found 0 features of type [CoordSys] in RearCover^Full assembly-2
2026-04-16 19:19:54,576 INFO  ExportHelperExtension.cs: 1125 - Retrieving features of type [CoordSys] from 50wr5j cement resistor.step-3
2026-04-16 19:19:54,576 INFO  ExportHelperExtension.cs: 1136 - Found 36 in 50wr5j cement resistor.step-3
2026-04-16 19:19:54,576 INFO  ExportHelperExtension.cs: 1145 - Found 0 features of type [CoordSys] in 50wr5j cement resistor.step-3
2026-04-16 19:19:54,576 INFO  ExportHelperExtension.cs: 1125 - Retrieving features of type [CoordSys] from 50wr5j cement resistor.step-4
2026-04-16 19:19:54,576 INFO  ExportHelperExtension.cs: 1136 - Found 36 in 50wr5j cement resistor.step-4
2026-04-16 19:19:54,576 INFO  ExportHelperExtension.cs: 1145 - Found 0 features of type [CoordSys] in 50wr5j cement resistor.step-4
2026-04-16 19:19:54,576 INFO  ExportHelperExtension.cs: 1125 - Retrieving features of type [CoordSys] from JK-BD6A20S10P (1)-1
2026-04-16 19:19:54,576 INFO  ExportHelperExtension.cs: 1136 - Found 41 in JK-BD6A20S10P (1)-1
2026-04-16 19:19:54,576 INFO  ExportHelperExtension.cs: 1145 - Found 0 features of type [CoordSys] in JK-BD6A20S10P (1)-1
2026-04-16 19:19:54,576 INFO  ExportHelperExtension.cs: 1125 - Retrieving features of type [CoordSys] from D435IF without cover-2
2026-04-16 19:19:54,576 INFO  ExportHelperExtension.cs: 1136 - Found 27 in D435IF without cover-2
2026-04-16 19:19:54,576 INFO  ExportHelperExtension.cs: 1145 - Found 0 features of type [CoordSys] in D435IF without cover-2
2026-04-16 19:19:54,592 INFO  ExportHelperExtension.cs: 1125 - Retrieving features of type [CoordSys] from 20-60v 12v 3a converter-1
2026-04-16 19:19:54,592 INFO  ExportHelperExtension.cs: 1136 - Found 33 in 20-60v 12v 3a converter-1
2026-04-16 19:19:54,592 INFO  ExportHelperExtension.cs: 1145 - Found 0 features of type [CoordSys] in 20-60v 12v 3a converter-1
2026-04-16 19:19:54,592 INFO  ExportHelperExtension.cs: 1125 - Retrieving features of type [CoordSys] from 50wr5j cement resistor.step-1
2026-04-16 19:19:54,592 INFO  ExportHelperExtension.cs: 1136 - Found 36 in 50wr5j cement resistor.step-1
2026-04-16 19:19:54,592 INFO  ExportHelperExtension.cs: 1145 - Found 0 features of type [CoordSys] in 50wr5j cement resistor.step-1
2026-04-16 19:19:54,592 INFO  ExportHelperExtension.cs: 1125 - Retrieving features of type [CoordSys] from Littelfuse-Solenoids-Relays-DCNEV250-Series-3D Model.step-1
2026-04-16 19:19:54,973 INFO  ExportHelperExtension.cs: 1136 - Found 36 in Littelfuse-Solenoids-Relays-DCNEV250-Series-3D Model.step-1
2026-04-16 19:19:54,973 INFO  ExportHelperExtension.cs: 1145 - Found 0 features of type [CoordSys] in Littelfuse-Solenoids-Relays-DCNEV250-Series-3D Model.step-1
2026-04-16 19:19:54,973 INFO  ExportHelperExtension.cs: 1125 - Retrieving features of type [CoordSys] from Jetsonorin-1
2026-04-16 19:19:54,973 INFO  ExportHelperExtension.cs: 1136 - Found 471 in Jetsonorin-1
2026-04-16 19:19:54,973 INFO  ExportHelperExtension.cs: 1145 - Found 0 features of type [CoordSys] in Jetsonorin-1
2026-04-16 19:19:54,973 INFO  ExportHelperExtension.cs: 1125 - Retrieving features of type [CoordSys] from Acer USB Hub-1
2026-04-16 19:19:54,973 INFO  ExportHelperExtension.cs: 1136 - Found 42 in Acer USB Hub-1
2026-04-16 19:19:54,973 INFO  ExportHelperExtension.cs: 1145 - Found 0 features of type [CoordSys] in Acer USB Hub-1
2026-04-16 19:19:54,973 INFO  ExportHelperExtension.cs: 1125 - Retrieving features of type [CoordSys] from ADAFRUIT bno085 IMU-1
2026-04-16 19:19:54,973 INFO  ExportHelperExtension.cs: 1136 - Found 123 in ADAFRUIT bno085 IMU-1
2026-04-16 19:19:54,973 INFO  ExportHelperExtension.cs: 1145 - Found 0 features of type [CoordSys] in ADAFRUIT bno085 IMU-1
2026-04-16 19:19:54,973 INFO  ExportHelperExtension.cs: 1125 - Retrieving features of type [CoordSys] from Part3^Full assembly-1
2026-04-16 19:19:54,973 INFO  ExportHelperExtension.cs: 1136 - Found 57 in Part3^Full assembly-1
2026-04-16 19:19:54,973 INFO  ExportHelperExtension.cs: 1145 - Found 0 features of type [CoordSys] in Part3^Full assembly-1
2026-04-16 19:19:54,973 INFO  ExportHelperExtension.cs: 1125 - Retrieving features of type [CoordSys] from 50wr5j cement resistor.step-2
2026-04-16 19:19:54,973 INFO  ExportHelperExtension.cs: 1136 - Found 36 in 50wr5j cement resistor.step-2
2026-04-16 19:19:54,973 INFO  ExportHelperExtension.cs: 1145 - Found 0 features of type [CoordSys] in 50wr5j cement resistor.step-2
2026-04-16 19:19:54,973 INFO  ExportHelperExtension.cs: 1125 - Retrieving features of type [CoordSys] from Part256^Full assembly-1
2026-04-16 19:19:54,973 INFO  ExportHelperExtension.cs: 1136 - Found 59 in Part256^Full assembly-1
2026-04-16 19:19:54,973 INFO  ExportHelperExtension.cs: 1145 - Found 0 features of type [CoordSys] in Part256^Full assembly-1
2026-04-16 19:19:54,973 INFO  ExportHelperExtension.cs: 1125 - Retrieving features of type [CoordSys] from robosense airy.step-1
2026-04-16 19:19:54,973 INFO  ExportHelperExtension.cs: 1136 - Found 23 in robosense airy.step-1
2026-04-16 19:19:54,989 INFO  ExportHelperExtension.cs: 1145 - Found 0 features of type [CoordSys] in robosense airy.step-1
2026-04-16 19:19:54,989 INFO  ExportHelperExtension.cs: 1125 - Retrieving features of type [CoordSys] from HC-SR04-5
2026-04-16 19:19:54,989 INFO  ExportHelperExtension.cs: 1136 - Found 169 in HC-SR04-5
2026-04-16 19:19:54,989 INFO  ExportHelperExtension.cs: 1145 - Found 0 features of type [CoordSys] in HC-SR04-5
2026-04-16 19:19:54,989 INFO  ExportHelperExtension.cs: 1125 - Retrieving features of type [CoordSys] from front plates v2^Full assembly-1
2026-04-16 19:19:54,989 INFO  ExportHelperExtension.cs: 1136 - Found 79 in front plates v2^Full assembly-1
2026-04-16 19:19:54,989 INFO  ExportHelperExtension.cs: 1145 - Found 0 features of type [CoordSys] in front plates v2^Full assembly-1
2026-04-16 19:19:54,989 INFO  ExportHelperExtension.cs: 1125 - Retrieving features of type [CoordSys] from 80x80x25 9 blade fan.STEP-1
2026-04-16 19:19:54,989 INFO  ExportHelperExtension.cs: 1136 - Found 24 in 80x80x25 9 blade fan.STEP-1
2026-04-16 19:19:54,989 INFO  ExportHelperExtension.cs: 1145 - Found 0 features of type [CoordSys] in 80x80x25 9 blade fan.STEP-1
2026-04-16 19:19:54,989 INFO  ExportHelperExtension.cs: 1125 - Retrieving features of type [CoordSys] from 90degree angle bracket 30x30-8(M6)-58
2026-04-16 19:19:54,989 INFO  ExportHelperExtension.cs: 1136 - Found 36 in 90degree angle bracket 30x30-8(M6)-58
2026-04-16 19:19:54,989 INFO  ExportHelperExtension.cs: 1145 - Found 0 features of type [CoordSys] in 90degree angle bracket 30x30-8(M6)-58
2026-04-16 19:19:54,989 INFO  ExportHelperExtension.cs: 1125 - Retrieving features of type [CoordSys] from 90degree angle bracket 30x30-8(M6)-59
2026-04-16 19:19:54,994 INFO  ExportHelperExtension.cs: 1136 - Found 36 in 90degree angle bracket 30x30-8(M6)-59
2026-04-16 19:19:54,994 INFO  ExportHelperExtension.cs: 1145 - Found 0 features of type [CoordSys] in 90degree angle bracket 30x30-8(M6)-59
2026-04-16 19:19:54,994 INFO  ExportHelperExtension.cs: 1125 - Retrieving features of type [CoordSys] from 90degree angle bracket 30x30-8(M6)-57
2026-04-16 19:19:54,994 INFO  ExportHelperExtension.cs: 1136 - Found 36 in 90degree angle bracket 30x30-8(M6)-57
2026-04-16 19:19:54,994 INFO  ExportHelperExtension.cs: 1145 - Found 0 features of type [CoordSys] in 90degree angle bracket 30x30-8(M6)-57
2026-04-16 19:19:54,994 INFO  ExportHelperExtension.cs: 1125 - Retrieving features of type [CoordSys] from 90degree angle bracket 30x30-8(M6)-63
2026-04-16 19:19:54,994 INFO  ExportHelperExtension.cs: 1136 - Found 36 in 90degree angle bracket 30x30-8(M6)-63
2026-04-16 19:19:54,994 INFO  ExportHelperExtension.cs: 1145 - Found 0 features of type [CoordSys] in 90degree angle bracket 30x30-8(M6)-63
2026-04-16 19:19:54,994 INFO  ExportHelperExtension.cs: 1125 - Retrieving features of type [CoordSys] from YDLiDAR T-mini Plus-3
2026-04-16 19:19:54,994 INFO  ExportHelperExtension.cs: 1136 - Found 25 in YDLiDAR T-mini Plus-3
2026-04-16 19:19:54,994 INFO  ExportHelperExtension.cs: 1145 - Found 0 features of type [CoordSys] in YDLiDAR T-mini Plus-3
2026-04-16 19:19:54,994 INFO  ExportHelperExtension.cs: 1125 - Retrieving features of type [CoordSys] from Sideplate^Full assembly-3
2026-04-16 19:19:54,994 INFO  ExportHelperExtension.cs: 1136 - Found 27 in Sideplate^Full assembly-3
2026-04-16 19:19:54,994 INFO  ExportHelperExtension.cs: 1145 - Found 0 features of type [CoordSys] in Sideplate^Full assembly-3
2026-04-16 19:19:54,994 INFO  ExportHelperExtension.cs: 1125 - Retrieving features of type [CoordSys] from Side^Full assembly-2
2026-04-16 19:19:54,994 INFO  ExportHelperExtension.cs: 1136 - Found 53 in Side^Full assembly-2
2026-04-16 19:19:54,994 INFO  ExportHelperExtension.cs: 1145 - Found 0 features of type [CoordSys] in Side^Full assembly-2
2026-04-16 19:19:54,994 INFO  ExportHelperExtension.cs: 1125 - Retrieving features of type [CoordSys] from Topplates^Full assembly-2
2026-04-16 19:19:54,994 INFO  ExportHelperExtension.cs: 1136 - Found 28 in Topplates^Full assembly-2
2026-04-16 19:19:54,994 INFO  ExportHelperExtension.cs: 1145 - Found 0 features of type [CoordSys] in Topplates^Full assembly-2
2026-04-16 19:19:54,994 INFO  ExportHelperExtension.cs: 1125 - Retrieving features of type [CoordSys] from 90degree angle bracket 30x30-8(M6)-61
2026-04-16 19:19:54,994 INFO  ExportHelperExtension.cs: 1136 - Found 36 in 90degree angle bracket 30x30-8(M6)-61
2026-04-16 19:19:54,994 INFO  ExportHelperExtension.cs: 1145 - Found 0 features of type [CoordSys] in 90degree angle bracket 30x30-8(M6)-61
2026-04-16 19:19:54,994 INFO  ExportHelperExtension.cs: 1125 - Retrieving features of type [CoordSys] from 90degree angle bracket 30x30-8(M6)-62
2026-04-16 19:19:54,994 INFO  ExportHelperExtension.cs: 1136 - Found 36 in 90degree angle bracket 30x30-8(M6)-62
2026-04-16 19:19:54,994 INFO  ExportHelperExtension.cs: 1145 - Found 0 features of type [CoordSys] in 90degree angle bracket 30x30-8(M6)-62
2026-04-16 19:19:54,994 INFO  ExportHelperExtension.cs: 1125 - Retrieving features of type [CoordSys] from 90degree angle bracket 30x30-8(M6)-60
2026-04-16 19:19:54,994 INFO  ExportHelperExtension.cs: 1136 - Found 36 in 90degree angle bracket 30x30-8(M6)-60
2026-04-16 19:19:54,994 INFO  ExportHelperExtension.cs: 1145 - Found 0 features of type [CoordSys] in 90degree angle bracket 30x30-8(M6)-60
2026-04-16 19:19:54,994 INFO  ExportHelperExtension.cs: 1125 - Retrieving features of type [CoordSys] from 90degree angle bracket 30x30-8(M6)-65
2026-04-16 19:19:54,994 INFO  ExportHelperExtension.cs: 1136 - Found 36 in 90degree angle bracket 30x30-8(M6)-65
2026-04-16 19:19:54,994 INFO  ExportHelperExtension.cs: 1145 - Found 0 features of type [CoordSys] in 90degree angle bracket 30x30-8(M6)-65
2026-04-16 19:19:54,994 INFO  ExportHelperExtension.cs: 1125 - Retrieving features of type [CoordSys] from Sideplate^Full assembly-2
2026-04-16 19:19:54,994 INFO  ExportHelperExtension.cs: 1136 - Found 27 in Sideplate^Full assembly-2
2026-04-16 19:19:54,994 INFO  ExportHelperExtension.cs: 1145 - Found 0 features of type [CoordSys] in Sideplate^Full assembly-2
2026-04-16 19:19:54,994 INFO  ExportHelperExtension.cs: 1125 - Retrieving features of type [CoordSys] from MirrorHC-SR04-5
2026-04-16 19:19:54,994 INFO  ExportHelperExtension.cs: 1136 - Found 34 in MirrorHC-SR04-5
2026-04-16 19:19:54,994 INFO  ExportHelperExtension.cs: 1145 - Found 0 features of type [CoordSys] in MirrorHC-SR04-5
2026-04-16 19:19:54,994 INFO  ExportHelperExtension.cs: 1125 - Retrieving features of type [CoordSys] from 90degree angle bracket 30x30-8(M6)-64
2026-04-16 19:19:54,994 INFO  ExportHelperExtension.cs: 1136 - Found 36 in 90degree angle bracket 30x30-8(M6)-64
2026-04-16 19:19:54,994 INFO  ExportHelperExtension.cs: 1145 - Found 0 features of type [CoordSys] in 90degree angle bracket 30x30-8(M6)-64
2026-04-16 19:19:54,994 INFO  ExportHelperExtension.cs: 1125 - Retrieving features of type [CoordSys] from MirrorSideplate^Full assembly-3
2026-04-16 19:19:54,994 INFO  ExportHelperExtension.cs: 1136 - Found 34 in MirrorSideplate^Full assembly-3
2026-04-16 19:19:54,994 INFO  ExportHelperExtension.cs: 1145 - Found 0 features of type [CoordSys] in MirrorSideplate^Full assembly-3
2026-04-16 19:19:54,994 INFO  ExportHelperExtension.cs: 1125 - Retrieving features of type [CoordSys] from HC-SR04-4
2026-04-16 19:19:54,994 INFO  ExportHelperExtension.cs: 1136 - Found 169 in HC-SR04-4
2026-04-16 19:19:54,994 INFO  ExportHelperExtension.cs: 1145 - Found 0 features of type [CoordSys] in HC-SR04-4
2026-04-16 19:19:54,994 INFO  ExportHelperExtension.cs: 1125 - Retrieving features of type [CoordSys] from BSB 30x30-8 162mm-3
2026-04-16 19:19:55,005 INFO  ExportHelperExtension.cs: 1136 - Found 25 in BSB 30x30-8 162mm-3
2026-04-16 19:19:55,005 INFO  ExportHelperExtension.cs: 1145 - Found 0 features of type [CoordSys] in BSB 30x30-8 162mm-3
2026-04-16 19:19:55,005 INFO  ExportHelperExtension.cs: 1125 - Retrieving features of type [CoordSys] from CB3914895EA-50Ah Cell-1
2026-04-16 19:19:55,005 INFO  ExportHelperExtension.cs: 1136 - Found 74 in CB3914895EA-50Ah Cell-1
2026-04-16 19:19:55,005 INFO  ExportHelperExtension.cs: 1145 - Found 0 features of type [CoordSys] in CB3914895EA-50Ah Cell-1
2026-04-16 19:19:55,005 INFO  ExportHelperExtension.cs: 1125 - Retrieving features of type [CoordSys] from BSB 30x30-8 324mm-1
2026-04-16 19:19:55,005 INFO  ExportHelperExtension.cs: 1136 - Found 25 in BSB 30x30-8 324mm-1
2026-04-16 19:19:55,005 INFO  ExportHelperExtension.cs: 1145 - Found 0 features of type [CoordSys] in BSB 30x30-8 324mm-1
2026-04-16 19:19:55,005 INFO  ExportHelperExtension.cs: 1125 - Retrieving features of type [CoordSys] from BSB 30x30-8 324mm-2
2026-04-16 19:19:55,005 INFO  ExportHelperExtension.cs: 1136 - Found 25 in BSB 30x30-8 324mm-2
2026-04-16 19:19:55,005 INFO  ExportHelperExtension.cs: 1145 - Found 0 features of type [CoordSys] in BSB 30x30-8 324mm-2
2026-04-16 19:19:55,005 INFO  ExportHelperExtension.cs: 1125 - Retrieving features of type [CoordSys] from BSB 30x30-8 262mm-2
2026-04-16 19:19:55,005 INFO  ExportHelperExtension.cs: 1136 - Found 25 in BSB 30x30-8 262mm-2
2026-04-16 19:19:55,005 INFO  ExportHelperExtension.cs: 1145 - Found 0 features of type [CoordSys] in BSB 30x30-8 262mm-2
2026-04-16 19:19:55,005 INFO  ExportHelperExtension.cs: 1125 - Retrieving features of type [CoordSys] from BSB 30x30-8 262mm-1
2026-04-16 19:19:55,005 INFO  ExportHelperExtension.cs: 1136 - Found 25 in BSB 30x30-8 262mm-1
2026-04-16 19:19:55,005 INFO  ExportHelperExtension.cs: 1145 - Found 0 features of type [CoordSys] in BSB 30x30-8 262mm-1
2026-04-16 19:19:55,005 INFO  ExportHelperExtension.cs: 1125 - Retrieving features of type [CoordSys] from BSB 30x30-8 444mm-4
2026-04-16 19:19:55,005 INFO  ExportHelperExtension.cs: 1136 - Found 25 in BSB 30x30-8 444mm-4
2026-04-16 19:19:55,005 INFO  ExportHelperExtension.cs: 1145 - Found 0 features of type [CoordSys] in BSB 30x30-8 444mm-4
2026-04-16 19:19:55,005 INFO  ExportHelperExtension.cs: 1125 - Retrieving features of type [CoordSys] from BSB 30x30-8 444mm-7
2026-04-16 19:19:55,005 INFO  ExportHelperExtension.cs: 1136 - Found 25 in BSB 30x30-8 444mm-7
2026-04-16 19:19:55,005 INFO  ExportHelperExtension.cs: 1145 - Found 0 features of type [CoordSys] in BSB 30x30-8 444mm-7
2026-04-16 19:19:55,005 INFO  ExportHelperExtension.cs: 1125 - Retrieving features of type [CoordSys] from BSB 30x30-8 162mm-1
2026-04-16 19:19:55,005 INFO  ExportHelperExtension.cs: 1136 - Found 25 in BSB 30x30-8 162mm-1
2026-04-16 19:19:55,005 INFO  ExportHelperExtension.cs: 1145 - Found 0 features of type [CoordSys] in BSB 30x30-8 162mm-1
2026-04-16 19:19:55,005 INFO  ExportHelperExtension.cs: 1125 - Retrieving features of type [CoordSys] from BSB 30x30-8 322mm (tapped ends)-1
2026-04-16 19:19:55,005 INFO  ExportHelperExtension.cs: 1136 - Found 25 in BSB 30x30-8 322mm (tapped ends)-1
2026-04-16 19:19:55,005 INFO  ExportHelperExtension.cs: 1145 - Found 0 features of type [CoordSys] in BSB 30x30-8 322mm (tapped ends)-1
2026-04-16 19:19:55,005 INFO  ExportHelperExtension.cs: 1125 - Retrieving features of type [CoordSys] from BSB 30x30-8 162mm-4
2026-04-16 19:19:55,005 INFO  ExportHelperExtension.cs: 1136 - Found 25 in BSB 30x30-8 162mm-4
2026-04-16 19:19:55,005 INFO  ExportHelperExtension.cs: 1145 - Found 0 features of type [CoordSys] in BSB 30x30-8 162mm-4
2026-04-16 19:19:55,005 INFO  ExportHelperExtension.cs: 1125 - Retrieving features of type [CoordSys] from BSB 30x30-8 162mm-7
2026-04-16 19:19:55,005 INFO  ExportHelperExtension.cs: 1136 - Found 25 in BSB 30x30-8 162mm-7
2026-04-16 19:19:55,005 INFO  ExportHelperExtension.cs: 1145 - Found 0 features of type [CoordSys] in BSB 30x30-8 162mm-7
2026-04-16 19:19:55,005 INFO  ExportHelperExtension.cs: 1125 - Retrieving features of type [CoordSys] from BSB 30x30-8 90mm-4
2026-04-16 19:19:55,005 INFO  ExportHelperExtension.cs: 1136 - Found 25 in BSB 30x30-8 90mm-4
2026-04-16 19:19:55,005 INFO  ExportHelperExtension.cs: 1145 - Found 0 features of type [CoordSys] in BSB 30x30-8 90mm-4
2026-04-16 19:19:55,005 INFO  ExportHelperExtension.cs: 1125 - Retrieving features of type [CoordSys] from BSB 30x30-8 162mm-14
2026-04-16 19:19:55,005 INFO  ExportHelperExtension.cs: 1136 - Found 25 in BSB 30x30-8 162mm-14
2026-04-16 19:19:55,005 INFO  ExportHelperExtension.cs: 1145 - Found 0 features of type [CoordSys] in BSB 30x30-8 162mm-14
2026-04-16 19:19:55,005 INFO  ExportHelperExtension.cs: 1125 - Retrieving features of type [CoordSys] from BSB 30x30-8 90mm-2
2026-04-16 19:19:55,005 INFO  ExportHelperExtension.cs: 1136 - Found 25 in BSB 30x30-8 90mm-2
2026-04-16 19:19:55,005 INFO  ExportHelperExtension.cs: 1145 - Found 0 features of type [CoordSys] in BSB 30x30-8 90mm-2
2026-04-16 19:19:55,005 INFO  ExportHelperExtension.cs: 1125 - Retrieving features of type [CoordSys] from BSB 30x30-8 90mm-3
2026-04-16 19:19:55,005 INFO  ExportHelperExtension.cs: 1136 - Found 25 in BSB 30x30-8 90mm-3
2026-04-16 19:19:55,005 INFO  ExportHelperExtension.cs: 1145 - Found 0 features of type [CoordSys] in BSB 30x30-8 90mm-3
2026-04-16 19:19:55,005 INFO  ExportHelperExtension.cs: 1125 - Retrieving features of type [CoordSys] from BSB 30x30-8 162mm-5
2026-04-16 19:19:55,005 INFO  ExportHelperExtension.cs: 1136 - Found 25 in BSB 30x30-8 162mm-5
2026-04-16 19:19:55,005 INFO  ExportHelperExtension.cs: 1145 - Found 0 features of type [CoordSys] in BSB 30x30-8 162mm-5
2026-04-16 19:19:55,005 INFO  ExportHelperExtension.cs: 1125 - Retrieving features of type [CoordSys] from BSB 30x30-8 322mm (tapped ends)-2
2026-04-16 19:19:55,005 INFO  ExportHelperExtension.cs: 1136 - Found 25 in BSB 30x30-8 322mm (tapped ends)-2
2026-04-16 19:19:55,005 INFO  ExportHelperExtension.cs: 1145 - Found 0 features of type [CoordSys] in BSB 30x30-8 322mm (tapped ends)-2
2026-04-16 19:19:55,005 INFO  ExportHelperExtension.cs: 1125 - Retrieving features of type [CoordSys] from BSB 30x30-8 162mm-6
2026-04-16 19:19:55,005 INFO  ExportHelperExtension.cs: 1136 - Found 25 in BSB 30x30-8 162mm-6
2026-04-16 19:19:55,005 INFO  ExportHelperExtension.cs: 1145 - Found 0 features of type [CoordSys] in BSB 30x30-8 162mm-6
2026-04-16 19:19:55,005 INFO  ExportHelperExtension.cs: 1125 - Retrieving features of type [CoordSys] from BSB 30x30-8 162mm-8
2026-04-16 19:19:55,005 INFO  ExportHelperExtension.cs: 1136 - Found 25 in BSB 30x30-8 162mm-8
2026-04-16 19:19:55,005 INFO  ExportHelperExtension.cs: 1145 - Found 0 features of type [CoordSys] in BSB 30x30-8 162mm-8
2026-04-16 19:19:55,005 INFO  ExportHelperExtension.cs: 1125 - Retrieving features of type [CoordSys] from BSB 30x30-8 162mm-9
2026-04-16 19:19:55,005 INFO  ExportHelperExtension.cs: 1136 - Found 25 in BSB 30x30-8 162mm-9
2026-04-16 19:19:55,005 INFO  ExportHelperExtension.cs: 1145 - Found 0 features of type [CoordSys] in BSB 30x30-8 162mm-9
2026-04-16 19:19:55,005 INFO  ExportHelperExtension.cs: 1125 - Retrieving features of type [CoordSys] from 90degree angle bracket 30x30-8(M6)-18
2026-04-16 19:19:55,005 INFO  ExportHelperExtension.cs: 1136 - Found 36 in 90degree angle bracket 30x30-8(M6)-18
2026-04-16 19:19:55,005 INFO  ExportHelperExtension.cs: 1145 - Found 0 features of type [CoordSys] in 90degree angle bracket 30x30-8(M6)-18
2026-04-16 19:19:55,005 INFO  ExportHelperExtension.cs: 1125 - Retrieving features of type [CoordSys] from 90degree angle bracket 30x30-8(M6)-19
2026-04-16 19:19:55,005 INFO  ExportHelperExtension.cs: 1136 - Found 36 in 90degree angle bracket 30x30-8(M6)-19
2026-04-16 19:19:55,021 INFO  ExportHelperExtension.cs: 1145 - Found 0 features of type [CoordSys] in 90degree angle bracket 30x30-8(M6)-19
2026-04-16 19:19:55,021 INFO  ExportHelperExtension.cs: 1125 - Retrieving features of type [CoordSys] from 90degree angle bracket 30x30-8(M6)-22
2026-04-16 19:19:55,021 INFO  ExportHelperExtension.cs: 1136 - Found 36 in 90degree angle bracket 30x30-8(M6)-22
2026-04-16 19:19:55,021 INFO  ExportHelperExtension.cs: 1145 - Found 0 features of type [CoordSys] in 90degree angle bracket 30x30-8(M6)-22
2026-04-16 19:19:55,021 INFO  ExportHelperExtension.cs: 1125 - Retrieving features of type [CoordSys] from 90degree angle bracket 30x30-8(M6)-24
2026-04-16 19:19:55,021 INFO  ExportHelperExtension.cs: 1136 - Found 36 in 90degree angle bracket 30x30-8(M6)-24
2026-04-16 19:19:55,021 INFO  ExportHelperExtension.cs: 1145 - Found 0 features of type [CoordSys] in 90degree angle bracket 30x30-8(M6)-24
2026-04-16 19:19:55,021 INFO  ExportHelperExtension.cs: 1125 - Retrieving features of type [CoordSys] from BSB 30x30-8 262mm-5
2026-04-16 19:19:55,037 INFO  ExportHelperExtension.cs: 1136 - Found 25 in BSB 30x30-8 262mm-5
2026-04-16 19:19:55,037 INFO  ExportHelperExtension.cs: 1145 - Found 0 features of type [CoordSys] in BSB 30x30-8 262mm-5
2026-04-16 19:19:55,037 INFO  ExportHelperExtension.cs: 1125 - Retrieving features of type [CoordSys] from 90degree angle bracket 30x30-8(M6)-27
2026-04-16 19:19:55,037 INFO  ExportHelperExtension.cs: 1136 - Found 36 in 90degree angle bracket 30x30-8(M6)-27
2026-04-16 19:19:55,037 INFO  ExportHelperExtension.cs: 1145 - Found 0 features of type [CoordSys] in 90degree angle bracket 30x30-8(M6)-27
2026-04-16 19:19:55,037 INFO  ExportHelperExtension.cs: 1125 - Retrieving features of type [CoordSys] from BSB 30x30-8 162mm-15
2026-04-16 19:19:55,037 INFO  ExportHelperExtension.cs: 1136 - Found 25 in BSB 30x30-8 162mm-15
2026-04-16 19:19:55,037 INFO  ExportHelperExtension.cs: 1145 - Found 0 features of type [CoordSys] in BSB 30x30-8 162mm-15
2026-04-16 19:19:55,037 INFO  ExportHelperExtension.cs: 1125 - Retrieving features of type [CoordSys] from BSB 30x30-8 684mm-15
2026-04-16 19:19:55,037 INFO  ExportHelperExtension.cs: 1136 - Found 25 in BSB 30x30-8 684mm-15
2026-04-16 19:19:55,037 INFO  ExportHelperExtension.cs: 1145 - Found 0 features of type [CoordSys] in BSB 30x30-8 684mm-15
2026-04-16 19:19:55,037 INFO  ExportHelperExtension.cs: 1125 - Retrieving features of type [CoordSys] from BSB 30x30-8 162mm-16
2026-04-16 19:19:55,037 INFO  ExportHelperExtension.cs: 1136 - Found 25 in BSB 30x30-8 162mm-16
2026-04-16 19:19:55,037 INFO  ExportHelperExtension.cs: 1145 - Found 0 features of type [CoordSys] in BSB 30x30-8 162mm-16
2026-04-16 19:19:55,037 INFO  ExportHelperExtension.cs: 1125 - Retrieving features of type [CoordSys] from BSB 30x30-8 262mm-6
2026-04-16 19:19:55,037 INFO  ExportHelperExtension.cs: 1136 - Found 25 in BSB 30x30-8 262mm-6
2026-04-16 19:19:55,037 INFO  ExportHelperExtension.cs: 1145 - Found 0 features of type [CoordSys] in BSB 30x30-8 262mm-6
2026-04-16 19:19:55,037 INFO  ExportHelperExtension.cs: 1125 - Retrieving features of type [CoordSys] from BSB 30x30-8 324mm-4
2026-04-16 19:19:55,037 INFO  ExportHelperExtension.cs: 1136 - Found 25 in BSB 30x30-8 324mm-4
2026-04-16 19:19:55,037 INFO  ExportHelperExtension.cs: 1145 - Found 0 features of type [CoordSys] in BSB 30x30-8 324mm-4
2026-04-16 19:19:55,037 INFO  ExportHelperExtension.cs: 1125 - Retrieving features of type [CoordSys] from 90degree angle bracket 30x30-8(M6)-20
2026-04-16 19:19:55,037 INFO  ExportHelperExtension.cs: 1136 - Found 36 in 90degree angle bracket 30x30-8(M6)-20
2026-04-16 19:19:55,037 INFO  ExportHelperExtension.cs: 1145 - Found 0 features of type [CoordSys] in 90degree angle bracket 30x30-8(M6)-20
2026-04-16 19:19:55,037 INFO  ExportHelperExtension.cs: 1125 - Retrieving features of type [CoordSys] from 90degree angle bracket 30x30-8(M6)-21
2026-04-16 19:19:55,037 INFO  ExportHelperExtension.cs: 1136 - Found 36 in 90degree angle bracket 30x30-8(M6)-21
2026-04-16 19:19:55,037 INFO  ExportHelperExtension.cs: 1145 - Found 0 features of type [CoordSys] in 90degree angle bracket 30x30-8(M6)-21
2026-04-16 19:19:55,037 INFO  ExportHelperExtension.cs: 1125 - Retrieving features of type [CoordSys] from 90degree angle bracket 30x30-8(M6)-23
2026-04-16 19:19:55,037 INFO  ExportHelperExtension.cs: 1136 - Found 36 in 90degree angle bracket 30x30-8(M6)-23
2026-04-16 19:19:55,037 INFO  ExportHelperExtension.cs: 1145 - Found 0 features of type [CoordSys] in 90degree angle bracket 30x30-8(M6)-23
2026-04-16 19:19:55,037 INFO  ExportHelperExtension.cs: 1125 - Retrieving features of type [CoordSys] from 90degree angle bracket 30x30-8(M6)-25
2026-04-16 19:19:55,037 INFO  ExportHelperExtension.cs: 1136 - Found 36 in 90degree angle bracket 30x30-8(M6)-25
2026-04-16 19:19:55,037 INFO  ExportHelperExtension.cs: 1145 - Found 0 features of type [CoordSys] in 90degree angle bracket 30x30-8(M6)-25
2026-04-16 19:19:55,037 INFO  ExportHelperExtension.cs: 1125 - Retrieving features of type [CoordSys] from 90degree angle bracket 30x30-8(M6)-26
2026-04-16 19:19:55,037 INFO  ExportHelperExtension.cs: 1136 - Found 36 in 90degree angle bracket 30x30-8(M6)-26
2026-04-16 19:19:55,037 INFO  ExportHelperExtension.cs: 1145 - Found 0 features of type [CoordSys] in 90degree angle bracket 30x30-8(M6)-26
2026-04-16 19:19:55,037 INFO  ExportHelperExtension.cs: 1125 - Retrieving features of type [CoordSys] from 90degree angle bracket 30x30-8(M6)-30
2026-04-16 19:19:55,037 INFO  ExportHelperExtension.cs: 1136 - Found 36 in 90degree angle bracket 30x30-8(M6)-30
2026-04-16 19:19:55,037 INFO  ExportHelperExtension.cs: 1145 - Found 0 features of type [CoordSys] in 90degree angle bracket 30x30-8(M6)-30
2026-04-16 19:19:55,037 INFO  ExportHelperExtension.cs: 1125 - Retrieving features of type [CoordSys] from 90degree angle bracket 30x30-8(M6)-31
2026-04-16 19:19:55,037 INFO  ExportHelperExtension.cs: 1136 - Found 36 in 90degree angle bracket 30x30-8(M6)-31
2026-04-16 19:19:55,037 INFO  ExportHelperExtension.cs: 1145 - Found 0 features of type [CoordSys] in 90degree angle bracket 30x30-8(M6)-31
2026-04-16 19:19:55,037 INFO  ExportHelperExtension.cs: 1125 - Retrieving features of type [CoordSys] from 90degree angle bracket 30x30-8(M6)-29
2026-04-16 19:19:55,037 INFO  ExportHelperExtension.cs: 1136 - Found 36 in 90degree angle bracket 30x30-8(M6)-29
2026-04-16 19:19:55,037 INFO  ExportHelperExtension.cs: 1145 - Found 0 features of type [CoordSys] in 90degree angle bracket 30x30-8(M6)-29
2026-04-16 19:19:55,037 INFO  ExportHelperExtension.cs: 1125 - Retrieving features of type [CoordSys] from 90degree angle bracket 30x30-8(M6)-28
2026-04-16 19:19:55,037 INFO  ExportHelperExtension.cs: 1136 - Found 36 in 90degree angle bracket 30x30-8(M6)-28
2026-04-16 19:19:55,037 INFO  ExportHelperExtension.cs: 1145 - Found 0 features of type [CoordSys] in 90degree angle bracket 30x30-8(M6)-28
2026-04-16 19:19:55,037 INFO  ExportHelperExtension.cs: 1125 - Retrieving features of type [CoordSys] from 90degree angle bracket 30x30-8(M6)-32
2026-04-16 19:19:55,037 INFO  ExportHelperExtension.cs: 1136 - Found 36 in 90degree angle bracket 30x30-8(M6)-32
2026-04-16 19:19:55,037 INFO  ExportHelperExtension.cs: 1145 - Found 0 features of type [CoordSys] in 90degree angle bracket 30x30-8(M6)-32
2026-04-16 19:19:55,037 INFO  ExportHelperExtension.cs: 1125 - Retrieving features of type [CoordSys] from 90degree angle bracket 30x30-8(M6)-40
2026-04-16 19:19:55,037 INFO  ExportHelperExtension.cs: 1136 - Found 36 in 90degree angle bracket 30x30-8(M6)-40
2026-04-16 19:19:55,037 INFO  ExportHelperExtension.cs: 1145 - Found 0 features of type [CoordSys] in 90degree angle bracket 30x30-8(M6)-40
2026-04-16 19:19:55,037 INFO  ExportHelperExtension.cs: 1125 - Retrieving features of type [CoordSys] from 90degree angle bracket 30x30-8(M6)-44
2026-04-16 19:19:55,037 INFO  ExportHelperExtension.cs: 1136 - Found 36 in 90degree angle bracket 30x30-8(M6)-44
2026-04-16 19:19:55,037 INFO  ExportHelperExtension.cs: 1145 - Found 0 features of type [CoordSys] in 90degree angle bracket 30x30-8(M6)-44
2026-04-16 19:19:55,037 INFO  ExportHelperExtension.cs: 1125 - Retrieving features of type [CoordSys] from 90degree angle bracket 30x30-8(M6)-42
2026-04-16 19:19:55,037 INFO  ExportHelperExtension.cs: 1136 - Found 36 in 90degree angle bracket 30x30-8(M6)-42
2026-04-16 19:19:55,037 INFO  ExportHelperExtension.cs: 1145 - Found 0 features of type [CoordSys] in 90degree angle bracket 30x30-8(M6)-42
2026-04-16 19:19:55,037 INFO  ExportHelperExtension.cs: 1125 - Retrieving features of type [CoordSys] from 90degree angle bracket 30x30-8(M6)-39
2026-04-16 19:19:55,037 INFO  ExportHelperExtension.cs: 1136 - Found 36 in 90degree angle bracket 30x30-8(M6)-39
2026-04-16 19:19:55,037 INFO  ExportHelperExtension.cs: 1145 - Found 0 features of type [CoordSys] in 90degree angle bracket 30x30-8(M6)-39
2026-04-16 19:19:55,037 INFO  ExportHelperExtension.cs: 1125 - Retrieving features of type [CoordSys] from 90degree angle bracket 30x30-8(M6)-41
2026-04-16 19:19:55,037 INFO  ExportHelperExtension.cs: 1136 - Found 36 in 90degree angle bracket 30x30-8(M6)-41
2026-04-16 19:19:55,037 INFO  ExportHelperExtension.cs: 1145 - Found 0 features of type [CoordSys] in 90degree angle bracket 30x30-8(M6)-41
2026-04-16 19:19:55,037 INFO  ExportHelperExtension.cs: 1125 - Retrieving features of type [CoordSys] from 90degree angle bracket 30x30-8(M6)-38
2026-04-16 19:19:55,053 INFO  ExportHelperExtension.cs: 1136 - Found 36 in 90degree angle bracket 30x30-8(M6)-38
2026-04-16 19:19:55,053 INFO  ExportHelperExtension.cs: 1145 - Found 0 features of type [CoordSys] in 90degree angle bracket 30x30-8(M6)-38
2026-04-16 19:19:55,053 INFO  ExportHelperExtension.cs: 1125 - Retrieving features of type [CoordSys] from 90degree angle bracket 30x30-8(M6)-35
2026-04-16 19:19:55,053 INFO  ExportHelperExtension.cs: 1136 - Found 36 in 90degree angle bracket 30x30-8(M6)-35
2026-04-16 19:19:55,053 INFO  ExportHelperExtension.cs: 1145 - Found 0 features of type [CoordSys] in 90degree angle bracket 30x30-8(M6)-35
2026-04-16 19:19:55,053 INFO  ExportHelperExtension.cs: 1125 - Retrieving features of type [CoordSys] from 90degree angle bracket 30x30-8(M6)-33
2026-04-16 19:19:55,053 INFO  ExportHelperExtension.cs: 1136 - Found 36 in 90degree angle bracket 30x30-8(M6)-33
2026-04-16 19:19:55,053 INFO  ExportHelperExtension.cs: 1145 - Found 0 features of type [CoordSys] in 90degree angle bracket 30x30-8(M6)-33
2026-04-16 19:19:55,053 INFO  ExportHelperExtension.cs: 1125 - Retrieving features of type [CoordSys] from 90degree angle bracket 30x30-8(M6)-34
2026-04-16 19:19:55,053 INFO  ExportHelperExtension.cs: 1136 - Found 36 in 90degree angle bracket 30x30-8(M6)-34
2026-04-16 19:19:55,053 INFO  ExportHelperExtension.cs: 1145 - Found 0 features of type [CoordSys] in 90degree angle bracket 30x30-8(M6)-34
2026-04-16 19:19:55,053 INFO  ExportHelperExtension.cs: 1125 - Retrieving features of type [CoordSys] from 90degree angle bracket 30x30-8(M6)-36
2026-04-16 19:19:55,053 INFO  ExportHelperExtension.cs: 1136 - Found 36 in 90degree angle bracket 30x30-8(M6)-36
2026-04-16 19:19:55,053 INFO  ExportHelperExtension.cs: 1145 - Found 0 features of type [CoordSys] in 90degree angle bracket 30x30-8(M6)-36
2026-04-16 19:19:55,053 INFO  ExportHelperExtension.cs: 1125 - Retrieving features of type [CoordSys] from 90degree angle bracket 30x30-8(M6)-37
2026-04-16 19:19:55,053 INFO  ExportHelperExtension.cs: 1136 - Found 36 in 90degree angle bracket 30x30-8(M6)-37
2026-04-16 19:19:55,053 INFO  ExportHelperExtension.cs: 1145 - Found 0 features of type [CoordSys] in 90degree angle bracket 30x30-8(M6)-37
2026-04-16 19:19:55,053 INFO  ExportHelperExtension.cs: 1125 - Retrieving features of type [CoordSys] from 90degree angle bracket 30x30-8(M6)-43
2026-04-16 19:19:55,053 INFO  ExportHelperExtension.cs: 1136 - Found 36 in 90degree angle bracket 30x30-8(M6)-43
2026-04-16 19:19:55,053 INFO  ExportHelperExtension.cs: 1145 - Found 0 features of type [CoordSys] in 90degree angle bracket 30x30-8(M6)-43
2026-04-16 19:19:55,053 INFO  ExportHelperExtension.cs: 1125 - Retrieving features of type [CoordSys] from 90degree angle bracket 30x30-8(M6)-55
2026-04-16 19:19:55,053 INFO  ExportHelperExtension.cs: 1136 - Found 36 in 90degree angle bracket 30x30-8(M6)-55
2026-04-16 19:19:55,053 INFO  ExportHelperExtension.cs: 1145 - Found 0 features of type [CoordSys] in 90degree angle bracket 30x30-8(M6)-55
2026-04-16 19:19:55,053 INFO  ExportHelperExtension.cs: 1125 - Retrieving features of type [CoordSys] from 90degree angle bracket 30x30-8(M6)-48
2026-04-16 19:19:55,053 INFO  ExportHelperExtension.cs: 1136 - Found 36 in 90degree angle bracket 30x30-8(M6)-48
2026-04-16 19:19:55,053 INFO  ExportHelperExtension.cs: 1145 - Found 0 features of type [CoordSys] in 90degree angle bracket 30x30-8(M6)-48
2026-04-16 19:19:55,053 INFO  ExportHelperExtension.cs: 1125 - Retrieving features of type [CoordSys] from 90degree angle bracket 30x30-8(M6)-51
2026-04-16 19:19:55,053 INFO  ExportHelperExtension.cs: 1136 - Found 36 in 90degree angle bracket 30x30-8(M6)-51
2026-04-16 19:19:55,053 INFO  ExportHelperExtension.cs: 1145 - Found 0 features of type [CoordSys] in 90degree angle bracket 30x30-8(M6)-51
2026-04-16 19:19:55,053 INFO  ExportHelperExtension.cs: 1125 - Retrieving features of type [CoordSys] from 90degree angle bracket 30x30-8(M6)-45
2026-04-16 19:19:55,053 INFO  ExportHelperExtension.cs: 1136 - Found 36 in 90degree angle bracket 30x30-8(M6)-45
2026-04-16 19:19:55,053 INFO  ExportHelperExtension.cs: 1145 - Found 0 features of type [CoordSys] in 90degree angle bracket 30x30-8(M6)-45
2026-04-16 19:19:55,053 INFO  ExportHelperExtension.cs: 1125 - Retrieving features of type [CoordSys] from 90degree angle bracket 30x30-8(M6)-50
2026-04-16 19:19:55,053 INFO  ExportHelperExtension.cs: 1136 - Found 36 in 90degree angle bracket 30x30-8(M6)-50
2026-04-16 19:19:55,053 INFO  ExportHelperExtension.cs: 1145 - Found 0 features of type [CoordSys] in 90degree angle bracket 30x30-8(M6)-50
2026-04-16 19:19:55,053 INFO  ExportHelperExtension.cs: 1125 - Retrieving features of type [CoordSys] from 90degree angle bracket 30x30-8(M6)-46
2026-04-16 19:19:55,053 INFO  ExportHelperExtension.cs: 1136 - Found 36 in 90degree angle bracket 30x30-8(M6)-46
2026-04-16 19:19:55,053 INFO  ExportHelperExtension.cs: 1145 - Found 0 features of type [CoordSys] in 90degree angle bracket 30x30-8(M6)-46
2026-04-16 19:19:55,053 INFO  ExportHelperExtension.cs: 1125 - Retrieving features of type [CoordSys] from 90degree angle bracket 30x30-8(M6)-52
2026-04-16 19:19:55,053 INFO  ExportHelperExtension.cs: 1136 - Found 36 in 90degree angle bracket 30x30-8(M6)-52
2026-04-16 19:19:55,053 INFO  ExportHelperExtension.cs: 1145 - Found 0 features of type [CoordSys] in 90degree angle bracket 30x30-8(M6)-52
2026-04-16 19:19:55,053 INFO  ExportHelperExtension.cs: 1125 - Retrieving features of type [CoordSys] from 90degree angle bracket 30x30-8(M6)-47
2026-04-16 19:19:55,053 INFO  ExportHelperExtension.cs: 1136 - Found 36 in 90degree angle bracket 30x30-8(M6)-47
2026-04-16 19:19:55,053 INFO  ExportHelperExtension.cs: 1145 - Found 0 features of type [CoordSys] in 90degree angle bracket 30x30-8(M6)-47
2026-04-16 19:19:55,053 INFO  ExportHelperExtension.cs: 1125 - Retrieving features of type [CoordSys] from 90degree angle bracket 30x30-8(M6)-49
2026-04-16 19:19:55,053 INFO  ExportHelperExtension.cs: 1136 - Found 36 in 90degree angle bracket 30x30-8(M6)-49
2026-04-16 19:19:55,053 INFO  ExportHelperExtension.cs: 1145 - Found 0 features of type [CoordSys] in 90degree angle bracket 30x30-8(M6)-49
2026-04-16 19:19:55,053 INFO  ExportHelperExtension.cs: 1125 - Retrieving features of type [CoordSys] from 90degree angle bracket 30x30-8(M6)-53
2026-04-16 19:19:55,053 INFO  ExportHelperExtension.cs: 1136 - Found 36 in 90degree angle bracket 30x30-8(M6)-53
2026-04-16 19:19:55,053 INFO  ExportHelperExtension.cs: 1145 - Found 0 features of type [CoordSys] in 90degree angle bracket 30x30-8(M6)-53
2026-04-16 19:19:55,053 INFO  ExportHelperExtension.cs: 1125 - Retrieving features of type [CoordSys] from 90degree angle bracket 30x30-8(M6)-54
2026-04-16 19:19:55,053 INFO  ExportHelperExtension.cs: 1136 - Found 36 in 90degree angle bracket 30x30-8(M6)-54
2026-04-16 19:19:55,053 INFO  ExportHelperExtension.cs: 1145 - Found 0 features of type [CoordSys] in 90degree angle bracket 30x30-8(M6)-54
2026-04-16 19:19:55,053 INFO  ExportHelperExtension.cs: 1125 - Retrieving features of type [CoordSys] from 90degree angle bracket 30x30-8(M6)-56
2026-04-16 19:19:55,053 INFO  ExportHelperExtension.cs: 1136 - Found 36 in 90degree angle bracket 30x30-8(M6)-56
2026-04-16 19:19:55,053 INFO  ExportHelperExtension.cs: 1145 - Found 0 features of type [CoordSys] in 90degree angle bracket 30x30-8(M6)-56
2026-04-16 19:19:55,053 INFO  ExportHelperExtension.cs: 1125 - Retrieving features of type [RefAxis] from Full assembly.SLDASM
2026-04-16 19:19:55,053 INFO  ExportHelperExtension.cs: 1136 - Found 486 in Full assembly.SLDASM
2026-04-16 19:19:55,053 INFO  ExportHelperExtension.cs: 1145 - Found 6 features of type [RefAxis] in Full assembly.SLDASM
2026-04-16 19:19:55,053 INFO  ExportHelperExtension.cs: 1148 - Proceeding through assembly components
2026-04-16 19:19:55,053 INFO  ExportHelperExtension.cs: 1160 - 136 components to check
2026-04-16 19:19:55,053 INFO  ExportHelperExtension.cs: 1125 - Retrieving features of type [RefAxis] from BSB 30x30-8 324mm-3
2026-04-16 19:19:55,053 INFO  ExportHelperExtension.cs: 1136 - Found 25 in BSB 30x30-8 324mm-3
2026-04-16 19:19:55,069 INFO  ExportHelperExtension.cs: 1145 - Found 0 features of type [RefAxis] in BSB 30x30-8 324mm-3
2026-04-16 19:19:55,069 INFO  ExportHelperExtension.cs: 1125 - Retrieving features of type [RefAxis] from wheel assembly-4
2026-04-16 19:19:55,069 INFO  ExportHelperExtension.cs: 1136 - Found 82 in wheel assembly-4
2026-04-16 19:19:55,069 INFO  ExportHelperExtension.cs: 1145 - Found 0 features of type [RefAxis] in wheel assembly-4
2026-04-16 19:19:55,069 INFO  ExportHelperExtension.cs: 1125 - Retrieving features of type [RefAxis] from BSB 30x30-8 90mm-1
2026-04-16 19:19:55,069 INFO  ExportHelperExtension.cs: 1136 - Found 25 in BSB 30x30-8 90mm-1
2026-04-16 19:19:55,069 INFO  ExportHelperExtension.cs: 1145 - Found 0 features of type [RefAxis] in BSB 30x30-8 90mm-1
2026-04-16 19:19:55,069 INFO  ExportHelperExtension.cs: 1125 - Retrieving features of type [RefAxis] from wheel assembly-3
2026-04-16 19:19:55,069 INFO  ExportHelperExtension.cs: 1136 - Found 82 in wheel assembly-3
2026-04-16 19:19:55,069 INFO  ExportHelperExtension.cs: 1145 - Found 0 features of type [RefAxis] in wheel assembly-3
2026-04-16 19:19:55,069 INFO  ExportHelperExtension.cs: 1125 - Retrieving features of type [RefAxis] from BSB 30x30-8 684mm-14
2026-04-16 19:19:55,069 INFO  ExportHelperExtension.cs: 1136 - Found 25 in BSB 30x30-8 684mm-14
2026-04-16 19:19:55,069 INFO  ExportHelperExtension.cs: 1145 - Found 0 features of type [RefAxis] in BSB 30x30-8 684mm-14
2026-04-16 19:19:55,069 INFO  ExportHelperExtension.cs: 1125 - Retrieving features of type [RefAxis] from BSB 30x30-8 262mm-3
2026-04-16 19:19:55,069 INFO  ExportHelperExtension.cs: 1136 - Found 25 in BSB 30x30-8 262mm-3
2026-04-16 19:19:55,069 INFO  ExportHelperExtension.cs: 1145 - Found 0 features of type [RefAxis] in BSB 30x30-8 262mm-3
2026-04-16 19:19:55,069 INFO  ExportHelperExtension.cs: 1125 - Retrieving features of type [RefAxis] from BSB 30x30-8 162mm-10
2026-04-16 19:19:55,069 INFO  ExportHelperExtension.cs: 1136 - Found 25 in BSB 30x30-8 162mm-10
2026-04-16 19:19:55,069 INFO  ExportHelperExtension.cs: 1145 - Found 0 features of type [RefAxis] in BSB 30x30-8 162mm-10
2026-04-16 19:19:55,069 INFO  ExportHelperExtension.cs: 1125 - Retrieving features of type [RefAxis] from 90degree angle bracket 30x30-8(M6)-9
2026-04-16 19:19:55,069 INFO  ExportHelperExtension.cs: 1136 - Found 36 in 90degree angle bracket 30x30-8(M6)-9
2026-04-16 19:19:55,069 INFO  ExportHelperExtension.cs: 1145 - Found 0 features of type [RefAxis] in 90degree angle bracket 30x30-8(M6)-9
2026-04-16 19:19:55,069 INFO  ExportHelperExtension.cs: 1125 - Retrieving features of type [RefAxis] from wheel assembly-1
2026-04-16 19:19:55,069 INFO  ExportHelperExtension.cs: 1136 - Found 82 in wheel assembly-1
2026-04-16 19:19:55,069 INFO  ExportHelperExtension.cs: 1145 - Found 0 features of type [RefAxis] in wheel assembly-1
2026-04-16 19:19:55,069 INFO  ExportHelperExtension.cs: 1125 - Retrieving features of type [RefAxis] from BSB 30x30-8 262mm-4
2026-04-16 19:19:55,069 INFO  ExportHelperExtension.cs: 1136 - Found 25 in BSB 30x30-8 262mm-4
2026-04-16 19:19:55,069 INFO  ExportHelperExtension.cs: 1145 - Found 0 features of type [RefAxis] in BSB 30x30-8 262mm-4
2026-04-16 19:19:55,069 INFO  ExportHelperExtension.cs: 1125 - Retrieving features of type [RefAxis] from 90degree angle bracket 30x30-8(M6)-3
2026-04-16 19:19:55,069 INFO  ExportHelperExtension.cs: 1136 - Found 36 in 90degree angle bracket 30x30-8(M6)-3
2026-04-16 19:19:55,069 INFO  ExportHelperExtension.cs: 1145 - Found 0 features of type [RefAxis] in 90degree angle bracket 30x30-8(M6)-3
2026-04-16 19:19:55,069 INFO  ExportHelperExtension.cs: 1125 - Retrieving features of type [RefAxis] from wheel assembly-2
2026-04-16 19:19:55,085 INFO  ExportHelperExtension.cs: 1136 - Found 82 in wheel assembly-2
2026-04-16 19:19:55,085 INFO  ExportHelperExtension.cs: 1145 - Found 0 features of type [RefAxis] in wheel assembly-2
2026-04-16 19:19:55,085 INFO  ExportHelperExtension.cs: 1125 - Retrieving features of type [RefAxis] from 90degree angle bracket 30x30-8(M6)-1
2026-04-16 19:19:55,085 INFO  ExportHelperExtension.cs: 1136 - Found 36 in 90degree angle bracket 30x30-8(M6)-1
2026-04-16 19:19:55,085 INFO  ExportHelperExtension.cs: 1145 - Found 0 features of type [RefAxis] in 90degree angle bracket 30x30-8(M6)-1
2026-04-16 19:19:55,085 INFO  ExportHelperExtension.cs: 1125 - Retrieving features of type [RefAxis] from 90degree angle bracket 30x30-8(M6)-4
2026-04-16 19:19:55,085 INFO  ExportHelperExtension.cs: 1136 - Found 36 in 90degree angle bracket 30x30-8(M6)-4
2026-04-16 19:19:55,085 INFO  ExportHelperExtension.cs: 1145 - Found 0 features of type [RefAxis] in 90degree angle bracket 30x30-8(M6)-4
2026-04-16 19:19:55,085 INFO  ExportHelperExtension.cs: 1125 - Retrieving features of type [RefAxis] from 90degree angle bracket 30x30-8(M6)-5
2026-04-16 19:19:55,085 INFO  ExportHelperExtension.cs: 1136 - Found 36 in 90degree angle bracket 30x30-8(M6)-5
2026-04-16 19:19:55,085 INFO  ExportHelperExtension.cs: 1145 - Found 0 features of type [RefAxis] in 90degree angle bracket 30x30-8(M6)-5
2026-04-16 19:19:55,085 INFO  ExportHelperExtension.cs: 1125 - Retrieving features of type [RefAxis] from 90degree angle bracket 30x30-8(M6)-7
2026-04-16 19:19:55,085 INFO  ExportHelperExtension.cs: 1136 - Found 36 in 90degree angle bracket 30x30-8(M6)-7
2026-04-16 19:19:55,085 INFO  ExportHelperExtension.cs: 1145 - Found 0 features of type [RefAxis] in 90degree angle bracket 30x30-8(M6)-7
2026-04-16 19:19:55,085 INFO  ExportHelperExtension.cs: 1125 - Retrieving features of type [RefAxis] from 90degree angle bracket 30x30-8(M6)-8
2026-04-16 19:19:55,085 INFO  ExportHelperExtension.cs: 1136 - Found 36 in 90degree angle bracket 30x30-8(M6)-8
2026-04-16 19:19:55,089 INFO  ExportHelperExtension.cs: 1145 - Found 0 features of type [RefAxis] in 90degree angle bracket 30x30-8(M6)-8
2026-04-16 19:19:55,089 INFO  ExportHelperExtension.cs: 1125 - Retrieving features of type [RefAxis] from 90degree angle bracket 30x30-8(M6)-2
2026-04-16 19:19:55,089 INFO  ExportHelperExtension.cs: 1136 - Found 36 in 90degree angle bracket 30x30-8(M6)-2
2026-04-16 19:19:55,089 INFO  ExportHelperExtension.cs: 1145 - Found 0 features of type [RefAxis] in 90degree angle bracket 30x30-8(M6)-2
2026-04-16 19:19:55,089 INFO  ExportHelperExtension.cs: 1125 - Retrieving features of type [RefAxis] from 90degree angle bracket 30x30-8(M6)-14
2026-04-16 19:19:55,089 INFO  ExportHelperExtension.cs: 1136 - Found 36 in 90degree angle bracket 30x30-8(M6)-14
2026-04-16 19:19:55,089 INFO  ExportHelperExtension.cs: 1145 - Found 0 features of type [RefAxis] in 90degree angle bracket 30x30-8(M6)-14
2026-04-16 19:19:55,089 INFO  ExportHelperExtension.cs: 1125 - Retrieving features of type [RefAxis] from 90degree angle bracket 30x30-8(M6)-13
2026-04-16 19:19:55,089 INFO  ExportHelperExtension.cs: 1136 - Found 36 in 90degree angle bracket 30x30-8(M6)-13
2026-04-16 19:19:55,089 INFO  ExportHelperExtension.cs: 1145 - Found 0 features of type [RefAxis] in 90degree angle bracket 30x30-8(M6)-13
2026-04-16 19:19:55,089 INFO  ExportHelperExtension.cs: 1125 - Retrieving features of type [RefAxis] from Front cover^Full assembly-1
2026-04-16 19:19:55,089 INFO  ExportHelperExtension.cs: 1136 - Found 66 in Front cover^Full assembly-1
2026-04-16 19:19:55,089 INFO  ExportHelperExtension.cs: 1145 - Found 0 features of type [RefAxis] in Front cover^Full assembly-1
2026-04-16 19:19:55,089 INFO  ExportHelperExtension.cs: 1125 - Retrieving features of type [RefAxis] from HC-SR04-1
2026-04-16 19:19:55,089 INFO  ExportHelperExtension.cs: 1136 - Found 169 in HC-SR04-1
2026-04-16 19:19:55,089 INFO  ExportHelperExtension.cs: 1145 - Found 0 features of type [RefAxis] in HC-SR04-1
2026-04-16 19:19:55,089 INFO  ExportHelperExtension.cs: 1125 - Retrieving features of type [RefAxis] from 90degree angle bracket 30x30-8(M6)-11
2026-04-16 19:19:55,089 INFO  ExportHelperExtension.cs: 1136 - Found 36 in 90degree angle bracket 30x30-8(M6)-11
2026-04-16 19:19:55,089 INFO  ExportHelperExtension.cs: 1145 - Found 0 features of type [RefAxis] in 90degree angle bracket 30x30-8(M6)-11
2026-04-16 19:19:55,094 INFO  ExportHelperExtension.cs: 1125 - Retrieving features of type [RefAxis] from 90degree angle bracket 30x30-8(M6)-15
2026-04-16 19:19:55,094 INFO  ExportHelperExtension.cs: 1136 - Found 36 in 90degree angle bracket 30x30-8(M6)-15
2026-04-16 19:19:55,094 INFO  ExportHelperExtension.cs: 1145 - Found 0 features of type [RefAxis] in 90degree angle bracket 30x30-8(M6)-15
2026-04-16 19:19:55,094 INFO  ExportHelperExtension.cs: 1125 - Retrieving features of type [RefAxis] from 90degree angle bracket 30x30-8(M6)-17
2026-04-16 19:19:55,094 INFO  ExportHelperExtension.cs: 1136 - Found 36 in 90degree angle bracket 30x30-8(M6)-17
2026-04-16 19:19:55,094 INFO  ExportHelperExtension.cs: 1145 - Found 0 features of type [RefAxis] in 90degree angle bracket 30x30-8(M6)-17
2026-04-16 19:19:55,094 INFO  ExportHelperExtension.cs: 1125 - Retrieving features of type [RefAxis] from DCNLM50NBXX.step-1
2026-04-16 19:19:55,094 INFO  ExportHelperExtension.cs: 1136 - Found 36 in DCNLM50NBXX.step-1
2026-04-16 19:19:55,094 INFO  ExportHelperExtension.cs: 1145 - Found 0 features of type [RefAxis] in DCNLM50NBXX.step-1
2026-04-16 19:19:55,094 INFO  ExportHelperExtension.cs: 1125 - Retrieving features of type [RefAxis] from Side^Full assembly-1
2026-04-16 19:19:55,094 INFO  ExportHelperExtension.cs: 1136 - Found 53 in Side^Full assembly-1
2026-04-16 19:19:55,094 INFO  ExportHelperExtension.cs: 1145 - Found 0 features of type [RefAxis] in Side^Full assembly-1
2026-04-16 19:19:55,094 INFO  ExportHelperExtension.cs: 1125 - Retrieving features of type [RefAxis] from 90degree angle bracket 30x30-8(M6)-12
2026-04-16 19:19:55,094 INFO  ExportHelperExtension.cs: 1136 - Found 36 in 90degree angle bracket 30x30-8(M6)-12
2026-04-16 19:19:55,094 INFO  ExportHelperExtension.cs: 1145 - Found 0 features of type [RefAxis] in 90degree angle bracket 30x30-8(M6)-12
2026-04-16 19:19:55,094 INFO  ExportHelperExtension.cs: 1125 - Retrieving features of type [RefAxis] from 90degree angle bracket 30x30-8(M6)-10
2026-04-16 19:19:55,094 INFO  ExportHelperExtension.cs: 1136 - Found 36 in 90degree angle bracket 30x30-8(M6)-10
2026-04-16 19:19:55,094 INFO  ExportHelperExtension.cs: 1145 - Found 0 features of type [RefAxis] in 90degree angle bracket 30x30-8(M6)-10
2026-04-16 19:19:55,094 INFO  ExportHelperExtension.cs: 1125 - Retrieving features of type [RefAxis] from 90degree angle bracket 30x30-8(M6)-16
2026-04-16 19:19:55,094 INFO  ExportHelperExtension.cs: 1136 - Found 36 in 90degree angle bracket 30x30-8(M6)-16
2026-04-16 19:19:55,094 INFO  ExportHelperExtension.cs: 1145 - Found 0 features of type [RefAxis] in 90degree angle bracket 30x30-8(M6)-16
2026-04-16 19:19:55,094 INFO  ExportHelperExtension.cs: 1125 - Retrieving features of type [RefAxis] from D435IF without cover-1
2026-04-16 19:19:55,094 INFO  ExportHelperExtension.cs: 1136 - Found 27 in D435IF without cover-1
2026-04-16 19:19:55,094 INFO  ExportHelperExtension.cs: 1145 - Found 0 features of type [RefAxis] in D435IF without cover-1
2026-04-16 19:19:55,094 INFO  ExportHelperExtension.cs: 1125 - Retrieving features of type [RefAxis] from YDLiDAR T-mini Plus-1
2026-04-16 19:19:55,094 INFO  ExportHelperExtension.cs: 1136 - Found 25 in YDLiDAR T-mini Plus-1
2026-04-16 19:19:55,094 INFO  ExportHelperExtension.cs: 1145 - Found 0 features of type [RefAxis] in YDLiDAR T-mini Plus-1
2026-04-16 19:19:55,094 INFO  ExportHelperExtension.cs: 1125 - Retrieving features of type [RefAxis] from HC-SR04-3
2026-04-16 19:19:55,101 INFO  ExportHelperExtension.cs: 1136 - Found 169 in HC-SR04-3
2026-04-16 19:19:55,101 INFO  ExportHelperExtension.cs: 1145 - Found 0 features of type [RefAxis] in HC-SR04-3
2026-04-16 19:19:55,101 INFO  ExportHelperExtension.cs: 1125 - Retrieving features of type [RefAxis] from Sideplate^Full assembly-1
2026-04-16 19:19:55,101 INFO  ExportHelperExtension.cs: 1136 - Found 27 in Sideplate^Full assembly-1
2026-04-16 19:19:55,101 INFO  ExportHelperExtension.cs: 1145 - Found 0 features of type [RefAxis] in Sideplate^Full assembly-1
2026-04-16 19:19:55,101 INFO  ExportHelperExtension.cs: 1125 - Retrieving features of type [RefAxis] from Topplates^Full assembly-1
2026-04-16 19:19:55,101 INFO  ExportHelperExtension.cs: 1136 - Found 28 in Topplates^Full assembly-1
2026-04-16 19:19:55,101 INFO  ExportHelperExtension.cs: 1145 - Found 0 features of type [RefAxis] in Topplates^Full assembly-1
2026-04-16 19:19:55,101 INFO  ExportHelperExtension.cs: 1125 - Retrieving features of type [RefAxis] from RearCover^Full assembly-2
2026-04-16 19:19:55,101 INFO  ExportHelperExtension.cs: 1136 - Found 66 in RearCover^Full assembly-2
2026-04-16 19:19:55,101 INFO  ExportHelperExtension.cs: 1145 - Found 0 features of type [RefAxis] in RearCover^Full assembly-2
2026-04-16 19:19:55,101 INFO  ExportHelperExtension.cs: 1125 - Retrieving features of type [RefAxis] from 50wr5j cement resistor.step-3
2026-04-16 19:19:55,101 INFO  ExportHelperExtension.cs: 1136 - Found 36 in 50wr5j cement resistor.step-3
2026-04-16 19:19:55,101 INFO  ExportHelperExtension.cs: 1145 - Found 0 features of type [RefAxis] in 50wr5j cement resistor.step-3
2026-04-16 19:19:55,101 INFO  ExportHelperExtension.cs: 1125 - Retrieving features of type [RefAxis] from 50wr5j cement resistor.step-4
2026-04-16 19:19:55,101 INFO  ExportHelperExtension.cs: 1136 - Found 36 in 50wr5j cement resistor.step-4
2026-04-16 19:19:55,101 INFO  ExportHelperExtension.cs: 1145 - Found 0 features of type [RefAxis] in 50wr5j cement resistor.step-4
2026-04-16 19:19:55,101 INFO  ExportHelperExtension.cs: 1125 - Retrieving features of type [RefAxis] from JK-BD6A20S10P (1)-1
2026-04-16 19:19:55,101 INFO  ExportHelperExtension.cs: 1136 - Found 41 in JK-BD6A20S10P (1)-1
2026-04-16 19:19:55,101 INFO  ExportHelperExtension.cs: 1145 - Found 0 features of type [RefAxis] in JK-BD6A20S10P (1)-1
2026-04-16 19:19:55,101 INFO  ExportHelperExtension.cs: 1125 - Retrieving features of type [RefAxis] from D435IF without cover-2
2026-04-16 19:19:55,101 INFO  ExportHelperExtension.cs: 1136 - Found 27 in D435IF without cover-2
2026-04-16 19:19:55,101 INFO  ExportHelperExtension.cs: 1145 - Found 0 features of type [RefAxis] in D435IF without cover-2
2026-04-16 19:19:55,101 INFO  ExportHelperExtension.cs: 1125 - Retrieving features of type [RefAxis] from 20-60v 12v 3a converter-1
2026-04-16 19:19:55,101 INFO  ExportHelperExtension.cs: 1136 - Found 33 in 20-60v 12v 3a converter-1
2026-04-16 19:19:55,101 INFO  ExportHelperExtension.cs: 1145 - Found 0 features of type [RefAxis] in 20-60v 12v 3a converter-1
2026-04-16 19:19:55,101 INFO  ExportHelperExtension.cs: 1125 - Retrieving features of type [RefAxis] from 50wr5j cement resistor.step-1
2026-04-16 19:19:55,101 INFO  ExportHelperExtension.cs: 1136 - Found 36 in 50wr5j cement resistor.step-1
2026-04-16 19:19:55,101 INFO  ExportHelperExtension.cs: 1145 - Found 0 features of type [RefAxis] in 50wr5j cement resistor.step-1
2026-04-16 19:19:55,101 INFO  ExportHelperExtension.cs: 1125 - Retrieving features of type [RefAxis] from Littelfuse-Solenoids-Relays-DCNEV250-Series-3D Model.step-1
2026-04-16 19:19:55,101 INFO  ExportHelperExtension.cs: 1136 - Found 36 in Littelfuse-Solenoids-Relays-DCNEV250-Series-3D Model.step-1
2026-04-16 19:19:55,101 INFO  ExportHelperExtension.cs: 1145 - Found 0 features of type [RefAxis] in Littelfuse-Solenoids-Relays-DCNEV250-Series-3D Model.step-1
2026-04-16 19:19:55,101 INFO  ExportHelperExtension.cs: 1125 - Retrieving features of type [RefAxis] from Jetsonorin-1
2026-04-16 19:19:55,101 INFO  ExportHelperExtension.cs: 1136 - Found 471 in Jetsonorin-1
2026-04-16 19:19:55,101 INFO  ExportHelperExtension.cs: 1145 - Found 0 features of type [RefAxis] in Jetsonorin-1
2026-04-16 19:19:55,101 INFO  ExportHelperExtension.cs: 1125 - Retrieving features of type [RefAxis] from Acer USB Hub-1
2026-04-16 19:19:55,101 INFO  ExportHelperExtension.cs: 1136 - Found 42 in Acer USB Hub-1
2026-04-16 19:19:55,101 INFO  ExportHelperExtension.cs: 1145 - Found 0 features of type [RefAxis] in Acer USB Hub-1
2026-04-16 19:19:55,101 INFO  ExportHelperExtension.cs: 1125 - Retrieving features of type [RefAxis] from ADAFRUIT bno085 IMU-1
2026-04-16 19:19:55,101 INFO  ExportHelperExtension.cs: 1136 - Found 123 in ADAFRUIT bno085 IMU-1
2026-04-16 19:19:55,101 INFO  ExportHelperExtension.cs: 1145 - Found 0 features of type [RefAxis] in ADAFRUIT bno085 IMU-1
2026-04-16 19:19:55,101 INFO  ExportHelperExtension.cs: 1125 - Retrieving features of type [RefAxis] from Part3^Full assembly-1
2026-04-16 19:19:55,101 INFO  ExportHelperExtension.cs: 1136 - Found 57 in Part3^Full assembly-1
2026-04-16 19:19:55,101 INFO  ExportHelperExtension.cs: 1145 - Found 0 features of type [RefAxis] in Part3^Full assembly-1
2026-04-16 19:19:55,101 INFO  ExportHelperExtension.cs: 1125 - Retrieving features of type [RefAxis] from 50wr5j cement resistor.step-2
2026-04-16 19:19:55,101 INFO  ExportHelperExtension.cs: 1136 - Found 36 in 50wr5j cement resistor.step-2
2026-04-16 19:19:55,101 INFO  ExportHelperExtension.cs: 1145 - Found 0 features of type [RefAxis] in 50wr5j cement resistor.step-2
2026-04-16 19:19:55,101 INFO  ExportHelperExtension.cs: 1125 - Retrieving features of type [RefAxis] from Part256^Full assembly-1
2026-04-16 19:19:55,101 INFO  ExportHelperExtension.cs: 1136 - Found 59 in Part256^Full assembly-1
2026-04-16 19:19:55,101 INFO  ExportHelperExtension.cs: 1145 - Found 0 features of type [RefAxis] in Part256^Full assembly-1
2026-04-16 19:19:55,101 INFO  ExportHelperExtension.cs: 1125 - Retrieving features of type [RefAxis] from robosense airy.step-1
2026-04-16 19:19:55,101 INFO  ExportHelperExtension.cs: 1136 - Found 23 in robosense airy.step-1
2026-04-16 19:19:55,101 INFO  ExportHelperExtension.cs: 1145 - Found 0 features of type [RefAxis] in robosense airy.step-1
2026-04-16 19:19:55,101 INFO  ExportHelperExtension.cs: 1125 - Retrieving features of type [RefAxis] from HC-SR04-5
2026-04-16 19:19:55,101 INFO  ExportHelperExtension.cs: 1136 - Found 169 in HC-SR04-5
2026-04-16 19:19:55,101 INFO  ExportHelperExtension.cs: 1145 - Found 0 features of type [RefAxis] in HC-SR04-5
2026-04-16 19:19:55,116 INFO  ExportHelperExtension.cs: 1125 - Retrieving features of type [RefAxis] from front plates v2^Full assembly-1
2026-04-16 19:19:55,116 INFO  ExportHelperExtension.cs: 1136 - Found 79 in front plates v2^Full assembly-1
2026-04-16 19:19:55,116 INFO  ExportHelperExtension.cs: 1145 - Found 0 features of type [RefAxis] in front plates v2^Full assembly-1
2026-04-16 19:19:55,116 INFO  ExportHelperExtension.cs: 1125 - Retrieving features of type [RefAxis] from 80x80x25 9 blade fan.STEP-1
2026-04-16 19:19:55,116 INFO  ExportHelperExtension.cs: 1136 - Found 24 in 80x80x25 9 blade fan.STEP-1
2026-04-16 19:19:55,116 INFO  ExportHelperExtension.cs: 1145 - Found 0 features of type [RefAxis] in 80x80x25 9 blade fan.STEP-1
2026-04-16 19:19:55,116 INFO  ExportHelperExtension.cs: 1125 - Retrieving features of type [RefAxis] from 90degree angle bracket 30x30-8(M6)-58
2026-04-16 19:19:55,116 INFO  ExportHelperExtension.cs: 1136 - Found 36 in 90degree angle bracket 30x30-8(M6)-58
2026-04-16 19:19:55,116 INFO  ExportHelperExtension.cs: 1145 - Found 0 features of type [RefAxis] in 90degree angle bracket 30x30-8(M6)-58
2026-04-16 19:19:55,116 INFO  ExportHelperExtension.cs: 1125 - Retrieving features of type [RefAxis] from 90degree angle bracket 30x30-8(M6)-59
2026-04-16 19:19:55,116 INFO  ExportHelperExtension.cs: 1136 - Found 36 in 90degree angle bracket 30x30-8(M6)-59
2026-04-16 19:19:55,116 INFO  ExportHelperExtension.cs: 1145 - Found 0 features of type [RefAxis] in 90degree angle bracket 30x30-8(M6)-59
2026-04-16 19:19:55,116 INFO  ExportHelperExtension.cs: 1125 - Retrieving features of type [RefAxis] from 90degree angle bracket 30x30-8(M6)-57
2026-04-16 19:19:55,116 INFO  ExportHelperExtension.cs: 1136 - Found 36 in 90degree angle bracket 30x30-8(M6)-57
2026-04-16 19:19:55,116 INFO  ExportHelperExtension.cs: 1145 - Found 0 features of type [RefAxis] in 90degree angle bracket 30x30-8(M6)-57
2026-04-16 19:19:55,116 INFO  ExportHelperExtension.cs: 1125 - Retrieving features of type [RefAxis] from 90degree angle bracket 30x30-8(M6)-63
2026-04-16 19:19:55,116 INFO  ExportHelperExtension.cs: 1136 - Found 36 in 90degree angle bracket 30x30-8(M6)-63
2026-04-16 19:19:55,116 INFO  ExportHelperExtension.cs: 1145 - Found 0 features of type [RefAxis] in 90degree angle bracket 30x30-8(M6)-63
2026-04-16 19:19:55,116 INFO  ExportHelperExtension.cs: 1125 - Retrieving features of type [RefAxis] from YDLiDAR T-mini Plus-3
2026-04-16 19:19:55,116 INFO  ExportHelperExtension.cs: 1136 - Found 25 in YDLiDAR T-mini Plus-3
2026-04-16 19:19:55,116 INFO  ExportHelperExtension.cs: 1145 - Found 0 features of type [RefAxis] in YDLiDAR T-mini Plus-3
2026-04-16 19:19:55,116 INFO  ExportHelperExtension.cs: 1125 - Retrieving features of type [RefAxis] from Sideplate^Full assembly-3
2026-04-16 19:19:55,116 INFO  ExportHelperExtension.cs: 1136 - Found 27 in Sideplate^Full assembly-3
2026-04-16 19:19:55,116 INFO  ExportHelperExtension.cs: 1145 - Found 0 features of type [RefAxis] in Sideplate^Full assembly-3
2026-04-16 19:19:55,116 INFO  ExportHelperExtension.cs: 1125 - Retrieving features of type [RefAxis] from Side^Full assembly-2
2026-04-16 19:19:55,116 INFO  ExportHelperExtension.cs: 1136 - Found 53 in Side^Full assembly-2
2026-04-16 19:19:55,116 INFO  ExportHelperExtension.cs: 1145 - Found 0 features of type [RefAxis] in Side^Full assembly-2
2026-04-16 19:19:55,116 INFO  ExportHelperExtension.cs: 1125 - Retrieving features of type [RefAxis] from Topplates^Full assembly-2
2026-04-16 19:19:55,116 INFO  ExportHelperExtension.cs: 1136 - Found 28 in Topplates^Full assembly-2
2026-04-16 19:19:55,116 INFO  ExportHelperExtension.cs: 1145 - Found 0 features of type [RefAxis] in Topplates^Full assembly-2
2026-04-16 19:19:55,116 INFO  ExportHelperExtension.cs: 1125 - Retrieving features of type [RefAxis] from 90degree angle bracket 30x30-8(M6)-61
2026-04-16 19:19:55,116 INFO  ExportHelperExtension.cs: 1136 - Found 36 in 90degree angle bracket 30x30-8(M6)-61
2026-04-16 19:19:55,116 INFO  ExportHelperExtension.cs: 1145 - Found 0 features of type [RefAxis] in 90degree angle bracket 30x30-8(M6)-61
2026-04-16 19:19:55,116 INFO  ExportHelperExtension.cs: 1125 - Retrieving features of type [RefAxis] from 90degree angle bracket 30x30-8(M6)-62
2026-04-16 19:19:55,116 INFO  ExportHelperExtension.cs: 1136 - Found 36 in 90degree angle bracket 30x30-8(M6)-62
2026-04-16 19:19:55,116 INFO  ExportHelperExtension.cs: 1145 - Found 0 features of type [RefAxis] in 90degree angle bracket 30x30-8(M6)-62
2026-04-16 19:19:55,116 INFO  ExportHelperExtension.cs: 1125 - Retrieving features of type [RefAxis] from 90degree angle bracket 30x30-8(M6)-60
2026-04-16 19:19:55,116 INFO  ExportHelperExtension.cs: 1136 - Found 36 in 90degree angle bracket 30x30-8(M6)-60
2026-04-16 19:19:55,116 INFO  ExportHelperExtension.cs: 1145 - Found 0 features of type [RefAxis] in 90degree angle bracket 30x30-8(M6)-60
2026-04-16 19:19:55,116 INFO  ExportHelperExtension.cs: 1125 - Retrieving features of type [RefAxis] from 90degree angle bracket 30x30-8(M6)-65
2026-04-16 19:19:55,116 INFO  ExportHelperExtension.cs: 1136 - Found 36 in 90degree angle bracket 30x30-8(M6)-65
2026-04-16 19:19:55,116 INFO  ExportHelperExtension.cs: 1145 - Found 0 features of type [RefAxis] in 90degree angle bracket 30x30-8(M6)-65
2026-04-16 19:19:55,116 INFO  ExportHelperExtension.cs: 1125 - Retrieving features of type [RefAxis] from Sideplate^Full assembly-2
2026-04-16 19:19:55,132 INFO  ExportHelperExtension.cs: 1136 - Found 27 in Sideplate^Full assembly-2
2026-04-16 19:19:55,132 INFO  ExportHelperExtension.cs: 1145 - Found 0 features of type [RefAxis] in Sideplate^Full assembly-2
2026-04-16 19:19:55,132 INFO  ExportHelperExtension.cs: 1125 - Retrieving features of type [RefAxis] from MirrorHC-SR04-5
2026-04-16 19:19:55,132 INFO  ExportHelperExtension.cs: 1136 - Found 34 in MirrorHC-SR04-5
2026-04-16 19:19:55,132 INFO  ExportHelperExtension.cs: 1145 - Found 0 features of type [RefAxis] in MirrorHC-SR04-5
2026-04-16 19:19:55,132 INFO  ExportHelperExtension.cs: 1125 - Retrieving features of type [RefAxis] from 90degree angle bracket 30x30-8(M6)-64
2026-04-16 19:19:55,132 INFO  ExportHelperExtension.cs: 1136 - Found 36 in 90degree angle bracket 30x30-8(M6)-64
2026-04-16 19:19:55,132 INFO  ExportHelperExtension.cs: 1145 - Found 0 features of type [RefAxis] in 90degree angle bracket 30x30-8(M6)-64
2026-04-16 19:19:55,132 INFO  ExportHelperExtension.cs: 1125 - Retrieving features of type [RefAxis] from MirrorSideplate^Full assembly-3
2026-04-16 19:19:55,132 INFO  ExportHelperExtension.cs: 1136 - Found 34 in MirrorSideplate^Full assembly-3
2026-04-16 19:19:55,132 INFO  ExportHelperExtension.cs: 1145 - Found 0 features of type [RefAxis] in MirrorSideplate^Full assembly-3
2026-04-16 19:19:55,132 INFO  ExportHelperExtension.cs: 1125 - Retrieving features of type [RefAxis] from HC-SR04-4
2026-04-16 19:19:55,132 INFO  ExportHelperExtension.cs: 1136 - Found 169 in HC-SR04-4
2026-04-16 19:19:55,132 INFO  ExportHelperExtension.cs: 1145 - Found 0 features of type [RefAxis] in HC-SR04-4
2026-04-16 19:19:55,132 INFO  ExportHelperExtension.cs: 1125 - Retrieving features of type [RefAxis] from BSB 30x30-8 162mm-3
2026-04-16 19:19:55,132 INFO  ExportHelperExtension.cs: 1136 - Found 25 in BSB 30x30-8 162mm-3
2026-04-16 19:19:55,132 INFO  ExportHelperExtension.cs: 1145 - Found 0 features of type [RefAxis] in BSB 30x30-8 162mm-3
2026-04-16 19:19:55,132 INFO  ExportHelperExtension.cs: 1125 - Retrieving features of type [RefAxis] from CB3914895EA-50Ah Cell-1
2026-04-16 19:19:55,132 INFO  ExportHelperExtension.cs: 1136 - Found 74 in CB3914895EA-50Ah Cell-1
2026-04-16 19:19:55,132 INFO  ExportHelperExtension.cs: 1145 - Found 1 features of type [RefAxis] in CB3914895EA-50Ah Cell-1
2026-04-16 19:19:55,132 INFO  ExportHelperExtension.cs: 1125 - Retrieving features of type [RefAxis] from BSB 30x30-8 324mm-1
2026-04-16 19:19:55,132 INFO  ExportHelperExtension.cs: 1136 - Found 25 in BSB 30x30-8 324mm-1
2026-04-16 19:19:55,132 INFO  ExportHelperExtension.cs: 1145 - Found 0 features of type [RefAxis] in BSB 30x30-8 324mm-1
2026-04-16 19:19:55,132 INFO  ExportHelperExtension.cs: 1125 - Retrieving features of type [RefAxis] from BSB 30x30-8 324mm-2
2026-04-16 19:19:55,132 INFO  ExportHelperExtension.cs: 1136 - Found 25 in BSB 30x30-8 324mm-2
2026-04-16 19:19:55,132 INFO  ExportHelperExtension.cs: 1145 - Found 0 features of type [RefAxis] in BSB 30x30-8 324mm-2
2026-04-16 19:19:55,132 INFO  ExportHelperExtension.cs: 1125 - Retrieving features of type [RefAxis] from BSB 30x30-8 262mm-2
2026-04-16 19:19:55,132 INFO  ExportHelperExtension.cs: 1136 - Found 25 in BSB 30x30-8 262mm-2
2026-04-16 19:19:55,132 INFO  ExportHelperExtension.cs: 1145 - Found 0 features of type [RefAxis] in BSB 30x30-8 262mm-2
2026-04-16 19:19:55,132 INFO  ExportHelperExtension.cs: 1125 - Retrieving features of type [RefAxis] from BSB 30x30-8 262mm-1
2026-04-16 19:19:55,132 INFO  ExportHelperExtension.cs: 1136 - Found 25 in BSB 30x30-8 262mm-1
2026-04-16 19:19:55,132 INFO  ExportHelperExtension.cs: 1145 - Found 0 features of type [RefAxis] in BSB 30x30-8 262mm-1
2026-04-16 19:19:55,132 INFO  ExportHelperExtension.cs: 1125 - Retrieving features of type [RefAxis] from BSB 30x30-8 444mm-4
2026-04-16 19:19:55,132 INFO  ExportHelperExtension.cs: 1136 - Found 25 in BSB 30x30-8 444mm-4
2026-04-16 19:19:55,132 INFO  ExportHelperExtension.cs: 1145 - Found 0 features of type [RefAxis] in BSB 30x30-8 444mm-4
2026-04-16 19:19:55,132 INFO  ExportHelperExtension.cs: 1125 - Retrieving features of type [RefAxis] from BSB 30x30-8 444mm-7
2026-04-16 19:19:55,132 INFO  ExportHelperExtension.cs: 1136 - Found 25 in BSB 30x30-8 444mm-7
2026-04-16 19:19:55,132 INFO  ExportHelperExtension.cs: 1145 - Found 0 features of type [RefAxis] in BSB 30x30-8 444mm-7
2026-04-16 19:19:55,132 INFO  ExportHelperExtension.cs: 1125 - Retrieving features of type [RefAxis] from BSB 30x30-8 162mm-1
2026-04-16 19:19:55,132 INFO  ExportHelperExtension.cs: 1136 - Found 25 in BSB 30x30-8 162mm-1
2026-04-16 19:19:55,132 INFO  ExportHelperExtension.cs: 1145 - Found 0 features of type [RefAxis] in BSB 30x30-8 162mm-1
2026-04-16 19:19:55,132 INFO  ExportHelperExtension.cs: 1125 - Retrieving features of type [RefAxis] from BSB 30x30-8 322mm (tapped ends)-1
2026-04-16 19:19:55,132 INFO  ExportHelperExtension.cs: 1136 - Found 25 in BSB 30x30-8 322mm (tapped ends)-1
2026-04-16 19:19:55,132 INFO  ExportHelperExtension.cs: 1145 - Found 0 features of type [RefAxis] in BSB 30x30-8 322mm (tapped ends)-1
2026-04-16 19:19:55,132 INFO  ExportHelperExtension.cs: 1125 - Retrieving features of type [RefAxis] from BSB 30x30-8 162mm-4
2026-04-16 19:19:55,132 INFO  ExportHelperExtension.cs: 1136 - Found 25 in BSB 30x30-8 162mm-4
2026-04-16 19:19:55,132 INFO  ExportHelperExtension.cs: 1145 - Found 0 features of type [RefAxis] in BSB 30x30-8 162mm-4
2026-04-16 19:19:55,132 INFO  ExportHelperExtension.cs: 1125 - Retrieving features of type [RefAxis] from BSB 30x30-8 162mm-7
2026-04-16 19:19:55,132 INFO  ExportHelperExtension.cs: 1136 - Found 25 in BSB 30x30-8 162mm-7
2026-04-16 19:19:55,132 INFO  ExportHelperExtension.cs: 1145 - Found 0 features of type [RefAxis] in BSB 30x30-8 162mm-7
2026-04-16 19:19:55,132 INFO  ExportHelperExtension.cs: 1125 - Retrieving features of type [RefAxis] from BSB 30x30-8 90mm-4
2026-04-16 19:19:55,132 INFO  ExportHelperExtension.cs: 1136 - Found 25 in BSB 30x30-8 90mm-4
2026-04-16 19:19:55,132 INFO  ExportHelperExtension.cs: 1145 - Found 0 features of type [RefAxis] in BSB 30x30-8 90mm-4
2026-04-16 19:19:55,132 INFO  ExportHelperExtension.cs: 1125 - Retrieving features of type [RefAxis] from BSB 30x30-8 162mm-14
2026-04-16 19:19:55,132 INFO  ExportHelperExtension.cs: 1136 - Found 25 in BSB 30x30-8 162mm-14
2026-04-16 19:19:55,132 INFO  ExportHelperExtension.cs: 1145 - Found 0 features of type [RefAxis] in BSB 30x30-8 162mm-14
2026-04-16 19:19:55,132 INFO  ExportHelperExtension.cs: 1125 - Retrieving features of type [RefAxis] from BSB 30x30-8 90mm-2
2026-04-16 19:19:55,132 INFO  ExportHelperExtension.cs: 1136 - Found 25 in BSB 30x30-8 90mm-2
2026-04-16 19:19:55,132 INFO  ExportHelperExtension.cs: 1145 - Found 0 features of type [RefAxis] in BSB 30x30-8 90mm-2
2026-04-16 19:19:55,132 INFO  ExportHelperExtension.cs: 1125 - Retrieving features of type [RefAxis] from BSB 30x30-8 90mm-3
2026-04-16 19:19:55,132 INFO  ExportHelperExtension.cs: 1136 - Found 25 in BSB 30x30-8 90mm-3
2026-04-16 19:19:55,132 INFO  ExportHelperExtension.cs: 1145 - Found 0 features of type [RefAxis] in BSB 30x30-8 90mm-3
2026-04-16 19:19:55,132 INFO  ExportHelperExtension.cs: 1125 - Retrieving features of type [RefAxis] from BSB 30x30-8 162mm-5
2026-04-16 19:19:55,132 INFO  ExportHelperExtension.cs: 1136 - Found 25 in BSB 30x30-8 162mm-5
2026-04-16 19:19:55,132 INFO  ExportHelperExtension.cs: 1145 - Found 0 features of type [RefAxis] in BSB 30x30-8 162mm-5
2026-04-16 19:19:55,132 INFO  ExportHelperExtension.cs: 1125 - Retrieving features of type [RefAxis] from BSB 30x30-8 322mm (tapped ends)-2
2026-04-16 19:19:55,132 INFO  ExportHelperExtension.cs: 1136 - Found 25 in BSB 30x30-8 322mm (tapped ends)-2
2026-04-16 19:19:55,148 INFO  ExportHelperExtension.cs: 1145 - Found 0 features of type [RefAxis] in BSB 30x30-8 322mm (tapped ends)-2
2026-04-16 19:19:55,148 INFO  ExportHelperExtension.cs: 1125 - Retrieving features of type [RefAxis] from BSB 30x30-8 162mm-6
2026-04-16 19:19:55,148 INFO  ExportHelperExtension.cs: 1136 - Found 25 in BSB 30x30-8 162mm-6
2026-04-16 19:19:55,148 INFO  ExportHelperExtension.cs: 1145 - Found 0 features of type [RefAxis] in BSB 30x30-8 162mm-6
2026-04-16 19:19:55,148 INFO  ExportHelperExtension.cs: 1125 - Retrieving features of type [RefAxis] from BSB 30x30-8 162mm-8
2026-04-16 19:19:55,148 INFO  ExportHelperExtension.cs: 1136 - Found 25 in BSB 30x30-8 162mm-8
2026-04-16 19:19:55,148 INFO  ExportHelperExtension.cs: 1145 - Found 0 features of type [RefAxis] in BSB 30x30-8 162mm-8
2026-04-16 19:19:55,148 INFO  ExportHelperExtension.cs: 1125 - Retrieving features of type [RefAxis] from BSB 30x30-8 162mm-9
2026-04-16 19:19:55,148 INFO  ExportHelperExtension.cs: 1136 - Found 25 in BSB 30x30-8 162mm-9
2026-04-16 19:19:55,148 INFO  ExportHelperExtension.cs: 1145 - Found 0 features of type [RefAxis] in BSB 30x30-8 162mm-9
2026-04-16 19:19:55,148 INFO  ExportHelperExtension.cs: 1125 - Retrieving features of type [RefAxis] from 90degree angle bracket 30x30-8(M6)-18
2026-04-16 19:19:55,148 INFO  ExportHelperExtension.cs: 1136 - Found 36 in 90degree angle bracket 30x30-8(M6)-18
2026-04-16 19:19:55,148 INFO  ExportHelperExtension.cs: 1145 - Found 0 features of type [RefAxis] in 90degree angle bracket 30x30-8(M6)-18
2026-04-16 19:19:55,148 INFO  ExportHelperExtension.cs: 1125 - Retrieving features of type [RefAxis] from 90degree angle bracket 30x30-8(M6)-19
2026-04-16 19:19:55,148 INFO  ExportHelperExtension.cs: 1136 - Found 36 in 90degree angle bracket 30x30-8(M6)-19
2026-04-16 19:19:55,148 INFO  ExportHelperExtension.cs: 1145 - Found 0 features of type [RefAxis] in 90degree angle bracket 30x30-8(M6)-19
2026-04-16 19:19:55,148 INFO  ExportHelperExtension.cs: 1125 - Retrieving features of type [RefAxis] from 90degree angle bracket 30x30-8(M6)-22
2026-04-16 19:19:55,148 INFO  ExportHelperExtension.cs: 1136 - Found 36 in 90degree angle bracket 30x30-8(M6)-22
2026-04-16 19:19:55,148 INFO  ExportHelperExtension.cs: 1145 - Found 0 features of type [RefAxis] in 90degree angle bracket 30x30-8(M6)-22
2026-04-16 19:19:55,148 INFO  ExportHelperExtension.cs: 1125 - Retrieving features of type [RefAxis] from 90degree angle bracket 30x30-8(M6)-24
2026-04-16 19:19:55,148 INFO  ExportHelperExtension.cs: 1136 - Found 36 in 90degree angle bracket 30x30-8(M6)-24
2026-04-16 19:19:55,148 INFO  ExportHelperExtension.cs: 1145 - Found 0 features of type [RefAxis] in 90degree angle bracket 30x30-8(M6)-24
2026-04-16 19:19:55,148 INFO  ExportHelperExtension.cs: 1125 - Retrieving features of type [RefAxis] from BSB 30x30-8 262mm-5
2026-04-16 19:19:55,148 INFO  ExportHelperExtension.cs: 1136 - Found 25 in BSB 30x30-8 262mm-5
2026-04-16 19:19:55,148 INFO  ExportHelperExtension.cs: 1145 - Found 0 features of type [RefAxis] in BSB 30x30-8 262mm-5
2026-04-16 19:19:55,148 INFO  ExportHelperExtension.cs: 1125 - Retrieving features of type [RefAxis] from 90degree angle bracket 30x30-8(M6)-27
2026-04-16 19:19:55,148 INFO  ExportHelperExtension.cs: 1136 - Found 36 in 90degree angle bracket 30x30-8(M6)-27
2026-04-16 19:19:55,148 INFO  ExportHelperExtension.cs: 1145 - Found 0 features of type [RefAxis] in 90degree angle bracket 30x30-8(M6)-27
2026-04-16 19:19:55,148 INFO  ExportHelperExtension.cs: 1125 - Retrieving features of type [RefAxis] from BSB 30x30-8 162mm-15
2026-04-16 19:19:55,148 INFO  ExportHelperExtension.cs: 1136 - Found 25 in BSB 30x30-8 162mm-15
2026-04-16 19:19:55,148 INFO  ExportHelperExtension.cs: 1145 - Found 0 features of type [RefAxis] in BSB 30x30-8 162mm-15
2026-04-16 19:19:55,148 INFO  ExportHelperExtension.cs: 1125 - Retrieving features of type [RefAxis] from BSB 30x30-8 684mm-15
2026-04-16 19:19:55,148 INFO  ExportHelperExtension.cs: 1136 - Found 25 in BSB 30x30-8 684mm-15
2026-04-16 19:19:55,148 INFO  ExportHelperExtension.cs: 1145 - Found 0 features of type [RefAxis] in BSB 30x30-8 684mm-15
2026-04-16 19:19:55,148 INFO  ExportHelperExtension.cs: 1125 - Retrieving features of type [RefAxis] from BSB 30x30-8 162mm-16
2026-04-16 19:19:55,148 INFO  ExportHelperExtension.cs: 1136 - Found 25 in BSB 30x30-8 162mm-16
2026-04-16 19:19:55,148 INFO  ExportHelperExtension.cs: 1145 - Found 0 features of type [RefAxis] in BSB 30x30-8 162mm-16
2026-04-16 19:19:55,148 INFO  ExportHelperExtension.cs: 1125 - Retrieving features of type [RefAxis] from BSB 30x30-8 262mm-6
2026-04-16 19:19:55,148 INFO  ExportHelperExtension.cs: 1136 - Found 25 in BSB 30x30-8 262mm-6
2026-04-16 19:19:55,148 INFO  ExportHelperExtension.cs: 1145 - Found 0 features of type [RefAxis] in BSB 30x30-8 262mm-6
2026-04-16 19:19:55,148 INFO  ExportHelperExtension.cs: 1125 - Retrieving features of type [RefAxis] from BSB 30x30-8 324mm-4
2026-04-16 19:19:55,148 INFO  ExportHelperExtension.cs: 1136 - Found 25 in BSB 30x30-8 324mm-4
2026-04-16 19:19:55,148 INFO  ExportHelperExtension.cs: 1145 - Found 0 features of type [RefAxis] in BSB 30x30-8 324mm-4
2026-04-16 19:19:55,148 INFO  ExportHelperExtension.cs: 1125 - Retrieving features of type [RefAxis] from 90degree angle bracket 30x30-8(M6)-20
2026-04-16 19:19:55,148 INFO  ExportHelperExtension.cs: 1136 - Found 36 in 90degree angle bracket 30x30-8(M6)-20
2026-04-16 19:19:55,148 INFO  ExportHelperExtension.cs: 1145 - Found 0 features of type [RefAxis] in 90degree angle bracket 30x30-8(M6)-20
2026-04-16 19:19:55,148 INFO  ExportHelperExtension.cs: 1125 - Retrieving features of type [RefAxis] from 90degree angle bracket 30x30-8(M6)-21
2026-04-16 19:19:55,148 INFO  ExportHelperExtension.cs: 1136 - Found 36 in 90degree angle bracket 30x30-8(M6)-21
2026-04-16 19:19:55,148 INFO  ExportHelperExtension.cs: 1145 - Found 0 features of type [RefAxis] in 90degree angle bracket 30x30-8(M6)-21
2026-04-16 19:19:55,148 INFO  ExportHelperExtension.cs: 1125 - Retrieving features of type [RefAxis] from 90degree angle bracket 30x30-8(M6)-23
2026-04-16 19:19:55,148 INFO  ExportHelperExtension.cs: 1136 - Found 36 in 90degree angle bracket 30x30-8(M6)-23
2026-04-16 19:19:55,148 INFO  ExportHelperExtension.cs: 1145 - Found 0 features of type [RefAxis] in 90degree angle bracket 30x30-8(M6)-23
2026-04-16 19:19:55,148 INFO  ExportHelperExtension.cs: 1125 - Retrieving features of type [RefAxis] from 90degree angle bracket 30x30-8(M6)-25
2026-04-16 19:19:55,148 INFO  ExportHelperExtension.cs: 1136 - Found 36 in 90degree angle bracket 30x30-8(M6)-25
2026-04-16 19:19:55,148 INFO  ExportHelperExtension.cs: 1145 - Found 0 features of type [RefAxis] in 90degree angle bracket 30x30-8(M6)-25
2026-04-16 19:19:55,148 INFO  ExportHelperExtension.cs: 1125 - Retrieving features of type [RefAxis] from 90degree angle bracket 30x30-8(M6)-26
2026-04-16 19:19:55,148 INFO  ExportHelperExtension.cs: 1136 - Found 36 in 90degree angle bracket 30x30-8(M6)-26
2026-04-16 19:19:55,148 INFO  ExportHelperExtension.cs: 1145 - Found 0 features of type [RefAxis] in 90degree angle bracket 30x30-8(M6)-26
2026-04-16 19:19:55,148 INFO  ExportHelperExtension.cs: 1125 - Retrieving features of type [RefAxis] from 90degree angle bracket 30x30-8(M6)-30
2026-04-16 19:19:55,148 INFO  ExportHelperExtension.cs: 1136 - Found 36 in 90degree angle bracket 30x30-8(M6)-30
2026-04-16 19:19:55,148 INFO  ExportHelperExtension.cs: 1145 - Found 0 features of type [RefAxis] in 90degree angle bracket 30x30-8(M6)-30
2026-04-16 19:19:55,148 INFO  ExportHelperExtension.cs: 1125 - Retrieving features of type [RefAxis] from 90degree angle bracket 30x30-8(M6)-31
2026-04-16 19:19:55,148 INFO  ExportHelperExtension.cs: 1136 - Found 36 in 90degree angle bracket 30x30-8(M6)-31
2026-04-16 19:19:55,148 INFO  ExportHelperExtension.cs: 1145 - Found 0 features of type [RefAxis] in 90degree angle bracket 30x30-8(M6)-31
2026-04-16 19:19:55,148 INFO  ExportHelperExtension.cs: 1125 - Retrieving features of type [RefAxis] from 90degree angle bracket 30x30-8(M6)-29
2026-04-16 19:19:55,148 INFO  ExportHelperExtension.cs: 1136 - Found 36 in 90degree angle bracket 30x30-8(M6)-29
2026-04-16 19:19:55,148 INFO  ExportHelperExtension.cs: 1145 - Found 0 features of type [RefAxis] in 90degree angle bracket 30x30-8(M6)-29
2026-04-16 19:19:55,148 INFO  ExportHelperExtension.cs: 1125 - Retrieving features of type [RefAxis] from 90degree angle bracket 30x30-8(M6)-28
2026-04-16 19:19:55,148 INFO  ExportHelperExtension.cs: 1136 - Found 36 in 90degree angle bracket 30x30-8(M6)-28
2026-04-16 19:19:55,164 INFO  ExportHelperExtension.cs: 1145 - Found 0 features of type [RefAxis] in 90degree angle bracket 30x30-8(M6)-28
2026-04-16 19:19:55,164 INFO  ExportHelperExtension.cs: 1125 - Retrieving features of type [RefAxis] from 90degree angle bracket 30x30-8(M6)-32
2026-04-16 19:19:55,164 INFO  ExportHelperExtension.cs: 1136 - Found 36 in 90degree angle bracket 30x30-8(M6)-32
2026-04-16 19:19:55,164 INFO  ExportHelperExtension.cs: 1145 - Found 0 features of type [RefAxis] in 90degree angle bracket 30x30-8(M6)-32
2026-04-16 19:19:55,164 INFO  ExportHelperExtension.cs: 1125 - Retrieving features of type [RefAxis] from 90degree angle bracket 30x30-8(M6)-40
2026-04-16 19:19:55,164 INFO  ExportHelperExtension.cs: 1136 - Found 36 in 90degree angle bracket 30x30-8(M6)-40
2026-04-16 19:19:55,164 INFO  ExportHelperExtension.cs: 1145 - Found 0 features of type [RefAxis] in 90degree angle bracket 30x30-8(M6)-40
2026-04-16 19:19:55,164 INFO  ExportHelperExtension.cs: 1125 - Retrieving features of type [RefAxis] from 90degree angle bracket 30x30-8(M6)-44
2026-04-16 19:19:55,164 INFO  ExportHelperExtension.cs: 1136 - Found 36 in 90degree angle bracket 30x30-8(M6)-44
2026-04-16 19:19:55,164 INFO  ExportHelperExtension.cs: 1145 - Found 0 features of type [RefAxis] in 90degree angle bracket 30x30-8(M6)-44
2026-04-16 19:19:55,164 INFO  ExportHelperExtension.cs: 1125 - Retrieving features of type [RefAxis] from 90degree angle bracket 30x30-8(M6)-42
2026-04-16 19:19:55,164 INFO  ExportHelperExtension.cs: 1136 - Found 36 in 90degree angle bracket 30x30-8(M6)-42
2026-04-16 19:19:55,164 INFO  ExportHelperExtension.cs: 1145 - Found 0 features of type [RefAxis] in 90degree angle bracket 30x30-8(M6)-42
2026-04-16 19:19:55,164 INFO  ExportHelperExtension.cs: 1125 - Retrieving features of type [RefAxis] from 90degree angle bracket 30x30-8(M6)-39
2026-04-16 19:19:55,164 INFO  ExportHelperExtension.cs: 1136 - Found 36 in 90degree angle bracket 30x30-8(M6)-39
2026-04-16 19:19:55,164 INFO  ExportHelperExtension.cs: 1145 - Found 0 features of type [RefAxis] in 90degree angle bracket 30x30-8(M6)-39
2026-04-16 19:19:55,164 INFO  ExportHelperExtension.cs: 1125 - Retrieving features of type [RefAxis] from 90degree angle bracket 30x30-8(M6)-41
2026-04-16 19:19:55,164 INFO  ExportHelperExtension.cs: 1136 - Found 36 in 90degree angle bracket 30x30-8(M6)-41
2026-04-16 19:19:55,164 INFO  ExportHelperExtension.cs: 1145 - Found 0 features of type [RefAxis] in 90degree angle bracket 30x30-8(M6)-41
2026-04-16 19:19:55,164 INFO  ExportHelperExtension.cs: 1125 - Retrieving features of type [RefAxis] from 90degree angle bracket 30x30-8(M6)-38
2026-04-16 19:19:55,164 INFO  ExportHelperExtension.cs: 1136 - Found 36 in 90degree angle bracket 30x30-8(M6)-38
2026-04-16 19:19:55,164 INFO  ExportHelperExtension.cs: 1145 - Found 0 features of type [RefAxis] in 90degree angle bracket 30x30-8(M6)-38
2026-04-16 19:19:55,164 INFO  ExportHelperExtension.cs: 1125 - Retrieving features of type [RefAxis] from 90degree angle bracket 30x30-8(M6)-35
2026-04-16 19:19:55,164 INFO  ExportHelperExtension.cs: 1136 - Found 36 in 90degree angle bracket 30x30-8(M6)-35
2026-04-16 19:19:55,164 INFO  ExportHelperExtension.cs: 1145 - Found 0 features of type [RefAxis] in 90degree angle bracket 30x30-8(M6)-35
2026-04-16 19:19:55,164 INFO  ExportHelperExtension.cs: 1125 - Retrieving features of type [RefAxis] from 90degree angle bracket 30x30-8(M6)-33
2026-04-16 19:19:55,164 INFO  ExportHelperExtension.cs: 1136 - Found 36 in 90degree angle bracket 30x30-8(M6)-33
2026-04-16 19:19:55,164 INFO  ExportHelperExtension.cs: 1145 - Found 0 features of type [RefAxis] in 90degree angle bracket 30x30-8(M6)-33
2026-04-16 19:19:55,164 INFO  ExportHelperExtension.cs: 1125 - Retrieving features of type [RefAxis] from 90degree angle bracket 30x30-8(M6)-34
2026-04-16 19:19:55,164 INFO  ExportHelperExtension.cs: 1136 - Found 36 in 90degree angle bracket 30x30-8(M6)-34
2026-04-16 19:19:55,164 INFO  ExportHelperExtension.cs: 1145 - Found 0 features of type [RefAxis] in 90degree angle bracket 30x30-8(M6)-34
2026-04-16 19:19:55,164 INFO  ExportHelperExtension.cs: 1125 - Retrieving features of type [RefAxis] from 90degree angle bracket 30x30-8(M6)-36
2026-04-16 19:19:55,164 INFO  ExportHelperExtension.cs: 1136 - Found 36 in 90degree angle bracket 30x30-8(M6)-36
2026-04-16 19:19:55,164 INFO  ExportHelperExtension.cs: 1145 - Found 0 features of type [RefAxis] in 90degree angle bracket 30x30-8(M6)-36
2026-04-16 19:19:55,164 INFO  ExportHelperExtension.cs: 1125 - Retrieving features of type [RefAxis] from 90degree angle bracket 30x30-8(M6)-37
2026-04-16 19:19:55,164 INFO  ExportHelperExtension.cs: 1136 - Found 36 in 90degree angle bracket 30x30-8(M6)-37
2026-04-16 19:19:55,164 INFO  ExportHelperExtension.cs: 1145 - Found 0 features of type [RefAxis] in 90degree angle bracket 30x30-8(M6)-37
2026-04-16 19:19:55,164 INFO  ExportHelperExtension.cs: 1125 - Retrieving features of type [RefAxis] from 90degree angle bracket 30x30-8(M6)-43
2026-04-16 19:19:55,164 INFO  ExportHelperExtension.cs: 1136 - Found 36 in 90degree angle bracket 30x30-8(M6)-43
2026-04-16 19:19:55,164 INFO  ExportHelperExtension.cs: 1145 - Found 0 features of type [RefAxis] in 90degree angle bracket 30x30-8(M6)-43
2026-04-16 19:19:55,180 INFO  ExportHelperExtension.cs: 1125 - Retrieving features of type [RefAxis] from 90degree angle bracket 30x30-8(M6)-55
2026-04-16 19:19:55,180 INFO  ExportHelperExtension.cs: 1136 - Found 36 in 90degree angle bracket 30x30-8(M6)-55
2026-04-16 19:19:55,180 INFO  ExportHelperExtension.cs: 1145 - Found 0 features of type [RefAxis] in 90degree angle bracket 30x30-8(M6)-55
2026-04-16 19:19:55,180 INFO  ExportHelperExtension.cs: 1125 - Retrieving features of type [RefAxis] from 90degree angle bracket 30x30-8(M6)-48
2026-04-16 19:19:55,180 INFO  ExportHelperExtension.cs: 1136 - Found 36 in 90degree angle bracket 30x30-8(M6)-48
2026-04-16 19:19:55,180 INFO  ExportHelperExtension.cs: 1145 - Found 0 features of type [RefAxis] in 90degree angle bracket 30x30-8(M6)-48
2026-04-16 19:19:55,180 INFO  ExportHelperExtension.cs: 1125 - Retrieving features of type [RefAxis] from 90degree angle bracket 30x30-8(M6)-51
2026-04-16 19:19:55,180 INFO  ExportHelperExtension.cs: 1136 - Found 36 in 90degree angle bracket 30x30-8(M6)-51
2026-04-16 19:19:55,180 INFO  ExportHelperExtension.cs: 1145 - Found 0 features of type [RefAxis] in 90degree angle bracket 30x30-8(M6)-51
2026-04-16 19:19:55,180 INFO  ExportHelperExtension.cs: 1125 - Retrieving features of type [RefAxis] from 90degree angle bracket 30x30-8(M6)-45
2026-04-16 19:19:55,180 INFO  ExportHelperExtension.cs: 1136 - Found 36 in 90degree angle bracket 30x30-8(M6)-45
2026-04-16 19:19:55,180 INFO  ExportHelperExtension.cs: 1145 - Found 0 features of type [RefAxis] in 90degree angle bracket 30x30-8(M6)-45
2026-04-16 19:19:55,180 INFO  ExportHelperExtension.cs: 1125 - Retrieving features of type [RefAxis] from 90degree angle bracket 30x30-8(M6)-50
2026-04-16 19:19:55,180 INFO  ExportHelperExtension.cs: 1136 - Found 36 in 90degree angle bracket 30x30-8(M6)-50
2026-04-16 19:19:55,180 INFO  ExportHelperExtension.cs: 1145 - Found 0 features of type [RefAxis] in 90degree angle bracket 30x30-8(M6)-50
2026-04-16 19:19:55,180 INFO  ExportHelperExtension.cs: 1125 - Retrieving features of type [RefAxis] from 90degree angle bracket 30x30-8(M6)-46
2026-04-16 19:19:55,180 INFO  ExportHelperExtension.cs: 1136 - Found 36 in 90degree angle bracket 30x30-8(M6)-46
2026-04-16 19:19:55,180 INFO  ExportHelperExtension.cs: 1145 - Found 0 features of type [RefAxis] in 90degree angle bracket 30x30-8(M6)-46
2026-04-16 19:19:55,180 INFO  ExportHelperExtension.cs: 1125 - Retrieving features of type [RefAxis] from 90degree angle bracket 30x30-8(M6)-52
2026-04-16 19:19:55,180 INFO  ExportHelperExtension.cs: 1136 - Found 36 in 90degree angle bracket 30x30-8(M6)-52
2026-04-16 19:19:55,180 INFO  ExportHelperExtension.cs: 1145 - Found 0 features of type [RefAxis] in 90degree angle bracket 30x30-8(M6)-52
2026-04-16 19:19:55,180 INFO  ExportHelperExtension.cs: 1125 - Retrieving features of type [RefAxis] from 90degree angle bracket 30x30-8(M6)-47
2026-04-16 19:19:55,180 INFO  ExportHelperExtension.cs: 1136 - Found 36 in 90degree angle bracket 30x30-8(M6)-47
2026-04-16 19:19:55,180 INFO  ExportHelperExtension.cs: 1145 - Found 0 features of type [RefAxis] in 90degree angle bracket 30x30-8(M6)-47
2026-04-16 19:19:55,180 INFO  ExportHelperExtension.cs: 1125 - Retrieving features of type [RefAxis] from 90degree angle bracket 30x30-8(M6)-49
2026-04-16 19:19:55,180 INFO  ExportHelperExtension.cs: 1136 - Found 36 in 90degree angle bracket 30x30-8(M6)-49
2026-04-16 19:19:55,180 INFO  ExportHelperExtension.cs: 1145 - Found 0 features of type [RefAxis] in 90degree angle bracket 30x30-8(M6)-49
2026-04-16 19:19:55,180 INFO  ExportHelperExtension.cs: 1125 - Retrieving features of type [RefAxis] from 90degree angle bracket 30x30-8(M6)-53
2026-04-16 19:19:55,180 INFO  ExportHelperExtension.cs: 1136 - Found 36 in 90degree angle bracket 30x30-8(M6)-53
2026-04-16 19:19:55,180 INFO  ExportHelperExtension.cs: 1145 - Found 0 features of type [RefAxis] in 90degree angle bracket 30x30-8(M6)-53
2026-04-16 19:19:55,180 INFO  ExportHelperExtension.cs: 1125 - Retrieving features of type [RefAxis] from 90degree angle bracket 30x30-8(M6)-54
2026-04-16 19:19:55,180 INFO  ExportHelperExtension.cs: 1136 - Found 36 in 90degree angle bracket 30x30-8(M6)-54
2026-04-16 19:19:55,180 INFO  ExportHelperExtension.cs: 1145 - Found 0 features of type [RefAxis] in 90degree angle bracket 30x30-8(M6)-54
2026-04-16 19:19:55,180 INFO  ExportHelperExtension.cs: 1125 - Retrieving features of type [RefAxis] from 90degree angle bracket 30x30-8(M6)-56
2026-04-16 19:19:55,180 INFO  ExportHelperExtension.cs: 1136 - Found 36 in 90degree angle bracket 30x30-8(M6)-56
2026-04-16 19:19:55,180 INFO  ExportHelperExtension.cs: 1145 - Found 0 features of type [RefAxis] in 90degree angle bracket 30x30-8(M6)-56
2026-04-16 19:19:59,004 INFO  SwAddin.cs: 339 - Loading config tree
2026-04-16 19:19:59,004 INFO  ExportPropertyManagerExtension.cs: 520 - Starting new configuration
2026-04-16 19:19:59,017 INFO  SwAddin.cs: 344 - Showing property manager
2026-04-16 19:20:04,519 INFO  ExportPropertyManager.cs: 1136 - OnNumberBoxTrackingCompleted called. This method no longer throws an Exception. It just silently does nothing. Ok, except for this logging message
2026-04-16 19:20:14,882 INFO  ExportPropertyManager.cs: 1036 - OnListboxSelectionChanged called. This method no longer throws an Exception. It just silently does nothing. Ok, except for this logging message
2026-04-16 19:26:03,455 INFO  ExportPropertyManager.cs: 1018 - OnComboboxSelectionChanged called. This method no longer throws an Exception. It just silently does nothing. Ok, except for this logging message
2026-04-16 19:26:06,064 INFO  ExportPropertyManager.cs: 1018 - OnComboboxSelectionChanged called. This method no longer throws an Exception. It just silently does nothing. Ok, except for this logging message
2026-04-16 19:26:07,887 INFO  ExportPropertyManager.cs: 1018 - OnComboboxSelectionChanged called. This method no longer throws an Exception. It just silently does nothing. Ok, except for this logging message
2026-04-16 19:26:26,036 INFO  ExportPropertyManager.cs: 1018 - OnComboboxSelectionChanged called. This method no longer throws an Exception. It just silently does nothing. Ok, except for this logging message
2026-04-16 19:26:26,046 INFO  ExportPropertyManager.cs: 1018 - OnComboboxSelectionChanged called. This method no longer throws an Exception. It just silently does nothing. Ok, except for this logging message
2026-04-16 19:26:26,084 INFO  ExportPropertyManager.cs: 1018 - OnComboboxSelectionChanged called. This method no longer throws an Exception. It just silently does nothing. Ok, except for this logging message
2026-04-16 19:26:48,966 INFO  ExportPropertyManager.cs: 1018 - OnComboboxSelectionChanged called. This method no longer throws an Exception. It just silently does nothing. Ok, except for this logging message
2026-04-16 19:26:51,306 INFO  ExportPropertyManager.cs: 1018 - OnComboboxSelectionChanged called. This method no longer throws an Exception. It just silently does nothing. Ok, except for this logging message
2026-04-16 19:26:53,224 INFO  ExportPropertyManager.cs: 1018 - OnComboboxSelectionChanged called. This method no longer throws an Exception. It just silently does nothing. Ok, except for this logging message
2026-04-16 19:27:03,588 INFO  ExportPropertyManager.cs: 1018 - OnComboboxSelectionChanged called. This method no longer throws an Exception. It just silently does nothing. Ok, except for this logging message
2026-04-16 19:27:20,838 INFO  ExportPropertyManager.cs: 1018 - OnComboboxSelectionChanged called. This method no longer throws an Exception. It just silently does nothing. Ok, except for this logging message
2026-04-16 19:27:22,636 INFO  ExportPropertyManager.cs: 1018 - OnComboboxSelectionChanged called. This method no longer throws an Exception. It just silently does nothing. Ok, except for this logging message
2026-04-16 19:27:24,206 INFO  ExportPropertyManager.cs: 1018 - OnComboboxSelectionChanged called. This method no longer throws an Exception. It just silently does nothing. Ok, except for this logging message
2026-04-16 19:27:52,652 INFO  ExportPropertyManager.cs: 1018 - OnComboboxSelectionChanged called. This method no longer throws an Exception. It just silently does nothing. Ok, except for this logging message
2026-04-16 19:27:54,890 INFO  ExportPropertyManager.cs: 1018 - OnComboboxSelectionChanged called. This method no longer throws an Exception. It just silently does nothing. Ok, except for this logging message
2026-04-16 19:27:56,611 INFO  ExportPropertyManager.cs: 1018 - OnComboboxSelectionChanged called. This method no longer throws an Exception. It just silently does nothing. Ok, except for this logging message
2026-04-16 19:28:11,659 INFO  ExportPropertyManager.cs: 1018 - OnComboboxSelectionChanged called. This method no longer throws an Exception. It just silently does nothing. Ok, except for this logging message
2026-04-16 19:28:11,711 INFO  ExportPropertyManager.cs: 1018 - OnComboboxSelectionChanged called. This method no longer throws an Exception. It just silently does nothing. Ok, except for this logging message
2026-04-16 19:28:11,980 INFO  ExportPropertyManager.cs: 1018 - OnComboboxSelectionChanged called. This method no longer throws an Exception. It just silently does nothing. Ok, except for this logging message
2026-04-16 19:28:15,636 INFO  ExportPropertyManager.cs: 1018 - OnComboboxSelectionChanged called. This method no longer throws an Exception. It just silently does nothing. Ok, except for this logging message
2026-04-16 19:28:50,962 INFO  ExportPropertyManager.cs: 1018 - OnComboboxSelectionChanged called. This method no longer throws an Exception. It just silently does nothing. Ok, except for this logging message
2026-04-16 19:28:55,562 INFO  ExportPropertyManager.cs: 1018 - OnComboboxSelectionChanged called. This method no longer throws an Exception. It just silently does nothing. Ok, except for this logging message
2026-04-16 19:28:57,308 INFO  ExportPropertyManager.cs: 1018 - OnComboboxSelectionChanged called. This method no longer throws an Exception. It just silently does nothing. Ok, except for this logging message
2026-04-16 19:29:03,472 INFO  ExportPropertyManager.cs: 1018 - OnComboboxSelectionChanged called. This method no longer throws an Exception. It just silently does nothing. Ok, except for this logging message
2026-04-16 19:29:59,200 INFO  ExportPropertyManager.cs: 1018 - OnComboboxSelectionChanged called. This method no longer throws an Exception. It just silently does nothing. Ok, except for this logging message
2026-04-16 19:30:01,062 INFO  ExportPropertyManager.cs: 1018 - OnComboboxSelectionChanged called. This method no longer throws an Exception. It just silently does nothing. Ok, except for this logging message
2026-04-16 19:30:02,690 INFO  ExportPropertyManager.cs: 1018 - OnComboboxSelectionChanged called. This method no longer throws an Exception. It just silently does nothing. Ok, except for this logging message
2026-04-16 19:30:24,389 INFO  ExportPropertyManager.cs: 1018 - OnComboboxSelectionChanged called. This method no longer throws an Exception. It just silently does nothing. Ok, except for this logging message
2026-04-16 19:30:41,760 INFO  ExportPropertyManager.cs: 1018 - OnComboboxSelectionChanged called. This method no longer throws an Exception. It just silently does nothing. Ok, except for this logging message
2026-04-16 19:30:44,079 INFO  ExportPropertyManager.cs: 1018 - OnComboboxSelectionChanged called. This method no longer throws an Exception. It just silently does nothing. Ok, except for this logging message
2026-04-16 19:31:04,628 INFO  ExportPropertyManager.cs: 1018 - OnComboboxSelectionChanged called. This method no longer throws an Exception. It just silently does nothing. Ok, except for this logging message
2026-04-16 19:31:07,251 INFO  ExportPropertyManager.cs: 1018 - OnComboboxSelectionChanged called. This method no longer throws an Exception. It just silently does nothing. Ok, except for this logging message
2026-04-16 19:33:06,380 INFO  ExportPropertyManager.cs: 1018 - OnComboboxSelectionChanged called. This method no longer throws an Exception. It just silently does nothing. Ok, except for this logging message
2026-04-16 19:33:09,783 INFO  ExportPropertyManager.cs: 422 - Configuration saved
2026-04-16 19:33:10,452 INFO  ExportPropertyManager.cs: 1142 - AfterClose called. This method no longer throws an Exception. It just silently does nothing. Ok, except for this logging message
2026-04-16 19:33:43,278 INFO  SwAddin.cs: 294 - Assembly export called for file Full assembly.SLDASM
2026-04-16 19:33:43,280 INFO  SwAddin.cs: 299 - Save is required
2026-04-16 19:33:43,280 INFO  SwAddin.cs: 313 - Saving assembly
2026-04-16 19:33:47,233 INFO  SwAddin.cs: 316 - Opening property manager
2026-04-16 19:33:47,244 INFO  ExportHelperExtension.cs: 1125 - Retrieving features of type [CoordSys] from Full assembly.SLDASM
2026-04-16 19:33:47,244 INFO  ExportHelperExtension.cs: 1136 - Found 487 in Full assembly.SLDASM
2026-04-16 19:33:47,244 INFO  ExportHelperExtension.cs: 1145 - Found 9 features of type [CoordSys] in Full assembly.SLDASM
2026-04-16 19:33:47,244 INFO  ExportHelperExtension.cs: 1148 - Proceeding through assembly components
2026-04-16 19:33:47,244 INFO  ExportHelperExtension.cs: 1160 - 136 components to check
2026-04-16 19:33:47,244 INFO  ExportHelperExtension.cs: 1125 - Retrieving features of type [CoordSys] from BSB 30x30-8 324mm-3
2026-04-16 19:33:47,244 INFO  ExportHelperExtension.cs: 1136 - Found 25 in BSB 30x30-8 324mm-3
2026-04-16 19:33:47,244 INFO  ExportHelperExtension.cs: 1145 - Found 0 features of type [CoordSys] in BSB 30x30-8 324mm-3
2026-04-16 19:33:47,252 INFO  ExportHelperExtension.cs: 1125 - Retrieving features of type [CoordSys] from wheel assembly-4
2026-04-16 19:33:47,252 INFO  ExportHelperExtension.cs: 1136 - Found 82 in wheel assembly-4
2026-04-16 19:33:47,252 INFO  ExportHelperExtension.cs: 1145 - Found 0 features of type [CoordSys] in wheel assembly-4
2026-04-16 19:33:47,252 INFO  ExportHelperExtension.cs: 1125 - Retrieving features of type [CoordSys] from BSB 30x30-8 90mm-1
2026-04-16 19:33:47,252 INFO  ExportHelperExtension.cs: 1136 - Found 25 in BSB 30x30-8 90mm-1
2026-04-16 19:33:47,252 INFO  ExportHelperExtension.cs: 1145 - Found 0 features of type [CoordSys] in BSB 30x30-8 90mm-1
2026-04-16 19:33:47,252 INFO  ExportHelperExtension.cs: 1125 - Retrieving features of type [CoordSys] from wheel assembly-3
2026-04-16 19:33:47,252 INFO  ExportHelperExtension.cs: 1136 - Found 82 in wheel assembly-3
2026-04-16 19:33:47,252 INFO  ExportHelperExtension.cs: 1145 - Found 0 features of type [CoordSys] in wheel assembly-3
2026-04-16 19:33:47,252 INFO  ExportHelperExtension.cs: 1125 - Retrieving features of type [CoordSys] from BSB 30x30-8 684mm-14
2026-04-16 19:33:47,252 INFO  ExportHelperExtension.cs: 1136 - Found 25 in BSB 30x30-8 684mm-14
2026-04-16 19:33:47,252 INFO  ExportHelperExtension.cs: 1145 - Found 0 features of type [CoordSys] in BSB 30x30-8 684mm-14
2026-04-16 19:33:47,252 INFO  ExportHelperExtension.cs: 1125 - Retrieving features of type [CoordSys] from BSB 30x30-8 262mm-3
2026-04-16 19:33:47,252 INFO  ExportHelperExtension.cs: 1136 - Found 25 in BSB 30x30-8 262mm-3
2026-04-16 19:33:47,252 INFO  ExportHelperExtension.cs: 1145 - Found 0 features of type [CoordSys] in BSB 30x30-8 262mm-3
2026-04-16 19:33:47,252 INFO  ExportHelperExtension.cs: 1125 - Retrieving features of type [CoordSys] from BSB 30x30-8 162mm-10
2026-04-16 19:33:47,252 INFO  ExportHelperExtension.cs: 1136 - Found 25 in BSB 30x30-8 162mm-10
2026-04-16 19:33:47,252 INFO  ExportHelperExtension.cs: 1145 - Found 0 features of type [CoordSys] in BSB 30x30-8 162mm-10
2026-04-16 19:33:47,252 INFO  ExportHelperExtension.cs: 1125 - Retrieving features of type [CoordSys] from 90degree angle bracket 30x30-8(M6)-9
2026-04-16 19:33:47,252 INFO  ExportHelperExtension.cs: 1136 - Found 36 in 90degree angle bracket 30x30-8(M6)-9
2026-04-16 19:33:47,252 INFO  ExportHelperExtension.cs: 1145 - Found 0 features of type [CoordSys] in 90degree angle bracket 30x30-8(M6)-9
2026-04-16 19:33:47,252 INFO  ExportHelperExtension.cs: 1125 - Retrieving features of type [CoordSys] from wheel assembly-1
2026-04-16 19:33:47,252 INFO  ExportHelperExtension.cs: 1136 - Found 82 in wheel assembly-1
2026-04-16 19:33:47,252 INFO  ExportHelperExtension.cs: 1145 - Found 0 features of type [CoordSys] in wheel assembly-1
2026-04-16 19:33:47,252 INFO  ExportHelperExtension.cs: 1125 - Retrieving features of type [CoordSys] from BSB 30x30-8 262mm-4
2026-04-16 19:33:47,260 INFO  ExportHelperExtension.cs: 1136 - Found 25 in BSB 30x30-8 262mm-4
2026-04-16 19:33:47,260 INFO  ExportHelperExtension.cs: 1145 - Found 0 features of type [CoordSys] in BSB 30x30-8 262mm-4
2026-04-16 19:33:47,260 INFO  ExportHelperExtension.cs: 1125 - Retrieving features of type [CoordSys] from 90degree angle bracket 30x30-8(M6)-3
2026-04-16 19:33:47,661 INFO  ExportHelperExtension.cs: 1136 - Found 36 in 90degree angle bracket 30x30-8(M6)-3
2026-04-16 19:33:47,661 INFO  ExportHelperExtension.cs: 1145 - Found 0 features of type [CoordSys] in 90degree angle bracket 30x30-8(M6)-3
2026-04-16 19:33:47,661 INFO  ExportHelperExtension.cs: 1125 - Retrieving features of type [CoordSys] from wheel assembly-2
2026-04-16 19:33:47,661 INFO  ExportHelperExtension.cs: 1136 - Found 82 in wheel assembly-2
2026-04-16 19:33:47,663 INFO  ExportHelperExtension.cs: 1145 - Found 0 features of type [CoordSys] in wheel assembly-2
2026-04-16 19:33:47,663 INFO  ExportHelperExtension.cs: 1125 - Retrieving features of type [CoordSys] from 90degree angle bracket 30x30-8(M6)-1
2026-04-16 19:33:47,663 INFO  ExportHelperExtension.cs: 1136 - Found 36 in 90degree angle bracket 30x30-8(M6)-1
2026-04-16 19:33:47,663 INFO  ExportHelperExtension.cs: 1145 - Found 0 features of type [CoordSys] in 90degree angle bracket 30x30-8(M6)-1
2026-04-16 19:33:47,663 INFO  ExportHelperExtension.cs: 1125 - Retrieving features of type [CoordSys] from 90degree angle bracket 30x30-8(M6)-4
2026-04-16 19:33:47,663 INFO  ExportHelperExtension.cs: 1136 - Found 36 in 90degree angle bracket 30x30-8(M6)-4
2026-04-16 19:33:47,663 INFO  ExportHelperExtension.cs: 1145 - Found 0 features of type [CoordSys] in 90degree angle bracket 30x30-8(M6)-4
2026-04-16 19:33:47,663 INFO  ExportHelperExtension.cs: 1125 - Retrieving features of type [CoordSys] from 90degree angle bracket 30x30-8(M6)-5
2026-04-16 19:33:47,663 INFO  ExportHelperExtension.cs: 1136 - Found 36 in 90degree angle bracket 30x30-8(M6)-5
2026-04-16 19:33:47,665 INFO  ExportHelperExtension.cs: 1145 - Found 0 features of type [CoordSys] in 90degree angle bracket 30x30-8(M6)-5
2026-04-16 19:33:47,665 INFO  ExportHelperExtension.cs: 1125 - Retrieving features of type [CoordSys] from 90degree angle bracket 30x30-8(M6)-7
2026-04-16 19:33:47,665 INFO  ExportHelperExtension.cs: 1136 - Found 36 in 90degree angle bracket 30x30-8(M6)-7
2026-04-16 19:33:47,665 INFO  ExportHelperExtension.cs: 1145 - Found 0 features of type [CoordSys] in 90degree angle bracket 30x30-8(M6)-7
2026-04-16 19:33:47,665 INFO  ExportHelperExtension.cs: 1125 - Retrieving features of type [CoordSys] from 90degree angle bracket 30x30-8(M6)-8
2026-04-16 19:33:47,665 INFO  ExportHelperExtension.cs: 1136 - Found 36 in 90degree angle bracket 30x30-8(M6)-8
2026-04-16 19:33:47,665 INFO  ExportHelperExtension.cs: 1145 - Found 0 features of type [CoordSys] in 90degree angle bracket 30x30-8(M6)-8
2026-04-16 19:33:47,665 INFO  ExportHelperExtension.cs: 1125 - Retrieving features of type [CoordSys] from 90degree angle bracket 30x30-8(M6)-2
2026-04-16 19:33:47,665 INFO  ExportHelperExtension.cs: 1136 - Found 36 in 90degree angle bracket 30x30-8(M6)-2
2026-04-16 19:33:47,667 INFO  ExportHelperExtension.cs: 1145 - Found 0 features of type [CoordSys] in 90degree angle bracket 30x30-8(M6)-2
2026-04-16 19:33:47,667 INFO  ExportHelperExtension.cs: 1125 - Retrieving features of type [CoordSys] from 90degree angle bracket 30x30-8(M6)-14
2026-04-16 19:33:47,667 INFO  ExportHelperExtension.cs: 1136 - Found 36 in 90degree angle bracket 30x30-8(M6)-14
2026-04-16 19:33:47,667 INFO  ExportHelperExtension.cs: 1145 - Found 0 features of type [CoordSys] in 90degree angle bracket 30x30-8(M6)-14
2026-04-16 19:33:47,667 INFO  ExportHelperExtension.cs: 1125 - Retrieving features of type [CoordSys] from 90degree angle bracket 30x30-8(M6)-13
2026-04-16 19:33:47,667 INFO  ExportHelperExtension.cs: 1136 - Found 36 in 90degree angle bracket 30x30-8(M6)-13
2026-04-16 19:33:47,667 INFO  ExportHelperExtension.cs: 1145 - Found 0 features of type [CoordSys] in 90degree angle bracket 30x30-8(M6)-13
2026-04-16 19:33:47,667 INFO  ExportHelperExtension.cs: 1125 - Retrieving features of type [CoordSys] from Front cover^Full assembly-1
2026-04-16 19:33:47,669 INFO  ExportHelperExtension.cs: 1136 - Found 66 in Front cover^Full assembly-1
2026-04-16 19:33:47,669 INFO  ExportHelperExtension.cs: 1145 - Found 0 features of type [CoordSys] in Front cover^Full assembly-1
2026-04-16 19:33:47,669 INFO  ExportHelperExtension.cs: 1125 - Retrieving features of type [CoordSys] from HC-SR04-1
2026-04-16 19:33:47,669 INFO  ExportHelperExtension.cs: 1136 - Found 169 in HC-SR04-1
2026-04-16 19:33:47,669 INFO  ExportHelperExtension.cs: 1145 - Found 0 features of type [CoordSys] in HC-SR04-1
2026-04-16 19:33:47,669 INFO  ExportHelperExtension.cs: 1125 - Retrieving features of type [CoordSys] from 90degree angle bracket 30x30-8(M6)-11
2026-04-16 19:33:47,671 INFO  ExportHelperExtension.cs: 1136 - Found 36 in 90degree angle bracket 30x30-8(M6)-11
2026-04-16 19:33:47,671 INFO  ExportHelperExtension.cs: 1145 - Found 0 features of type [CoordSys] in 90degree angle bracket 30x30-8(M6)-11
2026-04-16 19:33:47,671 INFO  ExportHelperExtension.cs: 1125 - Retrieving features of type [CoordSys] from 90degree angle bracket 30x30-8(M6)-15
2026-04-16 19:33:47,671 INFO  ExportHelperExtension.cs: 1136 - Found 36 in 90degree angle bracket 30x30-8(M6)-15
2026-04-16 19:33:47,671 INFO  ExportHelperExtension.cs: 1145 - Found 0 features of type [CoordSys] in 90degree angle bracket 30x30-8(M6)-15
2026-04-16 19:33:47,671 INFO  ExportHelperExtension.cs: 1125 - Retrieving features of type [CoordSys] from 90degree angle bracket 30x30-8(M6)-17
2026-04-16 19:33:47,671 INFO  ExportHelperExtension.cs: 1136 - Found 36 in 90degree angle bracket 30x30-8(M6)-17
2026-04-16 19:33:47,671 INFO  ExportHelperExtension.cs: 1145 - Found 0 features of type [CoordSys] in 90degree angle bracket 30x30-8(M6)-17
2026-04-16 19:33:47,671 INFO  ExportHelperExtension.cs: 1125 - Retrieving features of type [CoordSys] from DCNLM50NBXX.step-1
2026-04-16 19:33:47,671 INFO  ExportHelperExtension.cs: 1136 - Found 36 in DCNLM50NBXX.step-1
2026-04-16 19:33:47,671 INFO  ExportHelperExtension.cs: 1145 - Found 0 features of type [CoordSys] in DCNLM50NBXX.step-1
2026-04-16 19:33:47,671 INFO  ExportHelperExtension.cs: 1125 - Retrieving features of type [CoordSys] from Side^Full assembly-1
2026-04-16 19:33:47,671 INFO  ExportHelperExtension.cs: 1136 - Found 53 in Side^Full assembly-1
2026-04-16 19:33:47,671 INFO  ExportHelperExtension.cs: 1145 - Found 0 features of type [CoordSys] in Side^Full assembly-1
2026-04-16 19:33:47,671 INFO  ExportHelperExtension.cs: 1125 - Retrieving features of type [CoordSys] from 90degree angle bracket 30x30-8(M6)-12
2026-04-16 19:33:47,671 INFO  ExportHelperExtension.cs: 1136 - Found 36 in 90degree angle bracket 30x30-8(M6)-12
2026-04-16 19:33:47,671 INFO  ExportHelperExtension.cs: 1145 - Found 0 features of type [CoordSys] in 90degree angle bracket 30x30-8(M6)-12
2026-04-16 19:33:47,671 INFO  ExportHelperExtension.cs: 1125 - Retrieving features of type [CoordSys] from 90degree angle bracket 30x30-8(M6)-10
2026-04-16 19:33:47,671 INFO  ExportHelperExtension.cs: 1136 - Found 36 in 90degree angle bracket 30x30-8(M6)-10
2026-04-16 19:33:47,671 INFO  ExportHelperExtension.cs: 1145 - Found 0 features of type [CoordSys] in 90degree angle bracket 30x30-8(M6)-10
2026-04-16 19:33:47,671 INFO  ExportHelperExtension.cs: 1125 - Retrieving features of type [CoordSys] from 90degree angle bracket 30x30-8(M6)-16
2026-04-16 19:33:47,671 INFO  ExportHelperExtension.cs: 1136 - Found 36 in 90degree angle bracket 30x30-8(M6)-16
2026-04-16 19:33:47,671 INFO  ExportHelperExtension.cs: 1145 - Found 0 features of type [CoordSys] in 90degree angle bracket 30x30-8(M6)-16
2026-04-16 19:33:47,671 INFO  ExportHelperExtension.cs: 1125 - Retrieving features of type [CoordSys] from D435IF without cover-1
2026-04-16 19:33:47,671 INFO  ExportHelperExtension.cs: 1136 - Found 27 in D435IF without cover-1
2026-04-16 19:33:47,671 INFO  ExportHelperExtension.cs: 1145 - Found 0 features of type [CoordSys] in D435IF without cover-1
2026-04-16 19:33:47,671 INFO  ExportHelperExtension.cs: 1125 - Retrieving features of type [CoordSys] from YDLiDAR T-mini Plus-1
2026-04-16 19:33:47,671 INFO  ExportHelperExtension.cs: 1136 - Found 25 in YDLiDAR T-mini Plus-1
2026-04-16 19:33:47,671 INFO  ExportHelperExtension.cs: 1145 - Found 0 features of type [CoordSys] in YDLiDAR T-mini Plus-1
2026-04-16 19:33:47,671 INFO  ExportHelperExtension.cs: 1125 - Retrieving features of type [CoordSys] from HC-SR04-3
2026-04-16 19:33:47,671 INFO  ExportHelperExtension.cs: 1136 - Found 169 in HC-SR04-3
2026-04-16 19:33:47,671 INFO  ExportHelperExtension.cs: 1145 - Found 0 features of type [CoordSys] in HC-SR04-3
2026-04-16 19:33:47,671 INFO  ExportHelperExtension.cs: 1125 - Retrieving features of type [CoordSys] from Sideplate^Full assembly-1
2026-04-16 19:33:47,671 INFO  ExportHelperExtension.cs: 1136 - Found 27 in Sideplate^Full assembly-1
2026-04-16 19:33:47,671 INFO  ExportHelperExtension.cs: 1145 - Found 0 features of type [CoordSys] in Sideplate^Full assembly-1
2026-04-16 19:33:47,671 INFO  ExportHelperExtension.cs: 1125 - Retrieving features of type [CoordSys] from Topplates^Full assembly-1
2026-04-16 19:33:47,671 INFO  ExportHelperExtension.cs: 1136 - Found 28 in Topplates^Full assembly-1
2026-04-16 19:33:47,671 INFO  ExportHelperExtension.cs: 1145 - Found 0 features of type [CoordSys] in Topplates^Full assembly-1
2026-04-16 19:33:47,671 INFO  ExportHelperExtension.cs: 1125 - Retrieving features of type [CoordSys] from RearCover^Full assembly-2
2026-04-16 19:33:47,671 INFO  ExportHelperExtension.cs: 1136 - Found 66 in RearCover^Full assembly-2
2026-04-16 19:33:47,671 INFO  ExportHelperExtension.cs: 1145 - Found 0 features of type [CoordSys] in RearCover^Full assembly-2
2026-04-16 19:33:47,671 INFO  ExportHelperExtension.cs: 1125 - Retrieving features of type [CoordSys] from 50wr5j cement resistor.step-3
2026-04-16 19:33:47,671 INFO  ExportHelperExtension.cs: 1136 - Found 36 in 50wr5j cement resistor.step-3
2026-04-16 19:33:47,671 INFO  ExportHelperExtension.cs: 1145 - Found 0 features of type [CoordSys] in 50wr5j cement resistor.step-3
2026-04-16 19:33:47,671 INFO  ExportHelperExtension.cs: 1125 - Retrieving features of type [CoordSys] from 50wr5j cement resistor.step-4
2026-04-16 19:33:47,671 INFO  ExportHelperExtension.cs: 1136 - Found 36 in 50wr5j cement resistor.step-4
2026-04-16 19:33:47,671 INFO  ExportHelperExtension.cs: 1145 - Found 0 features of type [CoordSys] in 50wr5j cement resistor.step-4
2026-04-16 19:33:47,671 INFO  ExportHelperExtension.cs: 1125 - Retrieving features of type [CoordSys] from JK-BD6A20S10P (1)-1
2026-04-16 19:33:47,671 INFO  ExportHelperExtension.cs: 1136 - Found 41 in JK-BD6A20S10P (1)-1
2026-04-16 19:33:47,671 INFO  ExportHelperExtension.cs: 1145 - Found 0 features of type [CoordSys] in JK-BD6A20S10P (1)-1
2026-04-16 19:33:47,671 INFO  ExportHelperExtension.cs: 1125 - Retrieving features of type [CoordSys] from D435IF without cover-2
2026-04-16 19:33:47,671 INFO  ExportHelperExtension.cs: 1136 - Found 27 in D435IF without cover-2
2026-04-16 19:33:47,671 INFO  ExportHelperExtension.cs: 1145 - Found 0 features of type [CoordSys] in D435IF without cover-2
2026-04-16 19:33:47,671 INFO  ExportHelperExtension.cs: 1125 - Retrieving features of type [CoordSys] from 20-60v 12v 3a converter-1
2026-04-16 19:33:47,671 INFO  ExportHelperExtension.cs: 1136 - Found 33 in 20-60v 12v 3a converter-1
2026-04-16 19:33:47,671 INFO  ExportHelperExtension.cs: 1145 - Found 0 features of type [CoordSys] in 20-60v 12v 3a converter-1
2026-04-16 19:33:47,671 INFO  ExportHelperExtension.cs: 1125 - Retrieving features of type [CoordSys] from 50wr5j cement resistor.step-1
2026-04-16 19:33:47,671 INFO  ExportHelperExtension.cs: 1136 - Found 36 in 50wr5j cement resistor.step-1
2026-04-16 19:33:47,671 INFO  ExportHelperExtension.cs: 1145 - Found 0 features of type [CoordSys] in 50wr5j cement resistor.step-1
2026-04-16 19:33:47,671 INFO  ExportHelperExtension.cs: 1125 - Retrieving features of type [CoordSys] from Littelfuse-Solenoids-Relays-DCNEV250-Series-3D Model.step-1
2026-04-16 19:33:47,671 INFO  ExportHelperExtension.cs: 1136 - Found 36 in Littelfuse-Solenoids-Relays-DCNEV250-Series-3D Model.step-1
2026-04-16 19:33:47,671 INFO  ExportHelperExtension.cs: 1145 - Found 0 features of type [CoordSys] in Littelfuse-Solenoids-Relays-DCNEV250-Series-3D Model.step-1
2026-04-16 19:33:47,671 INFO  ExportHelperExtension.cs: 1125 - Retrieving features of type [CoordSys] from Jetsonorin-1
2026-04-16 19:33:47,687 INFO  ExportHelperExtension.cs: 1136 - Found 471 in Jetsonorin-1
2026-04-16 19:33:47,687 INFO  ExportHelperExtension.cs: 1145 - Found 0 features of type [CoordSys] in Jetsonorin-1
2026-04-16 19:33:47,687 INFO  ExportHelperExtension.cs: 1125 - Retrieving features of type [CoordSys] from Acer USB Hub-1
2026-04-16 19:33:47,687 INFO  ExportHelperExtension.cs: 1136 - Found 42 in Acer USB Hub-1
2026-04-16 19:33:47,687 INFO  ExportHelperExtension.cs: 1145 - Found 0 features of type [CoordSys] in Acer USB Hub-1
2026-04-16 19:33:47,687 INFO  ExportHelperExtension.cs: 1125 - Retrieving features of type [CoordSys] from ADAFRUIT bno085 IMU-1
2026-04-16 19:33:47,687 INFO  ExportHelperExtension.cs: 1136 - Found 123 in ADAFRUIT bno085 IMU-1
2026-04-16 19:33:47,687 INFO  ExportHelperExtension.cs: 1145 - Found 0 features of type [CoordSys] in ADAFRUIT bno085 IMU-1
2026-04-16 19:33:47,687 INFO  ExportHelperExtension.cs: 1125 - Retrieving features of type [CoordSys] from Part3^Full assembly-1
2026-04-16 19:33:47,687 INFO  ExportHelperExtension.cs: 1136 - Found 57 in Part3^Full assembly-1
2026-04-16 19:33:47,687 INFO  ExportHelperExtension.cs: 1145 - Found 0 features of type [CoordSys] in Part3^Full assembly-1
2026-04-16 19:33:47,687 INFO  ExportHelperExtension.cs: 1125 - Retrieving features of type [CoordSys] from 50wr5j cement resistor.step-2
2026-04-16 19:33:47,687 INFO  ExportHelperExtension.cs: 1136 - Found 36 in 50wr5j cement resistor.step-2
2026-04-16 19:33:47,687 INFO  ExportHelperExtension.cs: 1145 - Found 0 features of type [CoordSys] in 50wr5j cement resistor.step-2
2026-04-16 19:33:47,687 INFO  ExportHelperExtension.cs: 1125 - Retrieving features of type [CoordSys] from Part256^Full assembly-1
2026-04-16 19:33:47,687 INFO  ExportHelperExtension.cs: 1136 - Found 59 in Part256^Full assembly-1
2026-04-16 19:33:47,687 INFO  ExportHelperExtension.cs: 1145 - Found 0 features of type [CoordSys] in Part256^Full assembly-1
2026-04-16 19:33:47,687 INFO  ExportHelperExtension.cs: 1125 - Retrieving features of type [CoordSys] from robosense airy.step-1
2026-04-16 19:33:47,687 INFO  ExportHelperExtension.cs: 1136 - Found 23 in robosense airy.step-1
2026-04-16 19:33:47,687 INFO  ExportHelperExtension.cs: 1145 - Found 0 features of type [CoordSys] in robosense airy.step-1
2026-04-16 19:33:47,687 INFO  ExportHelperExtension.cs: 1125 - Retrieving features of type [CoordSys] from HC-SR04-5
2026-04-16 19:33:47,687 INFO  ExportHelperExtension.cs: 1136 - Found 169 in HC-SR04-5
2026-04-16 19:33:47,687 INFO  ExportHelperExtension.cs: 1145 - Found 0 features of type [CoordSys] in HC-SR04-5
2026-04-16 19:33:47,687 INFO  ExportHelperExtension.cs: 1125 - Retrieving features of type [CoordSys] from front plates v2^Full assembly-1
2026-04-16 19:33:47,687 INFO  ExportHelperExtension.cs: 1136 - Found 79 in front plates v2^Full assembly-1
2026-04-16 19:33:47,687 INFO  ExportHelperExtension.cs: 1145 - Found 0 features of type [CoordSys] in front plates v2^Full assembly-1
2026-04-16 19:33:47,687 INFO  ExportHelperExtension.cs: 1125 - Retrieving features of type [CoordSys] from 80x80x25 9 blade fan.STEP-1
2026-04-16 19:33:47,687 INFO  ExportHelperExtension.cs: 1136 - Found 24 in 80x80x25 9 blade fan.STEP-1
2026-04-16 19:33:47,687 INFO  ExportHelperExtension.cs: 1145 - Found 0 features of type [CoordSys] in 80x80x25 9 blade fan.STEP-1
2026-04-16 19:33:47,687 INFO  ExportHelperExtension.cs: 1125 - Retrieving features of type [CoordSys] from 90degree angle bracket 30x30-8(M6)-58
2026-04-16 19:33:47,687 INFO  ExportHelperExtension.cs: 1136 - Found 36 in 90degree angle bracket 30x30-8(M6)-58
2026-04-16 19:33:47,687 INFO  ExportHelperExtension.cs: 1145 - Found 0 features of type [CoordSys] in 90degree angle bracket 30x30-8(M6)-58
2026-04-16 19:33:47,687 INFO  ExportHelperExtension.cs: 1125 - Retrieving features of type [CoordSys] from 90degree angle bracket 30x30-8(M6)-59
2026-04-16 19:33:47,687 INFO  ExportHelperExtension.cs: 1136 - Found 36 in 90degree angle bracket 30x30-8(M6)-59
2026-04-16 19:33:47,687 INFO  ExportHelperExtension.cs: 1145 - Found 0 features of type [CoordSys] in 90degree angle bracket 30x30-8(M6)-59
2026-04-16 19:33:47,687 INFO  ExportHelperExtension.cs: 1125 - Retrieving features of type [CoordSys] from 90degree angle bracket 30x30-8(M6)-57
2026-04-16 19:33:47,687 INFO  ExportHelperExtension.cs: 1136 - Found 36 in 90degree angle bracket 30x30-8(M6)-57
2026-04-16 19:33:47,687 INFO  ExportHelperExtension.cs: 1145 - Found 0 features of type [CoordSys] in 90degree angle bracket 30x30-8(M6)-57
2026-04-16 19:33:47,687 INFO  ExportHelperExtension.cs: 1125 - Retrieving features of type [CoordSys] from 90degree angle bracket 30x30-8(M6)-63
2026-04-16 19:33:47,687 INFO  ExportHelperExtension.cs: 1136 - Found 36 in 90degree angle bracket 30x30-8(M6)-63
2026-04-16 19:33:47,687 INFO  ExportHelperExtension.cs: 1145 - Found 0 features of type [CoordSys] in 90degree angle bracket 30x30-8(M6)-63
2026-04-16 19:33:47,687 INFO  ExportHelperExtension.cs: 1125 - Retrieving features of type [CoordSys] from YDLiDAR T-mini Plus-3
2026-04-16 19:33:47,687 INFO  ExportHelperExtension.cs: 1136 - Found 25 in YDLiDAR T-mini Plus-3
2026-04-16 19:33:47,687 INFO  ExportHelperExtension.cs: 1145 - Found 0 features of type [CoordSys] in YDLiDAR T-mini Plus-3
2026-04-16 19:33:47,703 INFO  ExportHelperExtension.cs: 1125 - Retrieving features of type [CoordSys] from Sideplate^Full assembly-3
2026-04-16 19:33:47,703 INFO  ExportHelperExtension.cs: 1136 - Found 27 in Sideplate^Full assembly-3
2026-04-16 19:33:47,703 INFO  ExportHelperExtension.cs: 1145 - Found 0 features of type [CoordSys] in Sideplate^Full assembly-3
2026-04-16 19:33:47,703 INFO  ExportHelperExtension.cs: 1125 - Retrieving features of type [CoordSys] from Side^Full assembly-2
2026-04-16 19:33:47,703 INFO  ExportHelperExtension.cs: 1136 - Found 53 in Side^Full assembly-2
2026-04-16 19:33:47,703 INFO  ExportHelperExtension.cs: 1145 - Found 0 features of type [CoordSys] in Side^Full assembly-2
2026-04-16 19:33:47,703 INFO  ExportHelperExtension.cs: 1125 - Retrieving features of type [CoordSys] from Topplates^Full assembly-2
2026-04-16 19:33:47,703 INFO  ExportHelperExtension.cs: 1136 - Found 28 in Topplates^Full assembly-2
2026-04-16 19:33:47,705 INFO  ExportHelperExtension.cs: 1145 - Found 0 features of type [CoordSys] in Topplates^Full assembly-2
2026-04-16 19:33:47,705 INFO  ExportHelperExtension.cs: 1125 - Retrieving features of type [CoordSys] from 90degree angle bracket 30x30-8(M6)-61
2026-04-16 19:33:47,705 INFO  ExportHelperExtension.cs: 1136 - Found 36 in 90degree angle bracket 30x30-8(M6)-61
2026-04-16 19:33:47,707 INFO  ExportHelperExtension.cs: 1145 - Found 0 features of type [CoordSys] in 90degree angle bracket 30x30-8(M6)-61
2026-04-16 19:33:47,707 INFO  ExportHelperExtension.cs: 1125 - Retrieving features of type [CoordSys] from 90degree angle bracket 30x30-8(M6)-62
2026-04-16 19:33:47,709 INFO  ExportHelperExtension.cs: 1136 - Found 36 in 90degree angle bracket 30x30-8(M6)-62
2026-04-16 19:33:47,709 INFO  ExportHelperExtension.cs: 1145 - Found 0 features of type [CoordSys] in 90degree angle bracket 30x30-8(M6)-62
2026-04-16 19:33:47,709 INFO  ExportHelperExtension.cs: 1125 - Retrieving features of type [CoordSys] from 90degree angle bracket 30x30-8(M6)-60
2026-04-16 19:33:47,709 INFO  ExportHelperExtension.cs: 1136 - Found 36 in 90degree angle bracket 30x30-8(M6)-60
2026-04-16 19:33:47,709 INFO  ExportHelperExtension.cs: 1145 - Found 0 features of type [CoordSys] in 90degree angle bracket 30x30-8(M6)-60
2026-04-16 19:33:47,709 INFO  ExportHelperExtension.cs: 1125 - Retrieving features of type [CoordSys] from 90degree angle bracket 30x30-8(M6)-65
2026-04-16 19:33:47,709 INFO  ExportHelperExtension.cs: 1136 - Found 36 in 90degree angle bracket 30x30-8(M6)-65
2026-04-16 19:33:47,711 INFO  ExportHelperExtension.cs: 1145 - Found 0 features of type [CoordSys] in 90degree angle bracket 30x30-8(M6)-65
2026-04-16 19:33:47,711 INFO  ExportHelperExtension.cs: 1125 - Retrieving features of type [CoordSys] from Sideplate^Full assembly-2
2026-04-16 19:33:47,713 INFO  ExportHelperExtension.cs: 1136 - Found 27 in Sideplate^Full assembly-2
2026-04-16 19:33:47,713 INFO  ExportHelperExtension.cs: 1145 - Found 0 features of type [CoordSys] in Sideplate^Full assembly-2
2026-04-16 19:33:47,713 INFO  ExportHelperExtension.cs: 1125 - Retrieving features of type [CoordSys] from MirrorHC-SR04-5
2026-04-16 19:33:47,713 INFO  ExportHelperExtension.cs: 1136 - Found 34 in MirrorHC-SR04-5
2026-04-16 19:33:47,713 INFO  ExportHelperExtension.cs: 1145 - Found 0 features of type [CoordSys] in MirrorHC-SR04-5
2026-04-16 19:33:47,715 INFO  ExportHelperExtension.cs: 1125 - Retrieving features of type [CoordSys] from 90degree angle bracket 30x30-8(M6)-64
2026-04-16 19:33:47,715 INFO  ExportHelperExtension.cs: 1136 - Found 36 in 90degree angle bracket 30x30-8(M6)-64
2026-04-16 19:33:47,715 INFO  ExportHelperExtension.cs: 1145 - Found 0 features of type [CoordSys] in 90degree angle bracket 30x30-8(M6)-64
2026-04-16 19:33:47,715 INFO  ExportHelperExtension.cs: 1125 - Retrieving features of type [CoordSys] from MirrorSideplate^Full assembly-3
2026-04-16 19:33:47,715 INFO  ExportHelperExtension.cs: 1136 - Found 34 in MirrorSideplate^Full assembly-3
2026-04-16 19:33:47,715 INFO  ExportHelperExtension.cs: 1145 - Found 0 features of type [CoordSys] in MirrorSideplate^Full assembly-3
2026-04-16 19:33:47,715 INFO  ExportHelperExtension.cs: 1125 - Retrieving features of type [CoordSys] from HC-SR04-4
2026-04-16 19:33:47,715 INFO  ExportHelperExtension.cs: 1136 - Found 169 in HC-SR04-4
2026-04-16 19:33:47,717 INFO  ExportHelperExtension.cs: 1145 - Found 0 features of type [CoordSys] in HC-SR04-4
2026-04-16 19:33:47,717 INFO  ExportHelperExtension.cs: 1125 - Retrieving features of type [CoordSys] from BSB 30x30-8 162mm-3
2026-04-16 19:33:47,717 INFO  ExportHelperExtension.cs: 1136 - Found 25 in BSB 30x30-8 162mm-3
2026-04-16 19:33:47,717 INFO  ExportHelperExtension.cs: 1145 - Found 0 features of type [CoordSys] in BSB 30x30-8 162mm-3
2026-04-16 19:33:47,717 INFO  ExportHelperExtension.cs: 1125 - Retrieving features of type [CoordSys] from CB3914895EA-50Ah Cell-1
2026-04-16 19:33:47,719 INFO  ExportHelperExtension.cs: 1136 - Found 74 in CB3914895EA-50Ah Cell-1
2026-04-16 19:33:47,719 INFO  ExportHelperExtension.cs: 1145 - Found 0 features of type [CoordSys] in CB3914895EA-50Ah Cell-1
2026-04-16 19:33:47,719 INFO  ExportHelperExtension.cs: 1125 - Retrieving features of type [CoordSys] from BSB 30x30-8 324mm-1
2026-04-16 19:33:47,719 INFO  ExportHelperExtension.cs: 1136 - Found 25 in BSB 30x30-8 324mm-1
2026-04-16 19:33:47,719 INFO  ExportHelperExtension.cs: 1145 - Found 0 features of type [CoordSys] in BSB 30x30-8 324mm-1
2026-04-16 19:33:47,719 INFO  ExportHelperExtension.cs: 1125 - Retrieving features of type [CoordSys] from BSB 30x30-8 324mm-2
2026-04-16 19:33:47,719 INFO  ExportHelperExtension.cs: 1136 - Found 25 in BSB 30x30-8 324mm-2
2026-04-16 19:33:47,719 INFO  ExportHelperExtension.cs: 1145 - Found 0 features of type [CoordSys] in BSB 30x30-8 324mm-2
2026-04-16 19:33:47,721 INFO  ExportHelperExtension.cs: 1125 - Retrieving features of type [CoordSys] from BSB 30x30-8 262mm-2
2026-04-16 19:33:47,721 INFO  ExportHelperExtension.cs: 1136 - Found 25 in BSB 30x30-8 262mm-2
2026-04-16 19:33:47,721 INFO  ExportHelperExtension.cs: 1145 - Found 0 features of type [CoordSys] in BSB 30x30-8 262mm-2
2026-04-16 19:33:47,721 INFO  ExportHelperExtension.cs: 1125 - Retrieving features of type [CoordSys] from BSB 30x30-8 262mm-1
2026-04-16 19:33:47,721 INFO  ExportHelperExtension.cs: 1136 - Found 25 in BSB 30x30-8 262mm-1
2026-04-16 19:33:47,721 INFO  ExportHelperExtension.cs: 1145 - Found 0 features of type [CoordSys] in BSB 30x30-8 262mm-1
2026-04-16 19:33:47,721 INFO  ExportHelperExtension.cs: 1125 - Retrieving features of type [CoordSys] from BSB 30x30-8 444mm-4
2026-04-16 19:33:47,721 INFO  ExportHelperExtension.cs: 1136 - Found 25 in BSB 30x30-8 444mm-4
2026-04-16 19:33:47,721 INFO  ExportHelperExtension.cs: 1145 - Found 0 features of type [CoordSys] in BSB 30x30-8 444mm-4
2026-04-16 19:33:47,723 INFO  ExportHelperExtension.cs: 1125 - Retrieving features of type [CoordSys] from BSB 30x30-8 444mm-7
2026-04-16 19:33:47,723 INFO  ExportHelperExtension.cs: 1136 - Found 25 in BSB 30x30-8 444mm-7
2026-04-16 19:33:47,723 INFO  ExportHelperExtension.cs: 1145 - Found 0 features of type [CoordSys] in BSB 30x30-8 444mm-7
2026-04-16 19:33:47,723 INFO  ExportHelperExtension.cs: 1125 - Retrieving features of type [CoordSys] from BSB 30x30-8 162mm-1
2026-04-16 19:33:47,723 INFO  ExportHelperExtension.cs: 1136 - Found 25 in BSB 30x30-8 162mm-1
2026-04-16 19:33:47,723 INFO  ExportHelperExtension.cs: 1145 - Found 0 features of type [CoordSys] in BSB 30x30-8 162mm-1
2026-04-16 19:33:47,723 INFO  ExportHelperExtension.cs: 1125 - Retrieving features of type [CoordSys] from BSB 30x30-8 322mm (tapped ends)-1
2026-04-16 19:33:47,723 INFO  ExportHelperExtension.cs: 1136 - Found 25 in BSB 30x30-8 322mm (tapped ends)-1
2026-04-16 19:33:47,725 INFO  ExportHelperExtension.cs: 1145 - Found 0 features of type [CoordSys] in BSB 30x30-8 322mm (tapped ends)-1
2026-04-16 19:33:47,725 INFO  ExportHelperExtension.cs: 1125 - Retrieving features of type [CoordSys] from BSB 30x30-8 162mm-4
2026-04-16 19:33:47,725 INFO  ExportHelperExtension.cs: 1136 - Found 25 in BSB 30x30-8 162mm-4
2026-04-16 19:33:47,725 INFO  ExportHelperExtension.cs: 1145 - Found 0 features of type [CoordSys] in BSB 30x30-8 162mm-4
2026-04-16 19:33:47,725 INFO  ExportHelperExtension.cs: 1125 - Retrieving features of type [CoordSys] from BSB 30x30-8 162mm-7
2026-04-16 19:33:47,725 INFO  ExportHelperExtension.cs: 1136 - Found 25 in BSB 30x30-8 162mm-7
2026-04-16 19:33:47,725 INFO  ExportHelperExtension.cs: 1145 - Found 0 features of type [CoordSys] in BSB 30x30-8 162mm-7
2026-04-16 19:33:47,725 INFO  ExportHelperExtension.cs: 1125 - Retrieving features of type [CoordSys] from BSB 30x30-8 90mm-4
2026-04-16 19:33:47,725 INFO  ExportHelperExtension.cs: 1136 - Found 25 in BSB 30x30-8 90mm-4
2026-04-16 19:33:47,727 INFO  ExportHelperExtension.cs: 1145 - Found 0 features of type [CoordSys] in BSB 30x30-8 90mm-4
2026-04-16 19:33:47,727 INFO  ExportHelperExtension.cs: 1125 - Retrieving features of type [CoordSys] from BSB 30x30-8 162mm-14
2026-04-16 19:33:47,727 INFO  ExportHelperExtension.cs: 1136 - Found 25 in BSB 30x30-8 162mm-14
2026-04-16 19:33:47,727 INFO  ExportHelperExtension.cs: 1145 - Found 0 features of type [CoordSys] in BSB 30x30-8 162mm-14
2026-04-16 19:33:47,727 INFO  ExportHelperExtension.cs: 1125 - Retrieving features of type [CoordSys] from BSB 30x30-8 90mm-2
2026-04-16 19:33:47,727 INFO  ExportHelperExtension.cs: 1136 - Found 25 in BSB 30x30-8 90mm-2
2026-04-16 19:33:47,727 INFO  ExportHelperExtension.cs: 1145 - Found 0 features of type [CoordSys] in BSB 30x30-8 90mm-2
2026-04-16 19:33:47,727 INFO  ExportHelperExtension.cs: 1125 - Retrieving features of type [CoordSys] from BSB 30x30-8 90mm-3
2026-04-16 19:33:47,727 INFO  ExportHelperExtension.cs: 1136 - Found 25 in BSB 30x30-8 90mm-3
2026-04-16 19:33:47,729 INFO  ExportHelperExtension.cs: 1145 - Found 0 features of type [CoordSys] in BSB 30x30-8 90mm-3
2026-04-16 19:33:47,729 INFO  ExportHelperExtension.cs: 1125 - Retrieving features of type [CoordSys] from BSB 30x30-8 162mm-5
2026-04-16 19:33:47,729 INFO  ExportHelperExtension.cs: 1136 - Found 25 in BSB 30x30-8 162mm-5
2026-04-16 19:33:47,729 INFO  ExportHelperExtension.cs: 1145 - Found 0 features of type [CoordSys] in BSB 30x30-8 162mm-5
2026-04-16 19:33:47,729 INFO  ExportHelperExtension.cs: 1125 - Retrieving features of type [CoordSys] from BSB 30x30-8 322mm (tapped ends)-2
2026-04-16 19:33:47,731 INFO  ExportHelperExtension.cs: 1136 - Found 25 in BSB 30x30-8 322mm (tapped ends)-2
2026-04-16 19:33:47,731 INFO  ExportHelperExtension.cs: 1145 - Found 0 features of type [CoordSys] in BSB 30x30-8 322mm (tapped ends)-2
2026-04-16 19:33:47,731 INFO  ExportHelperExtension.cs: 1125 - Retrieving features of type [CoordSys] from BSB 30x30-8 162mm-6
2026-04-16 19:33:47,731 INFO  ExportHelperExtension.cs: 1136 - Found 25 in BSB 30x30-8 162mm-6
2026-04-16 19:33:47,731 INFO  ExportHelperExtension.cs: 1145 - Found 0 features of type [CoordSys] in BSB 30x30-8 162mm-6
2026-04-16 19:33:47,731 INFO  ExportHelperExtension.cs: 1125 - Retrieving features of type [CoordSys] from BSB 30x30-8 162mm-8
2026-04-16 19:33:47,731 INFO  ExportHelperExtension.cs: 1136 - Found 25 in BSB 30x30-8 162mm-8
2026-04-16 19:33:47,733 INFO  ExportHelperExtension.cs: 1145 - Found 0 features of type [CoordSys] in BSB 30x30-8 162mm-8
2026-04-16 19:33:47,733 INFO  ExportHelperExtension.cs: 1125 - Retrieving features of type [CoordSys] from BSB 30x30-8 162mm-9
2026-04-16 19:33:47,733 INFO  ExportHelperExtension.cs: 1136 - Found 25 in BSB 30x30-8 162mm-9
2026-04-16 19:33:47,733 INFO  ExportHelperExtension.cs: 1145 - Found 0 features of type [CoordSys] in BSB 30x30-8 162mm-9
2026-04-16 19:33:47,735 INFO  ExportHelperExtension.cs: 1125 - Retrieving features of type [CoordSys] from 90degree angle bracket 30x30-8(M6)-18
2026-04-16 19:33:47,735 INFO  ExportHelperExtension.cs: 1136 - Found 36 in 90degree angle bracket 30x30-8(M6)-18
2026-04-16 19:33:47,735 INFO  ExportHelperExtension.cs: 1145 - Found 0 features of type [CoordSys] in 90degree angle bracket 30x30-8(M6)-18
2026-04-16 19:33:47,735 INFO  ExportHelperExtension.cs: 1125 - Retrieving features of type [CoordSys] from 90degree angle bracket 30x30-8(M6)-19
2026-04-16 19:33:47,735 INFO  ExportHelperExtension.cs: 1136 - Found 36 in 90degree angle bracket 30x30-8(M6)-19
2026-04-16 19:33:47,735 INFO  ExportHelperExtension.cs: 1145 - Found 0 features of type [CoordSys] in 90degree angle bracket 30x30-8(M6)-19
2026-04-16 19:33:47,735 INFO  ExportHelperExtension.cs: 1125 - Retrieving features of type [CoordSys] from 90degree angle bracket 30x30-8(M6)-22
2026-04-16 19:33:47,735 INFO  ExportHelperExtension.cs: 1136 - Found 36 in 90degree angle bracket 30x30-8(M6)-22
2026-04-16 19:33:47,735 INFO  ExportHelperExtension.cs: 1145 - Found 0 features of type [CoordSys] in 90degree angle bracket 30x30-8(M6)-22
2026-04-16 19:33:47,735 INFO  ExportHelperExtension.cs: 1125 - Retrieving features of type [CoordSys] from 90degree angle bracket 30x30-8(M6)-24
2026-04-16 19:33:47,735 INFO  ExportHelperExtension.cs: 1136 - Found 36 in 90degree angle bracket 30x30-8(M6)-24
2026-04-16 19:33:47,735 INFO  ExportHelperExtension.cs: 1145 - Found 0 features of type [CoordSys] in 90degree angle bracket 30x30-8(M6)-24
2026-04-16 19:33:47,735 INFO  ExportHelperExtension.cs: 1125 - Retrieving features of type [CoordSys] from BSB 30x30-8 262mm-5
2026-04-16 19:33:47,735 INFO  ExportHelperExtension.cs: 1136 - Found 25 in BSB 30x30-8 262mm-5
2026-04-16 19:33:47,735 INFO  ExportHelperExtension.cs: 1145 - Found 0 features of type [CoordSys] in BSB 30x30-8 262mm-5
2026-04-16 19:33:47,735 INFO  ExportHelperExtension.cs: 1125 - Retrieving features of type [CoordSys] from 90degree angle bracket 30x30-8(M6)-27
2026-04-16 19:33:47,735 INFO  ExportHelperExtension.cs: 1136 - Found 36 in 90degree angle bracket 30x30-8(M6)-27
2026-04-16 19:33:47,735 INFO  ExportHelperExtension.cs: 1145 - Found 0 features of type [CoordSys] in 90degree angle bracket 30x30-8(M6)-27
2026-04-16 19:33:47,735 INFO  ExportHelperExtension.cs: 1125 - Retrieving features of type [CoordSys] from BSB 30x30-8 162mm-15
2026-04-16 19:33:47,735 INFO  ExportHelperExtension.cs: 1136 - Found 25 in BSB 30x30-8 162mm-15
2026-04-16 19:33:47,735 INFO  ExportHelperExtension.cs: 1145 - Found 0 features of type [CoordSys] in BSB 30x30-8 162mm-15
2026-04-16 19:33:47,735 INFO  ExportHelperExtension.cs: 1125 - Retrieving features of type [CoordSys] from BSB 30x30-8 684mm-15
2026-04-16 19:33:47,735 INFO  ExportHelperExtension.cs: 1136 - Found 25 in BSB 30x30-8 684mm-15
2026-04-16 19:33:47,735 INFO  ExportHelperExtension.cs: 1145 - Found 0 features of type [CoordSys] in BSB 30x30-8 684mm-15
2026-04-16 19:33:47,735 INFO  ExportHelperExtension.cs: 1125 - Retrieving features of type [CoordSys] from BSB 30x30-8 162mm-16
2026-04-16 19:33:47,735 INFO  ExportHelperExtension.cs: 1136 - Found 25 in BSB 30x30-8 162mm-16
2026-04-16 19:33:47,735 INFO  ExportHelperExtension.cs: 1145 - Found 0 features of type [CoordSys] in BSB 30x30-8 162mm-16
2026-04-16 19:33:47,735 INFO  ExportHelperExtension.cs: 1125 - Retrieving features of type [CoordSys] from BSB 30x30-8 262mm-6
2026-04-16 19:33:47,735 INFO  ExportHelperExtension.cs: 1136 - Found 25 in BSB 30x30-8 262mm-6
2026-04-16 19:33:47,735 INFO  ExportHelperExtension.cs: 1145 - Found 0 features of type [CoordSys] in BSB 30x30-8 262mm-6
2026-04-16 19:33:47,735 INFO  ExportHelperExtension.cs: 1125 - Retrieving features of type [CoordSys] from BSB 30x30-8 324mm-4
2026-04-16 19:33:47,735 INFO  ExportHelperExtension.cs: 1136 - Found 25 in BSB 30x30-8 324mm-4
2026-04-16 19:33:47,735 INFO  ExportHelperExtension.cs: 1145 - Found 0 features of type [CoordSys] in BSB 30x30-8 324mm-4
2026-04-16 19:33:47,735 INFO  ExportHelperExtension.cs: 1125 - Retrieving features of type [CoordSys] from 90degree angle bracket 30x30-8(M6)-20
2026-04-16 19:33:47,735 INFO  ExportHelperExtension.cs: 1136 - Found 36 in 90degree angle bracket 30x30-8(M6)-20
2026-04-16 19:33:47,735 INFO  ExportHelperExtension.cs: 1145 - Found 0 features of type [CoordSys] in 90degree angle bracket 30x30-8(M6)-20
2026-04-16 19:33:47,735 INFO  ExportHelperExtension.cs: 1125 - Retrieving features of type [CoordSys] from 90degree angle bracket 30x30-8(M6)-21
2026-04-16 19:33:47,735 INFO  ExportHelperExtension.cs: 1136 - Found 36 in 90degree angle bracket 30x30-8(M6)-21
2026-04-16 19:33:47,735 INFO  ExportHelperExtension.cs: 1145 - Found 0 features of type [CoordSys] in 90degree angle bracket 30x30-8(M6)-21
2026-04-16 19:33:47,735 INFO  ExportHelperExtension.cs: 1125 - Retrieving features of type [CoordSys] from 90degree angle bracket 30x30-8(M6)-23
2026-04-16 19:33:47,735 INFO  ExportHelperExtension.cs: 1136 - Found 36 in 90degree angle bracket 30x30-8(M6)-23
2026-04-16 19:33:47,735 INFO  ExportHelperExtension.cs: 1145 - Found 0 features of type [CoordSys] in 90degree angle bracket 30x30-8(M6)-23
2026-04-16 19:33:47,735 INFO  ExportHelperExtension.cs: 1125 - Retrieving features of type [CoordSys] from 90degree angle bracket 30x30-8(M6)-25
2026-04-16 19:33:47,735 INFO  ExportHelperExtension.cs: 1136 - Found 36 in 90degree angle bracket 30x30-8(M6)-25
2026-04-16 19:33:47,735 INFO  ExportHelperExtension.cs: 1145 - Found 0 features of type [CoordSys] in 90degree angle bracket 30x30-8(M6)-25
2026-04-16 19:33:47,735 INFO  ExportHelperExtension.cs: 1125 - Retrieving features of type [CoordSys] from 90degree angle bracket 30x30-8(M6)-26
2026-04-16 19:33:47,735 INFO  ExportHelperExtension.cs: 1136 - Found 36 in 90degree angle bracket 30x30-8(M6)-26
2026-04-16 19:33:47,735 INFO  ExportHelperExtension.cs: 1145 - Found 0 features of type [CoordSys] in 90degree angle bracket 30x30-8(M6)-26
2026-04-16 19:33:47,735 INFO  ExportHelperExtension.cs: 1125 - Retrieving features of type [CoordSys] from 90degree angle bracket 30x30-8(M6)-30
2026-04-16 19:33:47,735 INFO  ExportHelperExtension.cs: 1136 - Found 36 in 90degree angle bracket 30x30-8(M6)-30
2026-04-16 19:33:47,735 INFO  ExportHelperExtension.cs: 1145 - Found 0 features of type [CoordSys] in 90degree angle bracket 30x30-8(M6)-30
2026-04-16 19:33:47,735 INFO  ExportHelperExtension.cs: 1125 - Retrieving features of type [CoordSys] from 90degree angle bracket 30x30-8(M6)-31
2026-04-16 19:33:47,735 INFO  ExportHelperExtension.cs: 1136 - Found 36 in 90degree angle bracket 30x30-8(M6)-31
2026-04-16 19:33:47,735 INFO  ExportHelperExtension.cs: 1145 - Found 0 features of type [CoordSys] in 90degree angle bracket 30x30-8(M6)-31
2026-04-16 19:33:47,735 INFO  ExportHelperExtension.cs: 1125 - Retrieving features of type [CoordSys] from 90degree angle bracket 30x30-8(M6)-29
2026-04-16 19:33:47,735 INFO  ExportHelperExtension.cs: 1136 - Found 36 in 90degree angle bracket 30x30-8(M6)-29
2026-04-16 19:33:47,735 INFO  ExportHelperExtension.cs: 1145 - Found 0 features of type [CoordSys] in 90degree angle bracket 30x30-8(M6)-29
2026-04-16 19:33:47,735 INFO  ExportHelperExtension.cs: 1125 - Retrieving features of type [CoordSys] from 90degree angle bracket 30x30-8(M6)-28
2026-04-16 19:33:47,735 INFO  ExportHelperExtension.cs: 1136 - Found 36 in 90degree angle bracket 30x30-8(M6)-28
2026-04-16 19:33:47,735 INFO  ExportHelperExtension.cs: 1145 - Found 0 features of type [CoordSys] in 90degree angle bracket 30x30-8(M6)-28
2026-04-16 19:33:47,735 INFO  ExportHelperExtension.cs: 1125 - Retrieving features of type [CoordSys] from 90degree angle bracket 30x30-8(M6)-32
2026-04-16 19:33:47,735 INFO  ExportHelperExtension.cs: 1136 - Found 36 in 90degree angle bracket 30x30-8(M6)-32
2026-04-16 19:33:47,751 INFO  ExportHelperExtension.cs: 1145 - Found 0 features of type [CoordSys] in 90degree angle bracket 30x30-8(M6)-32
2026-04-16 19:33:47,751 INFO  ExportHelperExtension.cs: 1125 - Retrieving features of type [CoordSys] from 90degree angle bracket 30x30-8(M6)-40
2026-04-16 19:33:47,751 INFO  ExportHelperExtension.cs: 1136 - Found 36 in 90degree angle bracket 30x30-8(M6)-40
2026-04-16 19:33:47,751 INFO  ExportHelperExtension.cs: 1145 - Found 0 features of type [CoordSys] in 90degree angle bracket 30x30-8(M6)-40
2026-04-16 19:33:47,751 INFO  ExportHelperExtension.cs: 1125 - Retrieving features of type [CoordSys] from 90degree angle bracket 30x30-8(M6)-44
2026-04-16 19:33:47,751 INFO  ExportHelperExtension.cs: 1136 - Found 36 in 90degree angle bracket 30x30-8(M6)-44
2026-04-16 19:33:47,751 INFO  ExportHelperExtension.cs: 1145 - Found 0 features of type [CoordSys] in 90degree angle bracket 30x30-8(M6)-44
2026-04-16 19:33:47,751 INFO  ExportHelperExtension.cs: 1125 - Retrieving features of type [CoordSys] from 90degree angle bracket 30x30-8(M6)-42
2026-04-16 19:33:47,751 INFO  ExportHelperExtension.cs: 1136 - Found 36 in 90degree angle bracket 30x30-8(M6)-42
2026-04-16 19:33:47,751 INFO  ExportHelperExtension.cs: 1145 - Found 0 features of type [CoordSys] in 90degree angle bracket 30x30-8(M6)-42
2026-04-16 19:33:47,751 INFO  ExportHelperExtension.cs: 1125 - Retrieving features of type [CoordSys] from 90degree angle bracket 30x30-8(M6)-39
2026-04-16 19:33:47,751 INFO  ExportHelperExtension.cs: 1136 - Found 36 in 90degree angle bracket 30x30-8(M6)-39
2026-04-16 19:33:47,751 INFO  ExportHelperExtension.cs: 1145 - Found 0 features of type [CoordSys] in 90degree angle bracket 30x30-8(M6)-39
2026-04-16 19:33:47,751 INFO  ExportHelperExtension.cs: 1125 - Retrieving features of type [CoordSys] from 90degree angle bracket 30x30-8(M6)-41
2026-04-16 19:33:47,751 INFO  ExportHelperExtension.cs: 1136 - Found 36 in 90degree angle bracket 30x30-8(M6)-41
2026-04-16 19:33:47,751 INFO  ExportHelperExtension.cs: 1145 - Found 0 features of type [CoordSys] in 90degree angle bracket 30x30-8(M6)-41
2026-04-16 19:33:47,751 INFO  ExportHelperExtension.cs: 1125 - Retrieving features of type [CoordSys] from 90degree angle bracket 30x30-8(M6)-38
2026-04-16 19:33:47,751 INFO  ExportHelperExtension.cs: 1136 - Found 36 in 90degree angle bracket 30x30-8(M6)-38
2026-04-16 19:33:47,751 INFO  ExportHelperExtension.cs: 1145 - Found 0 features of type [CoordSys] in 90degree angle bracket 30x30-8(M6)-38
2026-04-16 19:33:47,751 INFO  ExportHelperExtension.cs: 1125 - Retrieving features of type [CoordSys] from 90degree angle bracket 30x30-8(M6)-35
2026-04-16 19:33:47,751 INFO  ExportHelperExtension.cs: 1136 - Found 36 in 90degree angle bracket 30x30-8(M6)-35
2026-04-16 19:33:47,751 INFO  ExportHelperExtension.cs: 1145 - Found 0 features of type [CoordSys] in 90degree angle bracket 30x30-8(M6)-35
2026-04-16 19:33:47,751 INFO  ExportHelperExtension.cs: 1125 - Retrieving features of type [CoordSys] from 90degree angle bracket 30x30-8(M6)-33
2026-04-16 19:33:47,751 INFO  ExportHelperExtension.cs: 1136 - Found 36 in 90degree angle bracket 30x30-8(M6)-33
2026-04-16 19:33:47,751 INFO  ExportHelperExtension.cs: 1145 - Found 0 features of type [CoordSys] in 90degree angle bracket 30x30-8(M6)-33
2026-04-16 19:33:47,751 INFO  ExportHelperExtension.cs: 1125 - Retrieving features of type [CoordSys] from 90degree angle bracket 30x30-8(M6)-34
2026-04-16 19:33:47,751 INFO  ExportHelperExtension.cs: 1136 - Found 36 in 90degree angle bracket 30x30-8(M6)-34
2026-04-16 19:33:47,751 INFO  ExportHelperExtension.cs: 1145 - Found 0 features of type [CoordSys] in 90degree angle bracket 30x30-8(M6)-34
2026-04-16 19:33:47,751 INFO  ExportHelperExtension.cs: 1125 - Retrieving features of type [CoordSys] from 90degree angle bracket 30x30-8(M6)-36
2026-04-16 19:33:47,751 INFO  ExportHelperExtension.cs: 1136 - Found 36 in 90degree angle bracket 30x30-8(M6)-36
2026-04-16 19:33:47,751 INFO  ExportHelperExtension.cs: 1145 - Found 0 features of type [CoordSys] in 90degree angle bracket 30x30-8(M6)-36
2026-04-16 19:33:47,751 INFO  ExportHelperExtension.cs: 1125 - Retrieving features of type [CoordSys] from 90degree angle bracket 30x30-8(M6)-37
2026-04-16 19:33:47,751 INFO  ExportHelperExtension.cs: 1136 - Found 36 in 90degree angle bracket 30x30-8(M6)-37
2026-04-16 19:33:47,751 INFO  ExportHelperExtension.cs: 1145 - Found 0 features of type [CoordSys] in 90degree angle bracket 30x30-8(M6)-37
2026-04-16 19:33:47,751 INFO  ExportHelperExtension.cs: 1125 - Retrieving features of type [CoordSys] from 90degree angle bracket 30x30-8(M6)-43
2026-04-16 19:33:47,751 INFO  ExportHelperExtension.cs: 1136 - Found 36 in 90degree angle bracket 30x30-8(M6)-43
2026-04-16 19:33:47,751 INFO  ExportHelperExtension.cs: 1145 - Found 0 features of type [CoordSys] in 90degree angle bracket 30x30-8(M6)-43
2026-04-16 19:33:47,751 INFO  ExportHelperExtension.cs: 1125 - Retrieving features of type [CoordSys] from 90degree angle bracket 30x30-8(M6)-55
2026-04-16 19:33:47,751 INFO  ExportHelperExtension.cs: 1136 - Found 36 in 90degree angle bracket 30x30-8(M6)-55
2026-04-16 19:33:47,751 INFO  ExportHelperExtension.cs: 1145 - Found 0 features of type [CoordSys] in 90degree angle bracket 30x30-8(M6)-55
2026-04-16 19:33:47,751 INFO  ExportHelperExtension.cs: 1125 - Retrieving features of type [CoordSys] from 90degree angle bracket 30x30-8(M6)-48
2026-04-16 19:33:47,751 INFO  ExportHelperExtension.cs: 1136 - Found 36 in 90degree angle bracket 30x30-8(M6)-48
2026-04-16 19:33:47,751 INFO  ExportHelperExtension.cs: 1145 - Found 0 features of type [CoordSys] in 90degree angle bracket 30x30-8(M6)-48
2026-04-16 19:33:47,751 INFO  ExportHelperExtension.cs: 1125 - Retrieving features of type [CoordSys] from 90degree angle bracket 30x30-8(M6)-51
2026-04-16 19:33:47,751 INFO  ExportHelperExtension.cs: 1136 - Found 36 in 90degree angle bracket 30x30-8(M6)-51
2026-04-16 19:33:47,751 INFO  ExportHelperExtension.cs: 1145 - Found 0 features of type [CoordSys] in 90degree angle bracket 30x30-8(M6)-51
2026-04-16 19:33:47,751 INFO  ExportHelperExtension.cs: 1125 - Retrieving features of type [CoordSys] from 90degree angle bracket 30x30-8(M6)-45
2026-04-16 19:33:47,767 INFO  ExportHelperExtension.cs: 1136 - Found 36 in 90degree angle bracket 30x30-8(M6)-45
2026-04-16 19:33:47,767 INFO  ExportHelperExtension.cs: 1145 - Found 0 features of type [CoordSys] in 90degree angle bracket 30x30-8(M6)-45
2026-04-16 19:33:47,767 INFO  ExportHelperExtension.cs: 1125 - Retrieving features of type [CoordSys] from 90degree angle bracket 30x30-8(M6)-50
2026-04-16 19:33:47,767 INFO  ExportHelperExtension.cs: 1136 - Found 36 in 90degree angle bracket 30x30-8(M6)-50
2026-04-16 19:33:47,767 INFO  ExportHelperExtension.cs: 1145 - Found 0 features of type [CoordSys] in 90degree angle bracket 30x30-8(M6)-50
2026-04-16 19:33:47,767 INFO  ExportHelperExtension.cs: 1125 - Retrieving features of type [CoordSys] from 90degree angle bracket 30x30-8(M6)-46
2026-04-16 19:33:47,767 INFO  ExportHelperExtension.cs: 1136 - Found 36 in 90degree angle bracket 30x30-8(M6)-46
2026-04-16 19:33:47,767 INFO  ExportHelperExtension.cs: 1145 - Found 0 features of type [CoordSys] in 90degree angle bracket 30x30-8(M6)-46
2026-04-16 19:33:47,767 INFO  ExportHelperExtension.cs: 1125 - Retrieving features of type [CoordSys] from 90degree angle bracket 30x30-8(M6)-52
2026-04-16 19:33:47,767 INFO  ExportHelperExtension.cs: 1136 - Found 36 in 90degree angle bracket 30x30-8(M6)-52
2026-04-16 19:33:47,767 INFO  ExportHelperExtension.cs: 1145 - Found 0 features of type [CoordSys] in 90degree angle bracket 30x30-8(M6)-52
2026-04-16 19:33:47,767 INFO  ExportHelperExtension.cs: 1125 - Retrieving features of type [CoordSys] from 90degree angle bracket 30x30-8(M6)-47
2026-04-16 19:33:47,767 INFO  ExportHelperExtension.cs: 1136 - Found 36 in 90degree angle bracket 30x30-8(M6)-47
2026-04-16 19:33:47,767 INFO  ExportHelperExtension.cs: 1145 - Found 0 features of type [CoordSys] in 90degree angle bracket 30x30-8(M6)-47
2026-04-16 19:33:47,767 INFO  ExportHelperExtension.cs: 1125 - Retrieving features of type [CoordSys] from 90degree angle bracket 30x30-8(M6)-49
2026-04-16 19:33:47,767 INFO  ExportHelperExtension.cs: 1136 - Found 36 in 90degree angle bracket 30x30-8(M6)-49
2026-04-16 19:33:47,767 INFO  ExportHelperExtension.cs: 1145 - Found 0 features of type [CoordSys] in 90degree angle bracket 30x30-8(M6)-49
2026-04-16 19:33:47,767 INFO  ExportHelperExtension.cs: 1125 - Retrieving features of type [CoordSys] from 90degree angle bracket 30x30-8(M6)-53
2026-04-16 19:33:47,767 INFO  ExportHelperExtension.cs: 1136 - Found 36 in 90degree angle bracket 30x30-8(M6)-53
2026-04-16 19:33:47,767 INFO  ExportHelperExtension.cs: 1145 - Found 0 features of type [CoordSys] in 90degree angle bracket 30x30-8(M6)-53
2026-04-16 19:33:47,767 INFO  ExportHelperExtension.cs: 1125 - Retrieving features of type [CoordSys] from 90degree angle bracket 30x30-8(M6)-54
2026-04-16 19:33:47,767 INFO  ExportHelperExtension.cs: 1136 - Found 36 in 90degree angle bracket 30x30-8(M6)-54
2026-04-16 19:33:47,767 INFO  ExportHelperExtension.cs: 1145 - Found 0 features of type [CoordSys] in 90degree angle bracket 30x30-8(M6)-54
2026-04-16 19:33:47,767 INFO  ExportHelperExtension.cs: 1125 - Retrieving features of type [CoordSys] from 90degree angle bracket 30x30-8(M6)-56
2026-04-16 19:33:47,767 INFO  ExportHelperExtension.cs: 1136 - Found 36 in 90degree angle bracket 30x30-8(M6)-56
2026-04-16 19:33:47,767 INFO  ExportHelperExtension.cs: 1145 - Found 0 features of type [CoordSys] in 90degree angle bracket 30x30-8(M6)-56
2026-04-16 19:33:47,767 INFO  ExportHelperExtension.cs: 1125 - Retrieving features of type [RefAxis] from Full assembly.SLDASM
2026-04-16 19:33:47,767 INFO  ExportHelperExtension.cs: 1136 - Found 487 in Full assembly.SLDASM
2026-04-16 19:33:47,767 INFO  ExportHelperExtension.cs: 1145 - Found 6 features of type [RefAxis] in Full assembly.SLDASM
2026-04-16 19:33:47,767 INFO  ExportHelperExtension.cs: 1148 - Proceeding through assembly components
2026-04-16 19:33:47,767 INFO  ExportHelperExtension.cs: 1160 - 136 components to check
2026-04-16 19:33:47,767 INFO  ExportHelperExtension.cs: 1125 - Retrieving features of type [RefAxis] from BSB 30x30-8 324mm-3
2026-04-16 19:33:47,782 INFO  ExportHelperExtension.cs: 1136 - Found 25 in BSB 30x30-8 324mm-3
2026-04-16 19:33:47,782 INFO  ExportHelperExtension.cs: 1145 - Found 0 features of type [RefAxis] in BSB 30x30-8 324mm-3
2026-04-16 19:33:47,782 INFO  ExportHelperExtension.cs: 1125 - Retrieving features of type [RefAxis] from wheel assembly-4
2026-04-16 19:33:47,782 INFO  ExportHelperExtension.cs: 1136 - Found 82 in wheel assembly-4
2026-04-16 19:33:47,782 INFO  ExportHelperExtension.cs: 1145 - Found 0 features of type [RefAxis] in wheel assembly-4
2026-04-16 19:33:47,782 INFO  ExportHelperExtension.cs: 1125 - Retrieving features of type [RefAxis] from BSB 30x30-8 90mm-1
2026-04-16 19:33:47,782 INFO  ExportHelperExtension.cs: 1136 - Found 25 in BSB 30x30-8 90mm-1
2026-04-16 19:33:47,782 INFO  ExportHelperExtension.cs: 1145 - Found 0 features of type [RefAxis] in BSB 30x30-8 90mm-1
2026-04-16 19:33:47,782 INFO  ExportHelperExtension.cs: 1125 - Retrieving features of type [RefAxis] from wheel assembly-3
2026-04-16 19:33:47,782 INFO  ExportHelperExtension.cs: 1136 - Found 82 in wheel assembly-3
2026-04-16 19:33:47,782 INFO  ExportHelperExtension.cs: 1145 - Found 0 features of type [RefAxis] in wheel assembly-3
2026-04-16 19:33:47,782 INFO  ExportHelperExtension.cs: 1125 - Retrieving features of type [RefAxis] from BSB 30x30-8 684mm-14
2026-04-16 19:33:47,782 INFO  ExportHelperExtension.cs: 1136 - Found 25 in BSB 30x30-8 684mm-14
2026-04-16 19:33:47,782 INFO  ExportHelperExtension.cs: 1145 - Found 0 features of type [RefAxis] in BSB 30x30-8 684mm-14
2026-04-16 19:33:47,782 INFO  ExportHelperExtension.cs: 1125 - Retrieving features of type [RefAxis] from BSB 30x30-8 262mm-3
2026-04-16 19:33:47,782 INFO  ExportHelperExtension.cs: 1136 - Found 25 in BSB 30x30-8 262mm-3
2026-04-16 19:33:47,782 INFO  ExportHelperExtension.cs: 1145 - Found 0 features of type [RefAxis] in BSB 30x30-8 262mm-3
2026-04-16 19:33:47,782 INFO  ExportHelperExtension.cs: 1125 - Retrieving features of type [RefAxis] from BSB 30x30-8 162mm-10
2026-04-16 19:33:47,782 INFO  ExportHelperExtension.cs: 1136 - Found 25 in BSB 30x30-8 162mm-10
2026-04-16 19:33:47,782 INFO  ExportHelperExtension.cs: 1145 - Found 0 features of type [RefAxis] in BSB 30x30-8 162mm-10
2026-04-16 19:33:47,782 INFO  ExportHelperExtension.cs: 1125 - Retrieving features of type [RefAxis] from 90degree angle bracket 30x30-8(M6)-9
2026-04-16 19:33:47,782 INFO  ExportHelperExtension.cs: 1136 - Found 36 in 90degree angle bracket 30x30-8(M6)-9
2026-04-16 19:33:47,782 INFO  ExportHelperExtension.cs: 1145 - Found 0 features of type [RefAxis] in 90degree angle bracket 30x30-8(M6)-9
2026-04-16 19:33:47,782 INFO  ExportHelperExtension.cs: 1125 - Retrieving features of type [RefAxis] from wheel assembly-1
2026-04-16 19:33:47,782 INFO  ExportHelperExtension.cs: 1136 - Found 82 in wheel assembly-1
2026-04-16 19:33:47,782 INFO  ExportHelperExtension.cs: 1145 - Found 0 features of type [RefAxis] in wheel assembly-1
2026-04-16 19:33:47,782 INFO  ExportHelperExtension.cs: 1125 - Retrieving features of type [RefAxis] from BSB 30x30-8 262mm-4
2026-04-16 19:33:47,782 INFO  ExportHelperExtension.cs: 1136 - Found 25 in BSB 30x30-8 262mm-4
2026-04-16 19:33:47,782 INFO  ExportHelperExtension.cs: 1145 - Found 0 features of type [RefAxis] in BSB 30x30-8 262mm-4
2026-04-16 19:33:47,782 INFO  ExportHelperExtension.cs: 1125 - Retrieving features of type [RefAxis] from 90degree angle bracket 30x30-8(M6)-3
2026-04-16 19:33:47,782 INFO  ExportHelperExtension.cs: 1136 - Found 36 in 90degree angle bracket 30x30-8(M6)-3
2026-04-16 19:33:47,782 INFO  ExportHelperExtension.cs: 1145 - Found 0 features of type [RefAxis] in 90degree angle bracket 30x30-8(M6)-3
2026-04-16 19:33:47,782 INFO  ExportHelperExtension.cs: 1125 - Retrieving features of type [RefAxis] from wheel assembly-2
2026-04-16 19:33:47,782 INFO  ExportHelperExtension.cs: 1136 - Found 82 in wheel assembly-2
2026-04-16 19:33:47,782 INFO  ExportHelperExtension.cs: 1145 - Found 0 features of type [RefAxis] in wheel assembly-2
2026-04-16 19:33:47,782 INFO  ExportHelperExtension.cs: 1125 - Retrieving features of type [RefAxis] from 90degree angle bracket 30x30-8(M6)-1
2026-04-16 19:33:47,782 INFO  ExportHelperExtension.cs: 1136 - Found 36 in 90degree angle bracket 30x30-8(M6)-1
2026-04-16 19:33:47,782 INFO  ExportHelperExtension.cs: 1145 - Found 0 features of type [RefAxis] in 90degree angle bracket 30x30-8(M6)-1
2026-04-16 19:33:47,782 INFO  ExportHelperExtension.cs: 1125 - Retrieving features of type [RefAxis] from 90degree angle bracket 30x30-8(M6)-4
2026-04-16 19:33:47,782 INFO  ExportHelperExtension.cs: 1136 - Found 36 in 90degree angle bracket 30x30-8(M6)-4
2026-04-16 19:33:47,782 INFO  ExportHelperExtension.cs: 1145 - Found 0 features of type [RefAxis] in 90degree angle bracket 30x30-8(M6)-4
2026-04-16 19:33:47,782 INFO  ExportHelperExtension.cs: 1125 - Retrieving features of type [RefAxis] from 90degree angle bracket 30x30-8(M6)-5
2026-04-16 19:33:47,782 INFO  ExportHelperExtension.cs: 1136 - Found 36 in 90degree angle bracket 30x30-8(M6)-5
2026-04-16 19:33:47,782 INFO  ExportHelperExtension.cs: 1145 - Found 0 features of type [RefAxis] in 90degree angle bracket 30x30-8(M6)-5
2026-04-16 19:33:47,782 INFO  ExportHelperExtension.cs: 1125 - Retrieving features of type [RefAxis] from 90degree angle bracket 30x30-8(M6)-7
2026-04-16 19:33:47,782 INFO  ExportHelperExtension.cs: 1136 - Found 36 in 90degree angle bracket 30x30-8(M6)-7
2026-04-16 19:33:47,782 INFO  ExportHelperExtension.cs: 1145 - Found 0 features of type [RefAxis] in 90degree angle bracket 30x30-8(M6)-7
2026-04-16 19:33:47,782 INFO  ExportHelperExtension.cs: 1125 - Retrieving features of type [RefAxis] from 90degree angle bracket 30x30-8(M6)-8
2026-04-16 19:33:47,782 INFO  ExportHelperExtension.cs: 1136 - Found 36 in 90degree angle bracket 30x30-8(M6)-8
2026-04-16 19:33:47,782 INFO  ExportHelperExtension.cs: 1145 - Found 0 features of type [RefAxis] in 90degree angle bracket 30x30-8(M6)-8
2026-04-16 19:33:47,782 INFO  ExportHelperExtension.cs: 1125 - Retrieving features of type [RefAxis] from 90degree angle bracket 30x30-8(M6)-2
2026-04-16 19:33:47,782 INFO  ExportHelperExtension.cs: 1136 - Found 36 in 90degree angle bracket 30x30-8(M6)-2
2026-04-16 19:33:47,782 INFO  ExportHelperExtension.cs: 1145 - Found 0 features of type [RefAxis] in 90degree angle bracket 30x30-8(M6)-2
2026-04-16 19:33:47,782 INFO  ExportHelperExtension.cs: 1125 - Retrieving features of type [RefAxis] from 90degree angle bracket 30x30-8(M6)-14
2026-04-16 19:33:47,782 INFO  ExportHelperExtension.cs: 1136 - Found 36 in 90degree angle bracket 30x30-8(M6)-14
2026-04-16 19:33:47,782 INFO  ExportHelperExtension.cs: 1145 - Found 0 features of type [RefAxis] in 90degree angle bracket 30x30-8(M6)-14
2026-04-16 19:33:47,782 INFO  ExportHelperExtension.cs: 1125 - Retrieving features of type [RefAxis] from 90degree angle bracket 30x30-8(M6)-13
2026-04-16 19:33:47,782 INFO  ExportHelperExtension.cs: 1136 - Found 36 in 90degree angle bracket 30x30-8(M6)-13
2026-04-16 19:33:47,782 INFO  ExportHelperExtension.cs: 1145 - Found 0 features of type [RefAxis] in 90degree angle bracket 30x30-8(M6)-13
2026-04-16 19:33:47,798 INFO  ExportHelperExtension.cs: 1125 - Retrieving features of type [RefAxis] from Front cover^Full assembly-1
2026-04-16 19:33:47,798 INFO  ExportHelperExtension.cs: 1136 - Found 66 in Front cover^Full assembly-1
2026-04-16 19:33:47,798 INFO  ExportHelperExtension.cs: 1145 - Found 0 features of type [RefAxis] in Front cover^Full assembly-1
2026-04-16 19:33:47,798 INFO  ExportHelperExtension.cs: 1125 - Retrieving features of type [RefAxis] from HC-SR04-1
2026-04-16 19:33:47,798 INFO  ExportHelperExtension.cs: 1136 - Found 169 in HC-SR04-1
2026-04-16 19:33:47,798 INFO  ExportHelperExtension.cs: 1145 - Found 0 features of type [RefAxis] in HC-SR04-1
2026-04-16 19:33:47,798 INFO  ExportHelperExtension.cs: 1125 - Retrieving features of type [RefAxis] from 90degree angle bracket 30x30-8(M6)-11
2026-04-16 19:33:47,798 INFO  ExportHelperExtension.cs: 1136 - Found 36 in 90degree angle bracket 30x30-8(M6)-11
2026-04-16 19:33:47,798 INFO  ExportHelperExtension.cs: 1145 - Found 0 features of type [RefAxis] in 90degree angle bracket 30x30-8(M6)-11
2026-04-16 19:33:47,798 INFO  ExportHelperExtension.cs: 1125 - Retrieving features of type [RefAxis] from 90degree angle bracket 30x30-8(M6)-15
2026-04-16 19:33:47,798 INFO  ExportHelperExtension.cs: 1136 - Found 36 in 90degree angle bracket 30x30-8(M6)-15
2026-04-16 19:33:47,798 INFO  ExportHelperExtension.cs: 1145 - Found 0 features of type [RefAxis] in 90degree angle bracket 30x30-8(M6)-15
2026-04-16 19:33:47,798 INFO  ExportHelperExtension.cs: 1125 - Retrieving features of type [RefAxis] from 90degree angle bracket 30x30-8(M6)-17
2026-04-16 19:33:47,798 INFO  ExportHelperExtension.cs: 1136 - Found 36 in 90degree angle bracket 30x30-8(M6)-17
2026-04-16 19:33:47,798 INFO  ExportHelperExtension.cs: 1145 - Found 0 features of type [RefAxis] in 90degree angle bracket 30x30-8(M6)-17
2026-04-16 19:33:47,798 INFO  ExportHelperExtension.cs: 1125 - Retrieving features of type [RefAxis] from DCNLM50NBXX.step-1
2026-04-16 19:33:47,798 INFO  ExportHelperExtension.cs: 1136 - Found 36 in DCNLM50NBXX.step-1
2026-04-16 19:33:47,798 INFO  ExportHelperExtension.cs: 1145 - Found 0 features of type [RefAxis] in DCNLM50NBXX.step-1
2026-04-16 19:33:47,798 INFO  ExportHelperExtension.cs: 1125 - Retrieving features of type [RefAxis] from Side^Full assembly-1
2026-04-16 19:33:47,798 INFO  ExportHelperExtension.cs: 1136 - Found 53 in Side^Full assembly-1
2026-04-16 19:33:47,798 INFO  ExportHelperExtension.cs: 1145 - Found 0 features of type [RefAxis] in Side^Full assembly-1
2026-04-16 19:33:47,798 INFO  ExportHelperExtension.cs: 1125 - Retrieving features of type [RefAxis] from 90degree angle bracket 30x30-8(M6)-12
2026-04-16 19:33:47,798 INFO  ExportHelperExtension.cs: 1136 - Found 36 in 90degree angle bracket 30x30-8(M6)-12
2026-04-16 19:33:47,798 INFO  ExportHelperExtension.cs: 1145 - Found 0 features of type [RefAxis] in 90degree angle bracket 30x30-8(M6)-12
2026-04-16 19:33:47,798 INFO  ExportHelperExtension.cs: 1125 - Retrieving features of type [RefAxis] from 90degree angle bracket 30x30-8(M6)-10
2026-04-16 19:33:47,798 INFO  ExportHelperExtension.cs: 1136 - Found 36 in 90degree angle bracket 30x30-8(M6)-10
2026-04-16 19:33:47,798 INFO  ExportHelperExtension.cs: 1145 - Found 0 features of type [RefAxis] in 90degree angle bracket 30x30-8(M6)-10
2026-04-16 19:33:47,798 INFO  ExportHelperExtension.cs: 1125 - Retrieving features of type [RefAxis] from 90degree angle bracket 30x30-8(M6)-16
2026-04-16 19:33:47,798 INFO  ExportHelperExtension.cs: 1136 - Found 36 in 90degree angle bracket 30x30-8(M6)-16
2026-04-16 19:33:47,798 INFO  ExportHelperExtension.cs: 1145 - Found 0 features of type [RefAxis] in 90degree angle bracket 30x30-8(M6)-16
2026-04-16 19:33:47,798 INFO  ExportHelperExtension.cs: 1125 - Retrieving features of type [RefAxis] from D435IF without cover-1
2026-04-16 19:33:47,814 INFO  ExportHelperExtension.cs: 1136 - Found 27 in D435IF without cover-1
2026-04-16 19:33:47,814 INFO  ExportHelperExtension.cs: 1145 - Found 0 features of type [RefAxis] in D435IF without cover-1
2026-04-16 19:33:47,814 INFO  ExportHelperExtension.cs: 1125 - Retrieving features of type [RefAxis] from YDLiDAR T-mini Plus-1
2026-04-16 19:33:47,814 INFO  ExportHelperExtension.cs: 1136 - Found 25 in YDLiDAR T-mini Plus-1
2026-04-16 19:33:47,814 INFO  ExportHelperExtension.cs: 1145 - Found 0 features of type [RefAxis] in YDLiDAR T-mini Plus-1
2026-04-16 19:33:47,814 INFO  ExportHelperExtension.cs: 1125 - Retrieving features of type [RefAxis] from HC-SR04-3
2026-04-16 19:33:47,814 INFO  ExportHelperExtension.cs: 1136 - Found 169 in HC-SR04-3
2026-04-16 19:33:47,814 INFO  ExportHelperExtension.cs: 1145 - Found 0 features of type [RefAxis] in HC-SR04-3
2026-04-16 19:33:47,814 INFO  ExportHelperExtension.cs: 1125 - Retrieving features of type [RefAxis] from Sideplate^Full assembly-1
2026-04-16 19:33:47,814 INFO  ExportHelperExtension.cs: 1136 - Found 27 in Sideplate^Full assembly-1
2026-04-16 19:33:47,814 INFO  ExportHelperExtension.cs: 1145 - Found 0 features of type [RefAxis] in Sideplate^Full assembly-1
2026-04-16 19:33:47,814 INFO  ExportHelperExtension.cs: 1125 - Retrieving features of type [RefAxis] from Topplates^Full assembly-1
2026-04-16 19:33:47,814 INFO  ExportHelperExtension.cs: 1136 - Found 28 in Topplates^Full assembly-1
2026-04-16 19:33:47,814 INFO  ExportHelperExtension.cs: 1145 - Found 0 features of type [RefAxis] in Topplates^Full assembly-1
2026-04-16 19:33:47,814 INFO  ExportHelperExtension.cs: 1125 - Retrieving features of type [RefAxis] from RearCover^Full assembly-2
2026-04-16 19:33:47,814 INFO  ExportHelperExtension.cs: 1136 - Found 66 in RearCover^Full assembly-2
2026-04-16 19:33:47,814 INFO  ExportHelperExtension.cs: 1145 - Found 0 features of type [RefAxis] in RearCover^Full assembly-2
2026-04-16 19:33:47,814 INFO  ExportHelperExtension.cs: 1125 - Retrieving features of type [RefAxis] from 50wr5j cement resistor.step-3
2026-04-16 19:33:47,814 INFO  ExportHelperExtension.cs: 1136 - Found 36 in 50wr5j cement resistor.step-3
2026-04-16 19:33:47,814 INFO  ExportHelperExtension.cs: 1145 - Found 0 features of type [RefAxis] in 50wr5j cement resistor.step-3
2026-04-16 19:33:47,814 INFO  ExportHelperExtension.cs: 1125 - Retrieving features of type [RefAxis] from 50wr5j cement resistor.step-4
2026-04-16 19:33:47,814 INFO  ExportHelperExtension.cs: 1136 - Found 36 in 50wr5j cement resistor.step-4
2026-04-16 19:33:47,814 INFO  ExportHelperExtension.cs: 1145 - Found 0 features of type [RefAxis] in 50wr5j cement resistor.step-4
2026-04-16 19:33:47,814 INFO  ExportHelperExtension.cs: 1125 - Retrieving features of type [RefAxis] from JK-BD6A20S10P (1)-1
2026-04-16 19:33:47,814 INFO  ExportHelperExtension.cs: 1136 - Found 41 in JK-BD6A20S10P (1)-1
2026-04-16 19:33:47,814 INFO  ExportHelperExtension.cs: 1145 - Found 0 features of type [RefAxis] in JK-BD6A20S10P (1)-1
2026-04-16 19:33:47,814 INFO  ExportHelperExtension.cs: 1125 - Retrieving features of type [RefAxis] from D435IF without cover-2
2026-04-16 19:33:47,814 INFO  ExportHelperExtension.cs: 1136 - Found 27 in D435IF without cover-2
2026-04-16 19:33:47,814 INFO  ExportHelperExtension.cs: 1145 - Found 0 features of type [RefAxis] in D435IF without cover-2
2026-04-16 19:33:47,814 INFO  ExportHelperExtension.cs: 1125 - Retrieving features of type [RefAxis] from 20-60v 12v 3a converter-1
2026-04-16 19:33:47,814 INFO  ExportHelperExtension.cs: 1136 - Found 33 in 20-60v 12v 3a converter-1
2026-04-16 19:33:47,814 INFO  ExportHelperExtension.cs: 1145 - Found 0 features of type [RefAxis] in 20-60v 12v 3a converter-1
2026-04-16 19:33:47,814 INFO  ExportHelperExtension.cs: 1125 - Retrieving features of type [RefAxis] from 50wr5j cement resistor.step-1
2026-04-16 19:33:47,814 INFO  ExportHelperExtension.cs: 1136 - Found 36 in 50wr5j cement resistor.step-1
2026-04-16 19:33:47,814 INFO  ExportHelperExtension.cs: 1145 - Found 0 features of type [RefAxis] in 50wr5j cement resistor.step-1
2026-04-16 19:33:47,814 INFO  ExportHelperExtension.cs: 1125 - Retrieving features of type [RefAxis] from Littelfuse-Solenoids-Relays-DCNEV250-Series-3D Model.step-1
2026-04-16 19:33:47,814 INFO  ExportHelperExtension.cs: 1136 - Found 36 in Littelfuse-Solenoids-Relays-DCNEV250-Series-3D Model.step-1
2026-04-16 19:33:47,814 INFO  ExportHelperExtension.cs: 1145 - Found 0 features of type [RefAxis] in Littelfuse-Solenoids-Relays-DCNEV250-Series-3D Model.step-1
2026-04-16 19:33:47,814 INFO  ExportHelperExtension.cs: 1125 - Retrieving features of type [RefAxis] from Jetsonorin-1
2026-04-16 19:33:47,814 INFO  ExportHelperExtension.cs: 1136 - Found 471 in Jetsonorin-1
2026-04-16 19:33:47,814 INFO  ExportHelperExtension.cs: 1145 - Found 0 features of type [RefAxis] in Jetsonorin-1
2026-04-16 19:33:47,814 INFO  ExportHelperExtension.cs: 1125 - Retrieving features of type [RefAxis] from Acer USB Hub-1
2026-04-16 19:33:47,814 INFO  ExportHelperExtension.cs: 1136 - Found 42 in Acer USB Hub-1
2026-04-16 19:33:47,814 INFO  ExportHelperExtension.cs: 1145 - Found 0 features of type [RefAxis] in Acer USB Hub-1
2026-04-16 19:33:47,814 INFO  ExportHelperExtension.cs: 1125 - Retrieving features of type [RefAxis] from ADAFRUIT bno085 IMU-1
2026-04-16 19:33:47,814 INFO  ExportHelperExtension.cs: 1136 - Found 123 in ADAFRUIT bno085 IMU-1
2026-04-16 19:33:47,814 INFO  ExportHelperExtension.cs: 1145 - Found 0 features of type [RefAxis] in ADAFRUIT bno085 IMU-1
2026-04-16 19:33:47,814 INFO  ExportHelperExtension.cs: 1125 - Retrieving features of type [RefAxis] from Part3^Full assembly-1
2026-04-16 19:33:47,814 INFO  ExportHelperExtension.cs: 1136 - Found 57 in Part3^Full assembly-1
2026-04-16 19:33:47,814 INFO  ExportHelperExtension.cs: 1145 - Found 0 features of type [RefAxis] in Part3^Full assembly-1
2026-04-16 19:33:47,814 INFO  ExportHelperExtension.cs: 1125 - Retrieving features of type [RefAxis] from 50wr5j cement resistor.step-2
2026-04-16 19:33:47,814 INFO  ExportHelperExtension.cs: 1136 - Found 36 in 50wr5j cement resistor.step-2
2026-04-16 19:33:47,814 INFO  ExportHelperExtension.cs: 1145 - Found 0 features of type [RefAxis] in 50wr5j cement resistor.step-2
2026-04-16 19:33:47,814 INFO  ExportHelperExtension.cs: 1125 - Retrieving features of type [RefAxis] from Part256^Full assembly-1
2026-04-16 19:33:47,814 INFO  ExportHelperExtension.cs: 1136 - Found 59 in Part256^Full assembly-1
2026-04-16 19:33:47,830 INFO  ExportHelperExtension.cs: 1145 - Found 0 features of type [RefAxis] in Part256^Full assembly-1
2026-04-16 19:33:47,830 INFO  ExportHelperExtension.cs: 1125 - Retrieving features of type [RefAxis] from robosense airy.step-1
2026-04-16 19:33:47,830 INFO  ExportHelperExtension.cs: 1136 - Found 23 in robosense airy.step-1
2026-04-16 19:33:47,830 INFO  ExportHelperExtension.cs: 1145 - Found 0 features of type [RefAxis] in robosense airy.step-1
2026-04-16 19:33:47,830 INFO  ExportHelperExtension.cs: 1125 - Retrieving features of type [RefAxis] from HC-SR04-5
2026-04-16 19:33:47,830 INFO  ExportHelperExtension.cs: 1136 - Found 169 in HC-SR04-5
2026-04-16 19:33:47,830 INFO  ExportHelperExtension.cs: 1145 - Found 0 features of type [RefAxis] in HC-SR04-5
2026-04-16 19:33:47,830 INFO  ExportHelperExtension.cs: 1125 - Retrieving features of type [RefAxis] from front plates v2^Full assembly-1
2026-04-16 19:33:47,830 INFO  ExportHelperExtension.cs: 1136 - Found 79 in front plates v2^Full assembly-1
2026-04-16 19:33:47,830 INFO  ExportHelperExtension.cs: 1145 - Found 0 features of type [RefAxis] in front plates v2^Full assembly-1
2026-04-16 19:33:47,830 INFO  ExportHelperExtension.cs: 1125 - Retrieving features of type [RefAxis] from 80x80x25 9 blade fan.STEP-1
2026-04-16 19:33:47,830 INFO  ExportHelperExtension.cs: 1136 - Found 24 in 80x80x25 9 blade fan.STEP-1
2026-04-16 19:33:47,830 INFO  ExportHelperExtension.cs: 1145 - Found 0 features of type [RefAxis] in 80x80x25 9 blade fan.STEP-1
2026-04-16 19:33:47,830 INFO  ExportHelperExtension.cs: 1125 - Retrieving features of type [RefAxis] from 90degree angle bracket 30x30-8(M6)-58
2026-04-16 19:33:47,830 INFO  ExportHelperExtension.cs: 1136 - Found 36 in 90degree angle bracket 30x30-8(M6)-58
2026-04-16 19:33:47,830 INFO  ExportHelperExtension.cs: 1145 - Found 0 features of type [RefAxis] in 90degree angle bracket 30x30-8(M6)-58
2026-04-16 19:33:47,830 INFO  ExportHelperExtension.cs: 1125 - Retrieving features of type [RefAxis] from 90degree angle bracket 30x30-8(M6)-59
2026-04-16 19:33:47,830 INFO  ExportHelperExtension.cs: 1136 - Found 36 in 90degree angle bracket 30x30-8(M6)-59
2026-04-16 19:33:47,835 INFO  ExportHelperExtension.cs: 1145 - Found 0 features of type [RefAxis] in 90degree angle bracket 30x30-8(M6)-59
2026-04-16 19:33:47,835 INFO  ExportHelperExtension.cs: 1125 - Retrieving features of type [RefAxis] from 90degree angle bracket 30x30-8(M6)-57
2026-04-16 19:33:47,835 INFO  ExportHelperExtension.cs: 1136 - Found 36 in 90degree angle bracket 30x30-8(M6)-57
2026-04-16 19:33:47,835 INFO  ExportHelperExtension.cs: 1145 - Found 0 features of type [RefAxis] in 90degree angle bracket 30x30-8(M6)-57
2026-04-16 19:33:47,835 INFO  ExportHelperExtension.cs: 1125 - Retrieving features of type [RefAxis] from 90degree angle bracket 30x30-8(M6)-63
2026-04-16 19:33:47,835 INFO  ExportHelperExtension.cs: 1136 - Found 36 in 90degree angle bracket 30x30-8(M6)-63
2026-04-16 19:33:47,835 INFO  ExportHelperExtension.cs: 1145 - Found 0 features of type [RefAxis] in 90degree angle bracket 30x30-8(M6)-63
2026-04-16 19:33:47,835 INFO  ExportHelperExtension.cs: 1125 - Retrieving features of type [RefAxis] from YDLiDAR T-mini Plus-3
2026-04-16 19:33:47,835 INFO  ExportHelperExtension.cs: 1136 - Found 25 in YDLiDAR T-mini Plus-3
2026-04-16 19:33:47,835 INFO  ExportHelperExtension.cs: 1145 - Found 0 features of type [RefAxis] in YDLiDAR T-mini Plus-3
2026-04-16 19:33:47,835 INFO  ExportHelperExtension.cs: 1125 - Retrieving features of type [RefAxis] from Sideplate^Full assembly-3
2026-04-16 19:33:47,835 INFO  ExportHelperExtension.cs: 1136 - Found 27 in Sideplate^Full assembly-3
2026-04-16 19:33:47,835 INFO  ExportHelperExtension.cs: 1145 - Found 0 features of type [RefAxis] in Sideplate^Full assembly-3
2026-04-16 19:33:47,835 INFO  ExportHelperExtension.cs: 1125 - Retrieving features of type [RefAxis] from Side^Full assembly-2
2026-04-16 19:33:47,835 INFO  ExportHelperExtension.cs: 1136 - Found 53 in Side^Full assembly-2
2026-04-16 19:33:47,835 INFO  ExportHelperExtension.cs: 1145 - Found 0 features of type [RefAxis] in Side^Full assembly-2
2026-04-16 19:33:47,835 INFO  ExportHelperExtension.cs: 1125 - Retrieving features of type [RefAxis] from Topplates^Full assembly-2
2026-04-16 19:33:47,835 INFO  ExportHelperExtension.cs: 1136 - Found 28 in Topplates^Full assembly-2
2026-04-16 19:33:47,835 INFO  ExportHelperExtension.cs: 1145 - Found 0 features of type [RefAxis] in Topplates^Full assembly-2
2026-04-16 19:33:47,835 INFO  ExportHelperExtension.cs: 1125 - Retrieving features of type [RefAxis] from 90degree angle bracket 30x30-8(M6)-61
2026-04-16 19:33:47,835 INFO  ExportHelperExtension.cs: 1136 - Found 36 in 90degree angle bracket 30x30-8(M6)-61
2026-04-16 19:33:47,835 INFO  ExportHelperExtension.cs: 1145 - Found 0 features of type [RefAxis] in 90degree angle bracket 30x30-8(M6)-61
2026-04-16 19:33:47,835 INFO  ExportHelperExtension.cs: 1125 - Retrieving features of type [RefAxis] from 90degree angle bracket 30x30-8(M6)-62
2026-04-16 19:33:47,835 INFO  ExportHelperExtension.cs: 1136 - Found 36 in 90degree angle bracket 30x30-8(M6)-62
2026-04-16 19:33:47,835 INFO  ExportHelperExtension.cs: 1145 - Found 0 features of type [RefAxis] in 90degree angle bracket 30x30-8(M6)-62
2026-04-16 19:33:47,835 INFO  ExportHelperExtension.cs: 1125 - Retrieving features of type [RefAxis] from 90degree angle bracket 30x30-8(M6)-60
2026-04-16 19:33:47,835 INFO  ExportHelperExtension.cs: 1136 - Found 36 in 90degree angle bracket 30x30-8(M6)-60
2026-04-16 19:33:47,835 INFO  ExportHelperExtension.cs: 1145 - Found 0 features of type [RefAxis] in 90degree angle bracket 30x30-8(M6)-60
2026-04-16 19:33:47,835 INFO  ExportHelperExtension.cs: 1125 - Retrieving features of type [RefAxis] from 90degree angle bracket 30x30-8(M6)-65
2026-04-16 19:33:47,835 INFO  ExportHelperExtension.cs: 1136 - Found 36 in 90degree angle bracket 30x30-8(M6)-65
2026-04-16 19:33:47,835 INFO  ExportHelperExtension.cs: 1145 - Found 0 features of type [RefAxis] in 90degree angle bracket 30x30-8(M6)-65
2026-04-16 19:33:47,835 INFO  ExportHelperExtension.cs: 1125 - Retrieving features of type [RefAxis] from Sideplate^Full assembly-2
2026-04-16 19:33:47,835 INFO  ExportHelperExtension.cs: 1136 - Found 27 in Sideplate^Full assembly-2
2026-04-16 19:33:47,835 INFO  ExportHelperExtension.cs: 1145 - Found 0 features of type [RefAxis] in Sideplate^Full assembly-2
2026-04-16 19:33:47,835 INFO  ExportHelperExtension.cs: 1125 - Retrieving features of type [RefAxis] from MirrorHC-SR04-5
2026-04-16 19:33:47,835 INFO  ExportHelperExtension.cs: 1136 - Found 34 in MirrorHC-SR04-5
2026-04-16 19:33:47,835 INFO  ExportHelperExtension.cs: 1145 - Found 0 features of type [RefAxis] in MirrorHC-SR04-5
2026-04-16 19:33:47,835 INFO  ExportHelperExtension.cs: 1125 - Retrieving features of type [RefAxis] from 90degree angle bracket 30x30-8(M6)-64
2026-04-16 19:33:47,835 INFO  ExportHelperExtension.cs: 1136 - Found 36 in 90degree angle bracket 30x30-8(M6)-64
2026-04-16 19:33:47,835 INFO  ExportHelperExtension.cs: 1145 - Found 0 features of type [RefAxis] in 90degree angle bracket 30x30-8(M6)-64
2026-04-16 19:33:47,835 INFO  ExportHelperExtension.cs: 1125 - Retrieving features of type [RefAxis] from MirrorSideplate^Full assembly-3
2026-04-16 19:33:47,835 INFO  ExportHelperExtension.cs: 1136 - Found 34 in MirrorSideplate^Full assembly-3
2026-04-16 19:33:47,835 INFO  ExportHelperExtension.cs: 1145 - Found 0 features of type [RefAxis] in MirrorSideplate^Full assembly-3
2026-04-16 19:33:47,835 INFO  ExportHelperExtension.cs: 1125 - Retrieving features of type [RefAxis] from HC-SR04-4
2026-04-16 19:33:47,835 INFO  ExportHelperExtension.cs: 1136 - Found 169 in HC-SR04-4
2026-04-16 19:33:47,835 INFO  ExportHelperExtension.cs: 1145 - Found 0 features of type [RefAxis] in HC-SR04-4
2026-04-16 19:33:47,835 INFO  ExportHelperExtension.cs: 1125 - Retrieving features of type [RefAxis] from BSB 30x30-8 162mm-3
2026-04-16 19:33:47,835 INFO  ExportHelperExtension.cs: 1136 - Found 25 in BSB 30x30-8 162mm-3
2026-04-16 19:33:47,846 INFO  ExportHelperExtension.cs: 1145 - Found 0 features of type [RefAxis] in BSB 30x30-8 162mm-3
2026-04-16 19:33:47,846 INFO  ExportHelperExtension.cs: 1125 - Retrieving features of type [RefAxis] from CB3914895EA-50Ah Cell-1
2026-04-16 19:33:47,846 INFO  ExportHelperExtension.cs: 1136 - Found 74 in CB3914895EA-50Ah Cell-1
2026-04-16 19:33:47,846 INFO  ExportHelperExtension.cs: 1145 - Found 1 features of type [RefAxis] in CB3914895EA-50Ah Cell-1
2026-04-16 19:33:47,846 INFO  ExportHelperExtension.cs: 1125 - Retrieving features of type [RefAxis] from BSB 30x30-8 324mm-1
2026-04-16 19:33:47,846 INFO  ExportHelperExtension.cs: 1136 - Found 25 in BSB 30x30-8 324mm-1
2026-04-16 19:33:47,846 INFO  ExportHelperExtension.cs: 1145 - Found 0 features of type [RefAxis] in BSB 30x30-8 324mm-1
2026-04-16 19:33:47,846 INFO  ExportHelperExtension.cs: 1125 - Retrieving features of type [RefAxis] from BSB 30x30-8 324mm-2
2026-04-16 19:33:47,846 INFO  ExportHelperExtension.cs: 1136 - Found 25 in BSB 30x30-8 324mm-2
2026-04-16 19:33:47,846 INFO  ExportHelperExtension.cs: 1145 - Found 0 features of type [RefAxis] in BSB 30x30-8 324mm-2
2026-04-16 19:33:47,846 INFO  ExportHelperExtension.cs: 1125 - Retrieving features of type [RefAxis] from BSB 30x30-8 262mm-2
2026-04-16 19:33:47,846 INFO  ExportHelperExtension.cs: 1136 - Found 25 in BSB 30x30-8 262mm-2
2026-04-16 19:33:47,846 INFO  ExportHelperExtension.cs: 1145 - Found 0 features of type [RefAxis] in BSB 30x30-8 262mm-2
2026-04-16 19:33:47,846 INFO  ExportHelperExtension.cs: 1125 - Retrieving features of type [RefAxis] from BSB 30x30-8 262mm-1
2026-04-16 19:33:47,846 INFO  ExportHelperExtension.cs: 1136 - Found 25 in BSB 30x30-8 262mm-1
2026-04-16 19:33:47,846 INFO  ExportHelperExtension.cs: 1145 - Found 0 features of type [RefAxis] in BSB 30x30-8 262mm-1
2026-04-16 19:33:47,846 INFO  ExportHelperExtension.cs: 1125 - Retrieving features of type [RefAxis] from BSB 30x30-8 444mm-4
2026-04-16 19:33:47,846 INFO  ExportHelperExtension.cs: 1136 - Found 25 in BSB 30x30-8 444mm-4
2026-04-16 19:33:47,846 INFO  ExportHelperExtension.cs: 1145 - Found 0 features of type [RefAxis] in BSB 30x30-8 444mm-4
2026-04-16 19:33:47,846 INFO  ExportHelperExtension.cs: 1125 - Retrieving features of type [RefAxis] from BSB 30x30-8 444mm-7
2026-04-16 19:33:47,846 INFO  ExportHelperExtension.cs: 1136 - Found 25 in BSB 30x30-8 444mm-7
2026-04-16 19:33:47,846 INFO  ExportHelperExtension.cs: 1145 - Found 0 features of type [RefAxis] in BSB 30x30-8 444mm-7
2026-04-16 19:33:47,846 INFO  ExportHelperExtension.cs: 1125 - Retrieving features of type [RefAxis] from BSB 30x30-8 162mm-1
2026-04-16 19:33:47,846 INFO  ExportHelperExtension.cs: 1136 - Found 25 in BSB 30x30-8 162mm-1
2026-04-16 19:33:47,846 INFO  ExportHelperExtension.cs: 1145 - Found 0 features of type [RefAxis] in BSB 30x30-8 162mm-1
2026-04-16 19:33:47,846 INFO  ExportHelperExtension.cs: 1125 - Retrieving features of type [RefAxis] from BSB 30x30-8 322mm (tapped ends)-1
2026-04-16 19:33:47,846 INFO  ExportHelperExtension.cs: 1136 - Found 25 in BSB 30x30-8 322mm (tapped ends)-1
2026-04-16 19:33:47,846 INFO  ExportHelperExtension.cs: 1145 - Found 0 features of type [RefAxis] in BSB 30x30-8 322mm (tapped ends)-1
2026-04-16 19:33:47,846 INFO  ExportHelperExtension.cs: 1125 - Retrieving features of type [RefAxis] from BSB 30x30-8 162mm-4
2026-04-16 19:33:47,846 INFO  ExportHelperExtension.cs: 1136 - Found 25 in BSB 30x30-8 162mm-4
2026-04-16 19:33:47,846 INFO  ExportHelperExtension.cs: 1145 - Found 0 features of type [RefAxis] in BSB 30x30-8 162mm-4
2026-04-16 19:33:47,846 INFO  ExportHelperExtension.cs: 1125 - Retrieving features of type [RefAxis] from BSB 30x30-8 162mm-7
2026-04-16 19:33:47,846 INFO  ExportHelperExtension.cs: 1136 - Found 25 in BSB 30x30-8 162mm-7
2026-04-16 19:33:47,846 INFO  ExportHelperExtension.cs: 1145 - Found 0 features of type [RefAxis] in BSB 30x30-8 162mm-7
2026-04-16 19:33:47,846 INFO  ExportHelperExtension.cs: 1125 - Retrieving features of type [RefAxis] from BSB 30x30-8 90mm-4
2026-04-16 19:33:47,862 INFO  ExportHelperExtension.cs: 1136 - Found 25 in BSB 30x30-8 90mm-4
2026-04-16 19:33:47,862 INFO  ExportHelperExtension.cs: 1145 - Found 0 features of type [RefAxis] in BSB 30x30-8 90mm-4
2026-04-16 19:33:47,862 INFO  ExportHelperExtension.cs: 1125 - Retrieving features of type [RefAxis] from BSB 30x30-8 162mm-14
2026-04-16 19:33:47,862 INFO  ExportHelperExtension.cs: 1136 - Found 25 in BSB 30x30-8 162mm-14
2026-04-16 19:33:47,862 INFO  ExportHelperExtension.cs: 1145 - Found 0 features of type [RefAxis] in BSB 30x30-8 162mm-14
2026-04-16 19:33:47,862 INFO  ExportHelperExtension.cs: 1125 - Retrieving features of type [RefAxis] from BSB 30x30-8 90mm-2
2026-04-16 19:33:47,862 INFO  ExportHelperExtension.cs: 1136 - Found 25 in BSB 30x30-8 90mm-2
2026-04-16 19:33:47,862 INFO  ExportHelperExtension.cs: 1145 - Found 0 features of type [RefAxis] in BSB 30x30-8 90mm-2
2026-04-16 19:33:47,862 INFO  ExportHelperExtension.cs: 1125 - Retrieving features of type [RefAxis] from BSB 30x30-8 90mm-3
2026-04-16 19:33:47,862 INFO  ExportHelperExtension.cs: 1136 - Found 25 in BSB 30x30-8 90mm-3
2026-04-16 19:33:47,862 INFO  ExportHelperExtension.cs: 1145 - Found 0 features of type [RefAxis] in BSB 30x30-8 90mm-3
2026-04-16 19:33:47,862 INFO  ExportHelperExtension.cs: 1125 - Retrieving features of type [RefAxis] from BSB 30x30-8 162mm-5
2026-04-16 19:33:47,862 INFO  ExportHelperExtension.cs: 1136 - Found 25 in BSB 30x30-8 162mm-5
2026-04-16 19:33:47,862 INFO  ExportHelperExtension.cs: 1145 - Found 0 features of type [RefAxis] in BSB 30x30-8 162mm-5
2026-04-16 19:33:47,862 INFO  ExportHelperExtension.cs: 1125 - Retrieving features of type [RefAxis] from BSB 30x30-8 322mm (tapped ends)-2
2026-04-16 19:33:47,862 INFO  ExportHelperExtension.cs: 1136 - Found 25 in BSB 30x30-8 322mm (tapped ends)-2
2026-04-16 19:33:47,862 INFO  ExportHelperExtension.cs: 1145 - Found 0 features of type [RefAxis] in BSB 30x30-8 322mm (tapped ends)-2
2026-04-16 19:33:47,862 INFO  ExportHelperExtension.cs: 1125 - Retrieving features of type [RefAxis] from BSB 30x30-8 162mm-6
2026-04-16 19:33:47,862 INFO  ExportHelperExtension.cs: 1136 - Found 25 in BSB 30x30-8 162mm-6
2026-04-16 19:33:47,862 INFO  ExportHelperExtension.cs: 1145 - Found 0 features of type [RefAxis] in BSB 30x30-8 162mm-6
2026-04-16 19:33:47,862 INFO  ExportHelperExtension.cs: 1125 - Retrieving features of type [RefAxis] from BSB 30x30-8 162mm-8
2026-04-16 19:33:47,862 INFO  ExportHelperExtension.cs: 1136 - Found 25 in BSB 30x30-8 162mm-8
2026-04-16 19:33:47,862 INFO  ExportHelperExtension.cs: 1145 - Found 0 features of type [RefAxis] in BSB 30x30-8 162mm-8
2026-04-16 19:33:47,862 INFO  ExportHelperExtension.cs: 1125 - Retrieving features of type [RefAxis] from BSB 30x30-8 162mm-9
2026-04-16 19:33:47,862 INFO  ExportHelperExtension.cs: 1136 - Found 25 in BSB 30x30-8 162mm-9
2026-04-16 19:33:47,862 INFO  ExportHelperExtension.cs: 1145 - Found 0 features of type [RefAxis] in BSB 30x30-8 162mm-9
2026-04-16 19:33:47,862 INFO  ExportHelperExtension.cs: 1125 - Retrieving features of type [RefAxis] from 90degree angle bracket 30x30-8(M6)-18
2026-04-16 19:33:47,862 INFO  ExportHelperExtension.cs: 1136 - Found 36 in 90degree angle bracket 30x30-8(M6)-18
2026-04-16 19:33:47,862 INFO  ExportHelperExtension.cs: 1145 - Found 0 features of type [RefAxis] in 90degree angle bracket 30x30-8(M6)-18
2026-04-16 19:33:47,862 INFO  ExportHelperExtension.cs: 1125 - Retrieving features of type [RefAxis] from 90degree angle bracket 30x30-8(M6)-19
2026-04-16 19:33:47,862 INFO  ExportHelperExtension.cs: 1136 - Found 36 in 90degree angle bracket 30x30-8(M6)-19
2026-04-16 19:33:47,862 INFO  ExportHelperExtension.cs: 1145 - Found 0 features of type [RefAxis] in 90degree angle bracket 30x30-8(M6)-19
2026-04-16 19:33:47,862 INFO  ExportHelperExtension.cs: 1125 - Retrieving features of type [RefAxis] from 90degree angle bracket 30x30-8(M6)-22
2026-04-16 19:33:47,862 INFO  ExportHelperExtension.cs: 1136 - Found 36 in 90degree angle bracket 30x30-8(M6)-22
2026-04-16 19:33:47,862 INFO  ExportHelperExtension.cs: 1145 - Found 0 features of type [RefAxis] in 90degree angle bracket 30x30-8(M6)-22
2026-04-16 19:33:47,862 INFO  ExportHelperExtension.cs: 1125 - Retrieving features of type [RefAxis] from 90degree angle bracket 30x30-8(M6)-24
2026-04-16 19:33:47,862 INFO  ExportHelperExtension.cs: 1136 - Found 36 in 90degree angle bracket 30x30-8(M6)-24
2026-04-16 19:33:47,862 INFO  ExportHelperExtension.cs: 1145 - Found 0 features of type [RefAxis] in 90degree angle bracket 30x30-8(M6)-24
2026-04-16 19:33:47,862 INFO  ExportHelperExtension.cs: 1125 - Retrieving features of type [RefAxis] from BSB 30x30-8 262mm-5
2026-04-16 19:33:47,862 INFO  ExportHelperExtension.cs: 1136 - Found 25 in BSB 30x30-8 262mm-5
2026-04-16 19:33:47,878 INFO  ExportHelperExtension.cs: 1145 - Found 0 features of type [RefAxis] in BSB 30x30-8 262mm-5
2026-04-16 19:33:47,878 INFO  ExportHelperExtension.cs: 1125 - Retrieving features of type [RefAxis] from 90degree angle bracket 30x30-8(M6)-27
2026-04-16 19:33:47,878 INFO  ExportHelperExtension.cs: 1136 - Found 36 in 90degree angle bracket 30x30-8(M6)-27
2026-04-16 19:33:47,878 INFO  ExportHelperExtension.cs: 1145 - Found 0 features of type [RefAxis] in 90degree angle bracket 30x30-8(M6)-27
2026-04-16 19:33:47,878 INFO  ExportHelperExtension.cs: 1125 - Retrieving features of type [RefAxis] from BSB 30x30-8 162mm-15
2026-04-16 19:33:47,878 INFO  ExportHelperExtension.cs: 1136 - Found 25 in BSB 30x30-8 162mm-15
2026-04-16 19:33:47,878 INFO  ExportHelperExtension.cs: 1145 - Found 0 features of type [RefAxis] in BSB 30x30-8 162mm-15
2026-04-16 19:33:47,878 INFO  ExportHelperExtension.cs: 1125 - Retrieving features of type [RefAxis] from BSB 30x30-8 684mm-15
2026-04-16 19:33:47,878 INFO  ExportHelperExtension.cs: 1136 - Found 25 in BSB 30x30-8 684mm-15
2026-04-16 19:33:47,878 INFO  ExportHelperExtension.cs: 1145 - Found 0 features of type [RefAxis] in BSB 30x30-8 684mm-15
2026-04-16 19:33:47,878 INFO  ExportHelperExtension.cs: 1125 - Retrieving features of type [RefAxis] from BSB 30x30-8 162mm-16
2026-04-16 19:33:47,878 INFO  ExportHelperExtension.cs: 1136 - Found 25 in BSB 30x30-8 162mm-16
2026-04-16 19:33:47,878 INFO  ExportHelperExtension.cs: 1145 - Found 0 features of type [RefAxis] in BSB 30x30-8 162mm-16
2026-04-16 19:33:47,878 INFO  ExportHelperExtension.cs: 1125 - Retrieving features of type [RefAxis] from BSB 30x30-8 262mm-6
2026-04-16 19:33:47,878 INFO  ExportHelperExtension.cs: 1136 - Found 25 in BSB 30x30-8 262mm-6
2026-04-16 19:33:47,878 INFO  ExportHelperExtension.cs: 1145 - Found 0 features of type [RefAxis] in BSB 30x30-8 262mm-6
2026-04-16 19:33:47,878 INFO  ExportHelperExtension.cs: 1125 - Retrieving features of type [RefAxis] from BSB 30x30-8 324mm-4
2026-04-16 19:33:47,889 INFO  ExportHelperExtension.cs: 1136 - Found 25 in BSB 30x30-8 324mm-4
2026-04-16 19:33:47,889 INFO  ExportHelperExtension.cs: 1145 - Found 0 features of type [RefAxis] in BSB 30x30-8 324mm-4
2026-04-16 19:33:47,889 INFO  ExportHelperExtension.cs: 1125 - Retrieving features of type [RefAxis] from 90degree angle bracket 30x30-8(M6)-20
2026-04-16 19:33:47,889 INFO  ExportHelperExtension.cs: 1136 - Found 36 in 90degree angle bracket 30x30-8(M6)-20
2026-04-16 19:33:47,889 INFO  ExportHelperExtension.cs: 1145 - Found 0 features of type [RefAxis] in 90degree angle bracket 30x30-8(M6)-20
2026-04-16 19:33:47,889 INFO  ExportHelperExtension.cs: 1125 - Retrieving features of type [RefAxis] from 90degree angle bracket 30x30-8(M6)-21
2026-04-16 19:33:47,889 INFO  ExportHelperExtension.cs: 1136 - Found 36 in 90degree angle bracket 30x30-8(M6)-21
2026-04-16 19:33:47,889 INFO  ExportHelperExtension.cs: 1145 - Found 0 features of type [RefAxis] in 90degree angle bracket 30x30-8(M6)-21
2026-04-16 19:33:47,894 INFO  ExportHelperExtension.cs: 1125 - Retrieving features of type [RefAxis] from 90degree angle bracket 30x30-8(M6)-23
2026-04-16 19:33:47,894 INFO  ExportHelperExtension.cs: 1136 - Found 36 in 90degree angle bracket 30x30-8(M6)-23
2026-04-16 19:33:47,894 INFO  ExportHelperExtension.cs: 1145 - Found 0 features of type [RefAxis] in 90degree angle bracket 30x30-8(M6)-23
2026-04-16 19:33:47,894 INFO  ExportHelperExtension.cs: 1125 - Retrieving features of type [RefAxis] from 90degree angle bracket 30x30-8(M6)-25
2026-04-16 19:33:47,894 INFO  ExportHelperExtension.cs: 1136 - Found 36 in 90degree angle bracket 30x30-8(M6)-25
2026-04-16 19:33:47,894 INFO  ExportHelperExtension.cs: 1145 - Found 0 features of type [RefAxis] in 90degree angle bracket 30x30-8(M6)-25
2026-04-16 19:33:47,894 INFO  ExportHelperExtension.cs: 1125 - Retrieving features of type [RefAxis] from 90degree angle bracket 30x30-8(M6)-26
2026-04-16 19:33:47,894 INFO  ExportHelperExtension.cs: 1136 - Found 36 in 90degree angle bracket 30x30-8(M6)-26
2026-04-16 19:33:47,894 INFO  ExportHelperExtension.cs: 1145 - Found 0 features of type [RefAxis] in 90degree angle bracket 30x30-8(M6)-26
2026-04-16 19:33:47,894 INFO  ExportHelperExtension.cs: 1125 - Retrieving features of type [RefAxis] from 90degree angle bracket 30x30-8(M6)-30
2026-04-16 19:33:47,894 INFO  ExportHelperExtension.cs: 1136 - Found 36 in 90degree angle bracket 30x30-8(M6)-30
2026-04-16 19:33:47,894 INFO  ExportHelperExtension.cs: 1145 - Found 0 features of type [RefAxis] in 90degree angle bracket 30x30-8(M6)-30
2026-04-16 19:33:47,894 INFO  ExportHelperExtension.cs: 1125 - Retrieving features of type [RefAxis] from 90degree angle bracket 30x30-8(M6)-31
2026-04-16 19:33:47,894 INFO  ExportHelperExtension.cs: 1136 - Found 36 in 90degree angle bracket 30x30-8(M6)-31
2026-04-16 19:33:47,894 INFO  ExportHelperExtension.cs: 1145 - Found 0 features of type [RefAxis] in 90degree angle bracket 30x30-8(M6)-31
2026-04-16 19:33:47,894 INFO  ExportHelperExtension.cs: 1125 - Retrieving features of type [RefAxis] from 90degree angle bracket 30x30-8(M6)-29
2026-04-16 19:33:47,894 INFO  ExportHelperExtension.cs: 1136 - Found 36 in 90degree angle bracket 30x30-8(M6)-29
2026-04-16 19:33:47,894 INFO  ExportHelperExtension.cs: 1145 - Found 0 features of type [RefAxis] in 90degree angle bracket 30x30-8(M6)-29
2026-04-16 19:33:47,894 INFO  ExportHelperExtension.cs: 1125 - Retrieving features of type [RefAxis] from 90degree angle bracket 30x30-8(M6)-28
2026-04-16 19:33:47,894 INFO  ExportHelperExtension.cs: 1136 - Found 36 in 90degree angle bracket 30x30-8(M6)-28
2026-04-16 19:33:47,894 INFO  ExportHelperExtension.cs: 1145 - Found 0 features of type [RefAxis] in 90degree angle bracket 30x30-8(M6)-28
2026-04-16 19:33:47,894 INFO  ExportHelperExtension.cs: 1125 - Retrieving features of type [RefAxis] from 90degree angle bracket 30x30-8(M6)-32
2026-04-16 19:33:47,894 INFO  ExportHelperExtension.cs: 1136 - Found 36 in 90degree angle bracket 30x30-8(M6)-32
2026-04-16 19:33:47,894 INFO  ExportHelperExtension.cs: 1145 - Found 0 features of type [RefAxis] in 90degree angle bracket 30x30-8(M6)-32
2026-04-16 19:33:47,894 INFO  ExportHelperExtension.cs: 1125 - Retrieving features of type [RefAxis] from 90degree angle bracket 30x30-8(M6)-40
2026-04-16 19:33:47,894 INFO  ExportHelperExtension.cs: 1136 - Found 36 in 90degree angle bracket 30x30-8(M6)-40
2026-04-16 19:33:47,894 INFO  ExportHelperExtension.cs: 1145 - Found 0 features of type [RefAxis] in 90degree angle bracket 30x30-8(M6)-40
2026-04-16 19:33:47,894 INFO  ExportHelperExtension.cs: 1125 - Retrieving features of type [RefAxis] from 90degree angle bracket 30x30-8(M6)-44
2026-04-16 19:33:47,894 INFO  ExportHelperExtension.cs: 1136 - Found 36 in 90degree angle bracket 30x30-8(M6)-44
2026-04-16 19:33:47,894 INFO  ExportHelperExtension.cs: 1145 - Found 0 features of type [RefAxis] in 90degree angle bracket 30x30-8(M6)-44
2026-04-16 19:33:47,894 INFO  ExportHelperExtension.cs: 1125 - Retrieving features of type [RefAxis] from 90degree angle bracket 30x30-8(M6)-42
2026-04-16 19:33:47,894 INFO  ExportHelperExtension.cs: 1136 - Found 36 in 90degree angle bracket 30x30-8(M6)-42
2026-04-16 19:33:47,894 INFO  ExportHelperExtension.cs: 1145 - Found 0 features of type [RefAxis] in 90degree angle bracket 30x30-8(M6)-42
2026-04-16 19:33:47,894 INFO  ExportHelperExtension.cs: 1125 - Retrieving features of type [RefAxis] from 90degree angle bracket 30x30-8(M6)-39
2026-04-16 19:33:47,894 INFO  ExportHelperExtension.cs: 1136 - Found 36 in 90degree angle bracket 30x30-8(M6)-39
2026-04-16 19:33:47,894 INFO  ExportHelperExtension.cs: 1145 - Found 0 features of type [RefAxis] in 90degree angle bracket 30x30-8(M6)-39
2026-04-16 19:33:47,894 INFO  ExportHelperExtension.cs: 1125 - Retrieving features of type [RefAxis] from 90degree angle bracket 30x30-8(M6)-41
2026-04-16 19:33:47,894 INFO  ExportHelperExtension.cs: 1136 - Found 36 in 90degree angle bracket 30x30-8(M6)-41
2026-04-16 19:33:47,894 INFO  ExportHelperExtension.cs: 1145 - Found 0 features of type [RefAxis] in 90degree angle bracket 30x30-8(M6)-41
2026-04-16 19:33:47,894 INFO  ExportHelperExtension.cs: 1125 - Retrieving features of type [RefAxis] from 90degree angle bracket 30x30-8(M6)-38
2026-04-16 19:33:47,894 INFO  ExportHelperExtension.cs: 1136 - Found 36 in 90degree angle bracket 30x30-8(M6)-38
2026-04-16 19:33:47,894 INFO  ExportHelperExtension.cs: 1145 - Found 0 features of type [RefAxis] in 90degree angle bracket 30x30-8(M6)-38
2026-04-16 19:33:47,894 INFO  ExportHelperExtension.cs: 1125 - Retrieving features of type [RefAxis] from 90degree angle bracket 30x30-8(M6)-35
2026-04-16 19:33:47,894 INFO  ExportHelperExtension.cs: 1136 - Found 36 in 90degree angle bracket 30x30-8(M6)-35
2026-04-16 19:33:47,894 INFO  ExportHelperExtension.cs: 1145 - Found 0 features of type [RefAxis] in 90degree angle bracket 30x30-8(M6)-35
2026-04-16 19:33:47,894 INFO  ExportHelperExtension.cs: 1125 - Retrieving features of type [RefAxis] from 90degree angle bracket 30x30-8(M6)-33
2026-04-16 19:33:47,894 INFO  ExportHelperExtension.cs: 1136 - Found 36 in 90degree angle bracket 30x30-8(M6)-33
2026-04-16 19:33:47,909 INFO  ExportHelperExtension.cs: 1145 - Found 0 features of type [RefAxis] in 90degree angle bracket 30x30-8(M6)-33
2026-04-16 19:33:47,909 INFO  ExportHelperExtension.cs: 1125 - Retrieving features of type [RefAxis] from 90degree angle bracket 30x30-8(M6)-34
2026-04-16 19:33:47,909 INFO  ExportHelperExtension.cs: 1136 - Found 36 in 90degree angle bracket 30x30-8(M6)-34
2026-04-16 19:33:47,909 INFO  ExportHelperExtension.cs: 1145 - Found 0 features of type [RefAxis] in 90degree angle bracket 30x30-8(M6)-34
2026-04-16 19:33:47,909 INFO  ExportHelperExtension.cs: 1125 - Retrieving features of type [RefAxis] from 90degree angle bracket 30x30-8(M6)-36
2026-04-16 19:33:47,909 INFO  ExportHelperExtension.cs: 1136 - Found 36 in 90degree angle bracket 30x30-8(M6)-36
2026-04-16 19:33:47,909 INFO  ExportHelperExtension.cs: 1145 - Found 0 features of type [RefAxis] in 90degree angle bracket 30x30-8(M6)-36
2026-04-16 19:33:47,909 INFO  ExportHelperExtension.cs: 1125 - Retrieving features of type [RefAxis] from 90degree angle bracket 30x30-8(M6)-37
2026-04-16 19:33:47,909 INFO  ExportHelperExtension.cs: 1136 - Found 36 in 90degree angle bracket 30x30-8(M6)-37
2026-04-16 19:33:47,909 INFO  ExportHelperExtension.cs: 1145 - Found 0 features of type [RefAxis] in 90degree angle bracket 30x30-8(M6)-37
2026-04-16 19:33:47,909 INFO  ExportHelperExtension.cs: 1125 - Retrieving features of type [RefAxis] from 90degree angle bracket 30x30-8(M6)-43
2026-04-16 19:33:47,909 INFO  ExportHelperExtension.cs: 1136 - Found 36 in 90degree angle bracket 30x30-8(M6)-43
2026-04-16 19:33:47,909 INFO  ExportHelperExtension.cs: 1145 - Found 0 features of type [RefAxis] in 90degree angle bracket 30x30-8(M6)-43
2026-04-16 19:33:47,909 INFO  ExportHelperExtension.cs: 1125 - Retrieving features of type [RefAxis] from 90degree angle bracket 30x30-8(M6)-55
2026-04-16 19:33:47,909 INFO  ExportHelperExtension.cs: 1136 - Found 36 in 90degree angle bracket 30x30-8(M6)-55
2026-04-16 19:33:47,909 INFO  ExportHelperExtension.cs: 1145 - Found 0 features of type [RefAxis] in 90degree angle bracket 30x30-8(M6)-55
2026-04-16 19:33:47,909 INFO  ExportHelperExtension.cs: 1125 - Retrieving features of type [RefAxis] from 90degree angle bracket 30x30-8(M6)-48
2026-04-16 19:33:47,909 INFO  ExportHelperExtension.cs: 1136 - Found 36 in 90degree angle bracket 30x30-8(M6)-48
2026-04-16 19:33:47,909 INFO  ExportHelperExtension.cs: 1145 - Found 0 features of type [RefAxis] in 90degree angle bracket 30x30-8(M6)-48
2026-04-16 19:33:47,909 INFO  ExportHelperExtension.cs: 1125 - Retrieving features of type [RefAxis] from 90degree angle bracket 30x30-8(M6)-51
2026-04-16 19:33:47,909 INFO  ExportHelperExtension.cs: 1136 - Found 36 in 90degree angle bracket 30x30-8(M6)-51
2026-04-16 19:33:47,909 INFO  ExportHelperExtension.cs: 1145 - Found 0 features of type [RefAxis] in 90degree angle bracket 30x30-8(M6)-51
2026-04-16 19:33:47,909 INFO  ExportHelperExtension.cs: 1125 - Retrieving features of type [RefAxis] from 90degree angle bracket 30x30-8(M6)-45
2026-04-16 19:33:47,909 INFO  ExportHelperExtension.cs: 1136 - Found 36 in 90degree angle bracket 30x30-8(M6)-45
2026-04-16 19:33:47,909 INFO  ExportHelperExtension.cs: 1145 - Found 0 features of type [RefAxis] in 90degree angle bracket 30x30-8(M6)-45
2026-04-16 19:33:47,909 INFO  ExportHelperExtension.cs: 1125 - Retrieving features of type [RefAxis] from 90degree angle bracket 30x30-8(M6)-50
2026-04-16 19:33:47,909 INFO  ExportHelperExtension.cs: 1136 - Found 36 in 90degree angle bracket 30x30-8(M6)-50
2026-04-16 19:33:47,909 INFO  ExportHelperExtension.cs: 1145 - Found 0 features of type [RefAxis] in 90degree angle bracket 30x30-8(M6)-50
2026-04-16 19:33:47,909 INFO  ExportHelperExtension.cs: 1125 - Retrieving features of type [RefAxis] from 90degree angle bracket 30x30-8(M6)-46
2026-04-16 19:33:47,909 INFO  ExportHelperExtension.cs: 1136 - Found 36 in 90degree angle bracket 30x30-8(M6)-46
2026-04-16 19:33:47,909 INFO  ExportHelperExtension.cs: 1145 - Found 0 features of type [RefAxis] in 90degree angle bracket 30x30-8(M6)-46
2026-04-16 19:33:47,909 INFO  ExportHelperExtension.cs: 1125 - Retrieving features of type [RefAxis] from 90degree angle bracket 30x30-8(M6)-52
2026-04-16 19:33:47,909 INFO  ExportHelperExtension.cs: 1136 - Found 36 in 90degree angle bracket 30x30-8(M6)-52
2026-04-16 19:33:47,909 INFO  ExportHelperExtension.cs: 1145 - Found 0 features of type [RefAxis] in 90degree angle bracket 30x30-8(M6)-52
2026-04-16 19:33:47,909 INFO  ExportHelperExtension.cs: 1125 - Retrieving features of type [RefAxis] from 90degree angle bracket 30x30-8(M6)-47
2026-04-16 19:33:47,909 INFO  ExportHelperExtension.cs: 1136 - Found 36 in 90degree angle bracket 30x30-8(M6)-47
2026-04-16 19:33:47,909 INFO  ExportHelperExtension.cs: 1145 - Found 0 features of type [RefAxis] in 90degree angle bracket 30x30-8(M6)-47
2026-04-16 19:33:47,925 INFO  ExportHelperExtension.cs: 1125 - Retrieving features of type [RefAxis] from 90degree angle bracket 30x30-8(M6)-49
2026-04-16 19:33:47,925 INFO  ExportHelperExtension.cs: 1136 - Found 36 in 90degree angle bracket 30x30-8(M6)-49
2026-04-16 19:33:47,925 INFO  ExportHelperExtension.cs: 1145 - Found 0 features of type [RefAxis] in 90degree angle bracket 30x30-8(M6)-49
2026-04-16 19:33:47,925 INFO  ExportHelperExtension.cs: 1125 - Retrieving features of type [RefAxis] from 90degree angle bracket 30x30-8(M6)-53
2026-04-16 19:33:47,925 INFO  ExportHelperExtension.cs: 1136 - Found 36 in 90degree angle bracket 30x30-8(M6)-53
2026-04-16 19:33:47,925 INFO  ExportHelperExtension.cs: 1145 - Found 0 features of type [RefAxis] in 90degree angle bracket 30x30-8(M6)-53
2026-04-16 19:33:47,925 INFO  ExportHelperExtension.cs: 1125 - Retrieving features of type [RefAxis] from 90degree angle bracket 30x30-8(M6)-54
2026-04-16 19:33:47,925 INFO  ExportHelperExtension.cs: 1136 - Found 36 in 90degree angle bracket 30x30-8(M6)-54
2026-04-16 19:33:47,925 INFO  ExportHelperExtension.cs: 1145 - Found 0 features of type [RefAxis] in 90degree angle bracket 30x30-8(M6)-54
2026-04-16 19:33:47,935 INFO  ExportHelperExtension.cs: 1125 - Retrieving features of type [RefAxis] from 90degree angle bracket 30x30-8(M6)-56
2026-04-16 19:33:47,935 INFO  ExportHelperExtension.cs: 1136 - Found 36 in 90degree angle bracket 30x30-8(M6)-56
2026-04-16 19:33:47,935 INFO  ExportHelperExtension.cs: 1145 - Found 0 features of type [RefAxis] in 90degree angle bracket 30x30-8(M6)-56
2026-04-16 19:33:51,715 INFO  SwAddin.cs: 339 - Loading config tree
2026-04-16 19:33:51,715 INFO  ConfigurationSerialization.cs: 276 - URDF Configuration found
<Link z:Id="i1" xmlns="http://schemas.datacontract.org/2004/07/SW2URDF" xmlns:i="http://www.w3.org/2001/XMLSchema-instance" xmlns:z="http://schemas.microsoft.com/2003/10/Serialization/"><Attributes><Attribute z:Id="i2"><AttributeType>name</AttributeType><IsRequired>true</IsRequired><Value i:type="a:string" xmlns:a="http://www.w3.org/2001/XMLSchema">base_link</Value></Attribute></Attributes><ChildElements><URDFElement z:Id="i3" i:type="Inertial"><Attributes/><ChildElements><URDFElement z:Id="i4" i:type="Origin"><Attributes><Attribute z:Id="i5"><AttributeType>xyz</AttributeType><IsRequired>true</IsRequired><Value i:type="a:ArrayOfdouble" xmlns:a="http://schemas.microsoft.com/2003/10/Serialization/Arrays"><a:double>0</a:double><a:double>0</a:double><a:double>0</a:double></Value></Attribute><Attribute z:Id="i6"><AttributeType>rpy</AttributeType><IsRequired>true</IsRequired><Value i:type="a:ArrayOfdouble" xmlns:a="http://schemas.microsoft.com/2003/10/Serialization/Arrays"><a:double>0</a:double><a:double>0</a:double><a:double>0</a:double></Value></Attribute></Attributes><ChildElements/><ElementName>origin</ElementName><required>false</required><RPYAttribute z:Ref="i6"/><XYZAttribute z:Ref="i5"/><isCustomized>false</isCustomized></URDFElement><URDFElement z:Id="i7" i:type="Mass"><Attributes><Attribute z:Id="i8"><AttributeType>value</AttributeType><IsRequired>true</IsRequired><Value i:type="a:double" xmlns:a="http://www.w3.org/2001/XMLSchema">0</Value></Attribute></Attributes><ChildElements/><ElementName>mass</ElementName><required>false</required><ValueAttribute z:Ref="i8"/></URDFElement><URDFElement z:Id="i9" i:type="Inertia"><Attributes><Attribute z:Id="i10"><AttributeType>ixx</AttributeType><IsRequired>true</IsRequired><Value i:type="a:double" xmlns:a="http://www.w3.org/2001/XMLSchema">0</Value></Attribute><Attribute z:Id="i11"><AttributeType>ixy</AttributeType><IsRequired>true</IsRequired><Value i:type="a:double" xmlns:a="http://www.w3.org/2001/XMLSchema">0</Value></Attribute><Attribute z:Id="i12"><AttributeType>ixz</AttributeType><IsRequired>true</IsRequired><Value i:type="a:double" xmlns:a="http://www.w3.org/2001/XMLSchema">0</Value></Attribute><Attribute z:Id="i13"><AttributeType>iyy</AttributeType><IsRequired>true</IsRequired><Value i:type="a:double" xmlns:a="http://www.w3.org/2001/XMLSchema">0</Value></Attribute><Attribute z:Id="i14"><AttributeType>iyz</AttributeType><IsRequired>true</IsRequired><Value i:type="a:double" xmlns:a="http://www.w3.org/2001/XMLSchema">0</Value></Attribute><Attribute z:Id="i15"><AttributeType>izz</AttributeType><IsRequired>true</IsRequired><Value i:type="a:double" xmlns:a="http://www.w3.org/2001/XMLSchema">0</Value></Attribute></Attributes><ChildElements/><ElementName>inertia</ElementName><required>false</required><IxxAttribute z:Ref="i10"/><IxyAttribute z:Ref="i11"/><IxzAttribute z:Ref="i12"/><IyyAttribute z:Ref="i13"/><IyzAttribute z:Ref="i14"/><IzzAttribute z:Ref="i15"/></URDFElement></ChildElements><ElementName>inertial</ElementName><required>false</required><Inertia z:Ref="i9"/><Mass z:Ref="i7"/><Origin z:Ref="i4"/></URDFElement><URDFElement z:Id="i16" i:type="Visual"><Attributes/><ChildElements><URDFElement z:Id="i17" i:type="Origin"><Attributes><Attribute z:Id="i18"><AttributeType>xyz</AttributeType><IsRequired>true</IsRequired><Value i:type="a:ArrayOfdouble" xmlns:a="http://schemas.microsoft.com/2003/10/Serialization/Arrays"><a:double>0</a:double><a:double>0</a:double><a:double>0</a:double></Value></Attribute><Attribute z:Id="i19"><AttributeType>rpy</AttributeType><IsRequired>true</IsRequired><Value i:type="a:ArrayOfdouble" xmlns:a="http://schemas.microsoft.com/2003/10/Serialization/Arrays"><a:double>0</a:double><a:double>0</a:double><a:double>0</a:double></Value></Attribute></Attributes><ChildElements/><ElementName>origin</ElementName><required>false</required><RPYAttribute z:Ref="i19"/><XYZAttribute z:Ref="i18"/><isCustomized>false</isCustomized></URDFElement><URDFElement z:Id="i20" i:type="Geometry"><Attributes/><ChildElements><URDFElement z:Id="i21" i:type="Mesh"><Attributes><Attribute z:Id="i22"><AttributeType>filename</AttributeType><IsRequired>true</IsRequired><Value i:nil="true"/></Attribute></Attributes><ChildElements/><ElementName>mesh</ElementName><required>false</required><FilenameAttribute z:Ref="i22"/></URDFElement></ChildElements><ElementName>geometry</ElementName><required>true</required><Mesh z:Ref="i21"/></URDFElement><URDFElement z:Id="i23" i:type="Material"><Attributes><Attribute z:Id="i24"><AttributeType>name</AttributeType><IsRequired>true</IsRequired><Value i:type="a:string" xmlns:a="http://www.w3.org/2001/XMLSchema"/></Attribute></Attributes><ChildElements><URDFElement z:Id="i25" i:type="Color"><Attributes><Attribute z:Id="i26"><AttributeType>rgba</AttributeType><IsRequired>true</IsRequired><Value i:type="a:ArrayOfdouble" xmlns:a="http://schemas.microsoft.com/2003/10/Serialization/Arrays"><a:double>1</a:double><a:double>1</a:double><a:double>1</a:double><a:double>1</a:double></Value></Attribute></Attributes><ChildElements/><ElementName>color</ElementName><required>false</required><RGBAAttribute z:Ref="i26"/></URDFElement><URDFElement z:Id="i27" i:type="Texture"><Attributes><Attribute z:Id="i28"><AttributeType>filename</AttributeType><IsRequired>true</IsRequired><Value i:nil="true"/></Attribute></Attributes><ChildElements/><ElementName>texture</ElementName><required>false</required><FilenameAttribute z:Ref="i28"/><wFilename/></URDFElement></ChildElements><ElementName>material</ElementName><required>false</required><Color z:Ref="i25"/><NameAttribute z:Ref="i24"/><Texture z:Ref="i27"/></URDFElement></ChildElements><ElementName>visual</ElementName><required>false</required><Geometry z:Ref="i20"/><Material z:Ref="i23"/><Origin z:Ref="i17"/></URDFElement><URDFElement z:Id="i29" i:type="Collision"><Attributes/><ChildElements><URDFElement z:Id="i30" i:type="Origin"><Attributes><Attribute z:Id="i31"><AttributeType>xyz</AttributeType><IsRequired>true</IsRequired><Value i:type="a:ArrayOfdouble" xmlns:a="http://schemas.microsoft.com/2003/10/Serialization/Arrays"><a:double>0</a:double><a:double>0</a:double><a:double>0</a:double></Value></Attribute><Attribute z:Id="i32"><AttributeType>rpy</AttributeType><IsRequired>true</IsRequired><Value i:type="a:ArrayOfdouble" xmlns:a="http://schemas.microsoft.com/2003/10/Serialization/Arrays"><a:double>0</a:double><a:double>0</a:double><a:double>0</a:double></Value></Attribute></Attributes><ChildElements/><ElementName>origin</ElementName><required>false</required><RPYAttribute z:Ref="i32"/><XYZAttribute z:Ref="i31"/><isCustomized>false</isCustomized></URDFElement><URDFElement z:Id="i33" i:type="Geometry"><Attributes/><ChildElements><URDFElement z:Id="i34" i:type="Mesh"><Attributes><Attribute z:Id="i35"><AttributeType>filename</AttributeType><IsRequired>true</IsRequired><Value i:nil="true"/></Attribute></Attributes><ChildElements/><ElementName>mesh</ElementName><required>false</required><FilenameAttribute z:Ref="i35"/></URDFElement></ChildElements><ElementName>geometry</ElementName><required>true</required><Mesh z:Ref="i34"/></URDFElement></ChildElements><ElementName>collision</ElementName><required>false</required><Geometry z:Ref="i33"/><Origin z:Ref="i30"/></URDFElement><URDFElement z:Id="i36" i:type="Joint"><Attributes><Attribute z:Id="i37"><AttributeType>name</AttributeType><IsRequired>true</IsRequired><Value i:type="a:string" xmlns:a="http://www.w3.org/2001/XMLSchema"/></Attribute><Attribute z:Id="i38"><AttributeType>type</AttributeType><IsRequired>true</IsRequired><Value i:type="a:string" xmlns:a="http://www.w3.org/2001/XMLSchema"/></Attribute></Attributes><ChildElements><URDFElement z:Id="i39" i:type="Origin"><Attributes><Attribute z:Id="i40"><AttributeType>xyz</AttributeType><IsRequired>true</IsRequired><Value i:type="a:ArrayOfdouble" xmlns:a="http://schemas.microsoft.com/2003/10/Serialization/Arrays"><a:double>0</a:double><a:double>0</a:double><a:double>0</a:double></Value></Attribute><Attribute z:Id="i41"><AttributeType>rpy</AttributeType><IsRequired>true</IsRequired><Value i:type="a:ArrayOfdouble" xmlns:a="http://schemas.microsoft.com/2003/10/Serialization/Arrays"><a:double>0</a:double><a:double>0</a:double><a:double>0</a:double></Value></Attribute></Attributes><ChildElements/><ElementName>origin</ElementName><required>false</required><RPYAttribute z:Ref="i41"/><XYZAttribute z:Ref="i40"/><isCustomized>false</isCustomized></URDFElement><URDFElement z:Id="i42" i:type="ParentLink"><Attributes><Attribute z:Id="i43"><AttributeType>link</AttributeType><IsRequired>true</IsRequired><Value i:type="a:string" xmlns:a="http://www.w3.org/2001/XMLSchema"/></Attribute></Attributes><ChildElements/><ElementName>parent</ElementName><required>true</required><NameAttribute z:Ref="i43"/></URDFElement><URDFElement z:Id="i44" i:type="ChildLink"><Attributes><Attribute z:Id="i45"><AttributeType>link</AttributeType><IsRequired>true</IsRequired><Value i:type="a:string" xmlns:a="http://www.w3.org/2001/XMLSchema"/></Attribute></Attributes><ChildElements/><ElementName>child</ElementName><required>true</required><NameAttribute z:Ref="i45"/></URDFElement><URDFElement z:Id="i46" i:type="Axis"><Attributes><Attribute z:Id="i47"><AttributeType>xyz</AttributeType><IsRequired>true</IsRequired><Value i:type="a:ArrayOfdouble" xmlns:a="http://schemas.microsoft.com/2003/10/Serialization/Arrays"><a:double>0</a:double><a:double>0</a:double><a:double>0</a:double></Value></Attribute></Attributes><ChildElements/><ElementName>axis</ElementName><required>false</required><XYZAttribute z:Ref="i47"/></URDFElement><URDFElement z:Id="i48" i:type="Limit"><Attributes><Attribute z:Id="i49"><AttributeType>lower</AttributeType><IsRequired>false</IsRequired><Value i:nil="true"/></Attribute><Attribute z:Id="i50"><AttributeType>upper</AttributeType><IsRequired>false</IsRequired><Value i:nil="true"/></Attribute><Attribute z:Id="i51"><AttributeType>effort</AttributeType><IsRequired>true</IsRequired><Value i:nil="true"/></Attribute><Attribute z:Id="i52"><AttributeType>velocity</AttributeType><IsRequired>true</IsRequired><Value i:nil="true"/></Attribute></Attributes><ChildElements/><ElementName>limit</ElementName><required>false</required><EffortAttribute z:Ref="i51"/><LowerAttribute z:Ref="i49"/><UpperAttribute z:Ref="i50"/><VelocityAttribute z:Ref="i52"/></URDFElement><URDFElement z:Id="i53" i:type="Calibration"><Attributes><Attribute z:Id="i54"><AttributeType>rising</AttributeType><IsRequired>false</IsRequired><Value i:nil="true"/></Attribute><Attribute z:Id="i55"><AttributeType>falling</AttributeType><IsRequired>false</IsRequired><Value i:nil="true"/></Attribute></Attributes><ChildElements/><ElementName>calibration</ElementName><required>false</required><FallingAttribute z:Ref="i55"/><RisingAttribute z:Ref="i54"/></URDFElement><URDFElement z:Id="i56" i:type="Dynamics"><Attributes><Attribute z:Id="i57"><AttributeType>damping</AttributeType><IsRequired>false</IsRequired><Value i:nil="true"/></Attribute><Attribute z:Id="i58"><AttributeType>friction</AttributeType><IsRequired>false</IsRequired><Value i:nil="true"/></Attribute></Attributes><ChildElements/><ElementName>dynamics</ElementName><required>false</required><DampingAttribute z:Ref="i57"/><FrictionAttribute z:Ref="i58"/></URDFElement><URDFElement z:Id="i59" i:type="SafetyController"><Attributes><Attribute z:Id="i60"><AttributeType>soft_upper_limit</AttributeType><IsRequired>false</IsRequired><Value i:nil="true"/></Attribute><Attribute z:Id="i61"><AttributeType>soft_lower_limit</AttributeType><IsRequired>false</IsRequired><Value i:nil="true"/></Attribute><Attribute z:Id="i62"><AttributeType>k_position</AttributeType><IsRequired>false</IsRequired><Value i:nil="true"/></Attribute><Attribute z:Id="i63"><AttributeType>k_velocity</AttributeType><IsRequired>true</IsRequired><Value i:nil="true"/></Attribute></Attributes><ChildElements/><ElementName>safety_controller</ElementName><required>false</required><KPositionAttribute z:Ref="i62"/><KVelocityAttribute z:Ref="i63"/><SoftLowerAttribute z:Ref="i61"/><SoftUpperAttribute z:Ref="i60"/></URDFElement><URDFElement z:Id="i64" i:type="Mimic"><Attributes><Attribute z:Id="i65"><AttributeType>joint</AttributeType><IsRequired>true</IsRequired><Value i:nil="true"/></Attribute><Attribute z:Id="i66"><AttributeType>multiplier</AttributeType><IsRequired>false</IsRequired><Value i:nil="true"/></Attribute><Attribute z:Id="i67"><AttributeType>offset</AttributeType><IsRequired>false</IsRequired><Value i:nil="true"/></Attribute></Attributes><ChildElements/><ElementName>mimic</ElementName><required>false</required><JointNameAttribute z:Ref="i65"/><MultiplierAttribute z:Ref="i66"/><OffsetAttribute z:Ref="i67"/></URDFElement></ChildElements><ElementName>joint</ElementName><required>false</required><Axis z:Ref="i46"/><AxisName/><Calibration z:Ref="i53"/><Child z:Ref="i44"/><CoordinateSystemName>base_link </CoordinateSystemName><Dynamics z:Ref="i56"/><Limit z:Ref="i48"/><Mimic z:Ref="i64"/><NameAttribute z:Ref="i37"/><Origin z:Ref="i39"/><Parent z:Ref="i42"/><Safety z:Ref="i59"/><TypeAttribute z:Ref="i38"/></URDFElement></ChildElements><ElementName>link</ElementName><required>true</required><Children><Link z:Id="i68"><Attributes><Attribute z:Id="i69"><AttributeType>name</AttributeType><IsRequired>true</IsRequired><Value i:type="a:string" xmlns:a="http://www.w3.org/2001/XMLSchema">front_left_wheel</Value></Attribute></Attributes><ChildElements><URDFElement z:Id="i70" i:type="Inertial"><Attributes/><ChildElements><URDFElement z:Id="i71" i:type="Origin"><Attributes><Attribute z:Id="i72"><AttributeType>xyz</AttributeType><IsRequired>true</IsRequired><Value i:type="a:ArrayOfdouble" xmlns:a="http://schemas.microsoft.com/2003/10/Serialization/Arrays"><a:double>0</a:double><a:double>0</a:double><a:double>0</a:double></Value></Attribute><Attribute z:Id="i73"><AttributeType>rpy</AttributeType><IsRequired>true</IsRequired><Value i:type="a:ArrayOfdouble" xmlns:a="http://schemas.microsoft.com/2003/10/Serialization/Arrays"><a:double>0</a:double><a:double>0</a:double><a:double>0</a:double></Value></Attribute></Attributes><ChildElements/><ElementName>origin</ElementName><required>false</required><RPYAttribute z:Ref="i73"/><XYZAttribute z:Ref="i72"/><isCustomized>false</isCustomized></URDFElement><URDFElement z:Id="i74" i:type="Mass"><Attributes><Attribute z:Id="i75"><AttributeType>value</AttributeType><IsRequired>true</IsRequired><Value i:type="a:double" xmlns:a="http://www.w3.org/2001/XMLSchema">0</Value></Attribute></Attributes><ChildElements/><ElementName>mass</ElementName><required>false</required><ValueAttribute z:Ref="i75"/></URDFElement><URDFElement z:Id="i76" i:type="Inertia"><Attributes><Attribute z:Id="i77"><AttributeType>ixx</AttributeType><IsRequired>true</IsRequired><Value i:type="a:double" xmlns:a="http://www.w3.org/2001/XMLSchema">0</Value></Attribute><Attribute z:Id="i78"><AttributeType>ixy</AttributeType><IsRequired>true</IsRequired><Value i:type="a:double" xmlns:a="http://www.w3.org/2001/XMLSchema">0</Value></Attribute><Attribute z:Id="i79"><AttributeType>ixz</AttributeType><IsRequired>true</IsRequired><Value i:type="a:double" xmlns:a="http://www.w3.org/2001/XMLSchema">0</Value></Attribute><Attribute z:Id="i80"><AttributeType>iyy</AttributeType><IsRequired>true</IsRequired><Value i:type="a:double" xmlns:a="http://www.w3.org/2001/XMLSchema">0</Value></Attribute><Attribute z:Id="i81"><AttributeType>iyz</AttributeType><IsRequired>true</IsRequired><Value i:type="a:double" xmlns:a="http://www.w3.org/2001/XMLSchema">0</Value></Attribute><Attribute z:Id="i82"><AttributeType>izz</AttributeType><IsRequired>true</IsRequired><Value i:type="a:double" xmlns:a="http://www.w3.org/2001/XMLSchema">0</Value></Attribute></Attributes><ChildElements/><ElementName>inertia</ElementName><required>false</required><IxxAttribute z:Ref="i77"/><IxyAttribute z:Ref="i78"/><IxzAttribute z:Ref="i79"/><IyyAttribute z:Ref="i80"/><IyzAttribute z:Ref="i81"/><IzzAttribute z:Ref="i82"/></URDFElement></ChildElements><ElementName>inertial</ElementName><required>false</required><Inertia z:Ref="i76"/><Mass z:Ref="i74"/><Origin z:Ref="i71"/></URDFElement><URDFElement z:Id="i83" i:type="Visual"><Attributes/><ChildElements><URDFElement z:Id="i84" i:type="Origin"><Attributes><Attribute z:Id="i85"><AttributeType>xyz</AttributeType><IsRequired>true</IsRequired><Value i:type="a:ArrayOfdouble" xmlns:a="http://schemas.microsoft.com/2003/10/Serialization/Arrays"><a:double>0</a:double><a:double>0</a:double><a:double>0</a:double></Value></Attribute><Attribute z:Id="i86"><AttributeType>rpy</AttributeType><IsRequired>true</IsRequired><Value i:type="a:ArrayOfdouble" xmlns:a="http://schemas.microsoft.com/2003/10/Serialization/Arrays"><a:double>0</a:double><a:double>0</a:double><a:double>0</a:double></Value></Attribute></Attributes><ChildElements/><ElementName>origin</ElementName><required>false</required><RPYAttribute z:Ref="i86"/><XYZAttribute z:Ref="i85"/><isCustomized>false</isCustomized></URDFElement><URDFElement z:Id="i87" i:type="Geometry"><Attributes/><ChildElements><URDFElement z:Id="i88" i:type="Mesh"><Attributes><Attribute z:Id="i89"><AttributeType>filename</AttributeType><IsRequired>true</IsRequired><Value i:nil="true"/></Attribute></Attributes><ChildElements/><ElementName>mesh</ElementName><required>false</required><FilenameAttribute z:Ref="i89"/></URDFElement></ChildElements><ElementName>geometry</ElementName><required>true</required><Mesh z:Ref="i88"/></URDFElement><URDFElement z:Id="i90" i:type="Material"><Attributes><Attribute z:Id="i91"><AttributeType>name</AttributeType><IsRequired>true</IsRequired><Value i:type="a:string" xmlns:a="http://www.w3.org/2001/XMLSchema"/></Attribute></Attributes><ChildElements><URDFElement z:Id="i92" i:type="Color"><Attributes><Attribute z:Id="i93"><AttributeType>rgba</AttributeType><IsRequired>true</IsRequired><Value i:type="a:ArrayOfdouble" xmlns:a="http://schemas.microsoft.com/2003/10/Serialization/Arrays"><a:double>1</a:double><a:double>1</a:double><a:double>1</a:double><a:double>1</a:double></Value></Attribute></Attributes><ChildElements/><ElementName>color</ElementName><required>false</required><RGBAAttribute z:Ref="i93"/></URDFElement><URDFElement z:Id="i94" i:type="Texture"><Attributes><Attribute z:Id="i95"><AttributeType>filename</AttributeType><IsRequired>true</IsRequired><Value i:nil="true"/></Attribute></Attributes><ChildElements/><ElementName>texture</ElementName><required>false</required><FilenameAttribute z:Ref="i95"/><wFilename/></URDFElement></ChildElements><ElementName>material</ElementName><required>false</required><Color z:Ref="i92"/><NameAttribute z:Ref="i91"/><Texture z:Ref="i94"/></URDFElement></ChildElements><ElementName>visual</ElementName><required>false</required><Geometry z:Ref="i87"/><Material z:Ref="i90"/><Origin z:Ref="i84"/></URDFElement><URDFElement z:Id="i96" i:type="Collision"><Attributes/><ChildElements><URDFElement z:Id="i97" i:type="Origin"><Attributes><Attribute z:Id="i98"><AttributeType>xyz</AttributeType><IsRequired>true</IsRequired><Value i:type="a:ArrayOfdouble" xmlns:a="http://schemas.microsoft.com/2003/10/Serialization/Arrays"><a:double>0</a:double><a:double>0</a:double><a:double>0</a:double></Value></Attribute><Attribute z:Id="i99"><AttributeType>rpy</AttributeType><IsRequired>true</IsRequired><Value i:type="a:ArrayOfdouble" xmlns:a="http://schemas.microsoft.com/2003/10/Serialization/Arrays"><a:double>0</a:double><a:double>0</a:double><a:double>0</a:double></Value></Attribute></Attributes><ChildElements/><ElementName>origin</ElementName><required>false</required><RPYAttribute z:Ref="i99"/><XYZAttribute z:Ref="i98"/><isCustomized>false</isCustomized></URDFElement><URDFElement z:Id="i100" i:type="Geometry"><Attributes/><ChildElements><URDFElement z:Id="i101" i:type="Mesh"><Attributes><Attribute z:Id="i102"><AttributeType>filename</AttributeType><IsRequired>true</IsRequired><Value i:nil="true"/></Attribute></Attributes><ChildElements/><ElementName>mesh</ElementName><required>false</required><FilenameAttribute z:Ref="i102"/></URDFElement></ChildElements><ElementName>geometry</ElementName><required>true</required><Mesh z:Ref="i101"/></URDFElement></ChildElements><ElementName>collision</ElementName><required>false</required><Geometry z:Ref="i100"/><Origin z:Ref="i97"/></URDFElement><URDFElement z:Id="i103" i:type="Joint"><Attributes><Attribute z:Id="i104"><AttributeType>name</AttributeType><IsRequired>true</IsRequired><Value i:type="a:string" xmlns:a="http://www.w3.org/2001/XMLSchema">front_left_wheel_joint</Value></Attribute><Attribute z:Id="i105"><AttributeType>type</AttributeType><IsRequired>true</IsRequired><Value i:type="a:string" xmlns:a="http://www.w3.org/2001/XMLSchema">revolute</Value></Attribute></Attributes><ChildElements><URDFElement z:Id="i106" i:type="Origin"><Attributes><Attribute z:Id="i107"><AttributeType>xyz</AttributeType><IsRequired>true</IsRequired><Value i:type="a:ArrayOfdouble" xmlns:a="http://schemas.microsoft.com/2003/10/Serialization/Arrays"><a:double>0</a:double><a:double>0</a:double><a:double>0</a:double></Value></Attribute><Attribute z:Id="i108"><AttributeType>rpy</AttributeType><IsRequired>true</IsRequired><Value i:type="a:ArrayOfdouble" xmlns:a="http://schemas.microsoft.com/2003/10/Serialization/Arrays"><a:double>0</a:double><a:double>0</a:double><a:double>0</a:double></Value></Attribute></Attributes><ChildElements/><ElementName>origin</ElementName><required>false</required><RPYAttribute z:Ref="i108"/><XYZAttribute z:Ref="i107"/><isCustomized>false</isCustomized></URDFElement><URDFElement z:Id="i109" i:type="ParentLink"><Attributes><Attribute z:Id="i110"><AttributeType>link</AttributeType><IsRequired>true</IsRequired><Value i:type="a:string" xmlns:a="http://www.w3.org/2001/XMLSchema"/></Attribute></Attributes><ChildElements/><ElementName>parent</ElementName><required>true</required><NameAttribute z:Ref="i110"/></URDFElement><URDFElement z:Id="i111" i:type="ChildLink"><Attributes><Attribute z:Id="i112"><AttributeType>link</AttributeType><IsRequired>true</IsRequired><Value i:type="a:string" xmlns:a="http://www.w3.org/2001/XMLSchema"/></Attribute></Attributes><ChildElements/><ElementName>child</ElementName><required>true</required><NameAttribute z:Ref="i112"/></URDFElement><URDFElement z:Id="i113" i:type="Axis"><Attributes><Attribute z:Id="i114"><AttributeType>xyz</AttributeType><IsRequired>true</IsRequired><Value i:type="a:ArrayOfdouble" xmlns:a="http://schemas.microsoft.com/2003/10/Serialization/Arrays"><a:double>0</a:double><a:double>0</a:double><a:double>0</a:double></Value></Attribute></Attributes><ChildElements/><ElementName>axis</ElementName><required>false</required><XYZAttribute z:Ref="i114"/></URDFElement><URDFElement z:Id="i115" i:type="Limit"><Attributes><Attribute z:Id="i116"><AttributeType>lower</AttributeType><IsRequired>false</IsRequired><Value i:nil="true"/></Attribute><Attribute z:Id="i117"><AttributeType>upper</AttributeType><IsRequired>false</IsRequired><Value i:nil="true"/></Attribute><Attribute z:Id="i118"><AttributeType>effort</AttributeType><IsRequired>true</IsRequired><Value i:nil="true"/></Attribute><Attribute z:Id="i119"><AttributeType>velocity</AttributeType><IsRequired>true</IsRequired><Value i:nil="true"/></Attribute></Attributes><ChildElements/><ElementName>limit</ElementName><required>false</required><EffortAttribute z:Ref="i118"/><LowerAttribute z:Ref="i116"/><UpperAttribute z:Ref="i117"/><VelocityAttribute z:Ref="i119"/></URDFElement><URDFElement z:Id="i120" i:type="Calibration"><Attributes><Attribute z:Id="i121"><AttributeType>rising</AttributeType><IsRequired>false</IsRequired><Value i:nil="true"/></Attribute><Attribute z:Id="i122"><AttributeType>falling</AttributeType><IsRequired>false</IsRequired><Value i:nil="true"/></Attribute></Attributes><ChildElements/><ElementName>calibration</ElementName><required>false</required><FallingAttribute z:Ref="i122"/><RisingAttribute z:Ref="i121"/></URDFElement><URDFElement z:Id="i123" i:type="Dynamics"><Attributes><Attribute z:Id="i124"><AttributeType>damping</AttributeType><IsRequired>false</IsRequired><Value i:nil="true"/></Attribute><Attribute z:Id="i125"><AttributeType>friction</AttributeType><IsRequired>false</IsRequired><Value i:nil="true"/></Attribute></Attributes><ChildElements/><ElementName>dynamics</ElementName><required>false</required><DampingAttribute z:Ref="i124"/><FrictionAttribute z:Ref="i125"/></URDFElement><URDFElement z:Id="i126" i:type="SafetyController"><Attributes><Attribute z:Id="i127"><AttributeType>soft_upper_limit</AttributeType><IsRequired>false</IsRequired><Value i:nil="true"/></Attribute><Attribute z:Id="i128"><AttributeType>soft_lower_limit</AttributeType><IsRequired>false</IsRequired><Value i:nil="true"/></Attribute><Attribute z:Id="i129"><AttributeType>k_position</AttributeType><IsRequired>false</IsRequired><Value i:nil="true"/></Attribute><Attribute z:Id="i130"><AttributeType>k_velocity</AttributeType><IsRequired>true</IsRequired><Value i:nil="true"/></Attribute></Attributes><ChildElements/><ElementName>safety_controller</ElementName><required>false</required><KPositionAttribute z:Ref="i129"/><KVelocityAttribute z:Ref="i130"/><SoftLowerAttribute z:Ref="i128"/><SoftUpperAttribute z:Ref="i127"/></URDFElement><URDFElement z:Id="i131" i:type="Mimic"><Attributes><Attribute z:Id="i132"><AttributeType>joint</AttributeType><IsRequired>true</IsRequired><Value i:nil="true"/></Attribute><Attribute z:Id="i133"><AttributeType>multiplier</AttributeType><IsRequired>false</IsRequired><Value i:nil="true"/></Attribute><Attribute z:Id="i134"><AttributeType>offset</AttributeType><IsRequired>false</IsRequired><Value i:nil="true"/></Attribute></Attributes><ChildElements/><ElementName>mimic</ElementName><required>false</required><JointNameAttribute z:Ref="i132"/><MultiplierAttribute z:Ref="i133"/><OffsetAttribute z:Ref="i134"/></URDFElement></ChildElements><ElementName>joint</ElementName><required>false</required><Axis z:Ref="i113"/><AxisName>front_left</AxisName><Calibration z:Ref="i120"/><Child z:Ref="i111"/><CoordinateSystemName>front_right_wheel</CoordinateSystemName><Dynamics z:Ref="i123"/><Limit z:Ref="i115"/><Mimic z:Ref="i131"/><NameAttribute z:Ref="i104"/><Origin z:Ref="i106"/><Parent z:Ref="i109"/><Safety z:Ref="i126"/><TypeAttribute z:Ref="i105"/></URDFElement></ChildElements><ElementName>link</ElementName><required>true</required><Children/><Collision z:Ref="i96"/><Inertial z:Ref="i70"/><Joint z:Ref="i103"/><NameAttribute z:Ref="i69"/><Parent z:Ref="i1"/><STLQualityFine>false</STLQualityFine><SWComponentPIDs xmlns:a="http://schemas.microsoft.com/2003/10/Serialization/Arrays"><a:base64Binary>UEYAAAUAAAD//v9FdwBoAGUAZQBsACAAYQBzAHMAZQBtAGIAbAB5AC0AMwBAAEYAdQBsAGwAIABhAHMAcwBlAG0AYgBsAHkALwBXAGgAZQBlAGwAIAAzAGQAcwBjAGEAbgAgAGIAYQBzAGUAZAAgAFYAMwAtADEAQAB3AGgAZQBlAGwAIABhAHMAcwBlAG0AYgBsAHkABAAAABAAAAABAAAAAgAAAAwBAACFAAAA</a:base64Binary><a:base64Binary>UEYAAAUAAAD//v9OdwBoAGUAZQBsACAAYQBzAHMAZQBtAGIAbAB5AC0AMwBAAEYAdQBsAGwAIABhAHMAcwBlAG0AYgBsAHkALwBXAGgAZQBlAGwAIABoAHUAYgAgAHAAbABhAHQAZQBeAHcAaABlAGUAbAAgAGEAcwBzAGUAbQBiAGwAeQAtADEAQAB3AGgAZQBlAGwAIABhAHMAcwBlAG0AYgBsAHkABAAAABAAAAABAAAAAgAAAAwBAABNAAAA</a:base64Binary><a:base64Binary>UEYAAAUAAAD//v9EdwBoAGUAZQBsACAAYQBzAHMAZQBtAGIAbAB5AC0AMwBAAEYAdQBsAGwAIABhAHMAcwBlAG0AYgBsAHkALwBQAGEAcgB0ADIAXgB3AGgAZQBlAGwAIABhAHMAcwBlAG0AYgBsAHkALQAxAEAAdwBoAGUAZQBsACAAYQBzAHMAZQBtAGIAbAB5AAQAAAAQAAAAAQAAAAIAAAAMAQAAkwAAAA==</a:base64Binary><a:base64Binary>UEYAAAUAAAD//v9QdwBoAGUAZQBsACAAYQBzAHMAZQBtAGIAbAB5AC0AMwBAAEYAdQBsAGwAIABhAHMAcwBlAG0AYgBsAHkALwAxADQAbQBtACAAawBlAHkAdwBhAHkAIABmAGwAYQBuAGcAZQAgAGMAbwB1AHAAbABpAG4AZwAgACgAbQA1ACkALQAxAEAAdwBoAGUAZQBsACAAYQBzAHMAZQBtAGIAbAB5AAQAAAAQAAAAAQAAAAIAAAAMAQAAHgAAAA==</a:base64Binary><a:base64Binary>UEYAAAUAAAD//v9IdwBoAGUAZQBsACAAYQBzAHMAZQBtAGIAbAB5AC0AMwBAAEYAdQBsAGwAIABhAHMAcwBlAG0AYgBsAHkALwBXAGgAZQBlAGwAIABjAHUAcABeAHcAaABlAGUAbAAgAGEAcwBzAGUAbQBiAGwAeQAtADEAQAB3AGgAZQBlAGwAIABhAHMAcwBlAG0AYgBsAHkABAAAABAAAAABAAAAAgAAAAwBAACPAAAA</a:base64Binary></SWComponentPIDs><SWMainComponentPID i:nil="true"/><Visual z:Ref="i83"/><isFixedFrame>false</isFixedFrame><isIncomplete>false</isIncomplete></Link><Link z:Id="i135"><Attributes><Attribute z:Id="i136"><AttributeType>name</AttributeType><IsRequired>true</IsRequired><Value i:type="a:string" xmlns:a="http://www.w3.org/2001/XMLSchema">front_right_wheel</Value></Attribute></Attributes><ChildElements><URDFElement z:Id="i137" i:type="Inertial"><Attributes/><ChildElements><URDFElement z:Id="i138" i:type="Origin"><Attributes><Attribute z:Id="i139"><AttributeType>xyz</AttributeType><IsRequired>true</IsRequired><Value i:type="a:ArrayOfdouble" xmlns:a="http://schemas.microsoft.com/2003/10/Serialization/Arrays"><a:double>0</a:double><a:double>0</a:double><a:double>0</a:double></Value></Attribute><Attribute z:Id="i140"><AttributeType>rpy</AttributeType><IsRequired>true</IsRequired><Value i:type="a:ArrayOfdouble" xmlns:a="http://schemas.microsoft.com/2003/10/Serialization/Arrays"><a:double>0</a:double><a:double>0</a:double><a:double>0</a:double></Value></Attribute></Attributes><ChildElements/><ElementName>origin</ElementName><required>false</required><RPYAttribute z:Ref="i140"/><XYZAttribute z:Ref="i139"/><isCustomized>false</isCustomized></URDFElement><URDFElement z:Id="i141" i:type="Mass"><Attributes><Attribute z:Id="i142"><AttributeType>value</AttributeType><IsRequired>true</IsRequired><Value i:type="a:double" xmlns:a="http://www.w3.org/2001/XMLSchema">0</Value></Attribute></Attributes><ChildElements/><ElementName>mass</ElementName><required>false</required><ValueAttribute z:Ref="i142"/></URDFElement><URDFElement z:Id="i143" i:type="Inertia"><Attributes><Attribute z:Id="i144"><AttributeType>ixx</AttributeType><IsRequired>true</IsRequired><Value i:type="a:double" xmlns:a="http://www.w3.org/2001/XMLSchema">0</Value></Attribute><Attribute z:Id="i145"><AttributeType>ixy</AttributeType><IsRequired>true</IsRequired><Value i:type="a:double" xmlns:a="http://www.w3.org/2001/XMLSchema">0</Value></Attribute><Attribute z:Id="i146"><AttributeType>ixz</AttributeType><IsRequired>true</IsRequired><Value i:type="a:double" xmlns:a="http://www.w3.org/2001/XMLSchema">0</Value></Attribute><Attribute z:Id="i147"><AttributeType>iyy</AttributeType><IsRequired>true</IsRequired><Value i:type="a:double" xmlns:a="http://www.w3.org/2001/XMLSchema">0</Value></Attribute><Attribute z:Id="i148"><AttributeType>iyz</AttributeType><IsRequired>true</IsRequired><Value i:type="a:double" xmlns:a="http://www.w3.org/2001/XMLSchema">0</Value></Attribute><Attribute z:Id="i149"><AttributeType>izz</AttributeType><IsRequired>true</IsRequired><Value i:type="a:double" xmlns:a="http://www.w3.org/2001/XMLSchema">0</Value></Attribute></Attributes><ChildElements/><ElementName>inertia</ElementName><required>false</required><IxxAttribute z:Ref="i144"/><IxyAttribute z:Ref="i145"/><IxzAttribute z:Ref="i146"/><IyyAttribute z:Ref="i147"/><IyzAttribute z:Ref="i148"/><IzzAttribute z:Ref="i149"/></URDFElement></ChildElements><ElementName>inertial</ElementName><required>false</required><Inertia z:Ref="i143"/><Mass z:Ref="i141"/><Origin z:Ref="i138"/></URDFElement><URDFElement z:Id="i150" i:type="Visual"><Attributes/><ChildElements><URDFElement z:Id="i151" i:type="Origin"><Attributes><Attribute z:Id="i152"><AttributeType>xyz</AttributeType><IsRequired>true</IsRequired><Value i:type="a:ArrayOfdouble" xmlns:a="http://schemas.microsoft.com/2003/10/Serialization/Arrays"><a:double>0</a:double><a:double>0</a:double><a:double>0</a:double></Value></Attribute><Attribute z:Id="i153"><AttributeType>rpy</AttributeType><IsRequired>true</IsRequired><Value i:type="a:ArrayOfdouble" xmlns:a="http://schemas.microsoft.com/2003/10/Serialization/Arrays"><a:double>0</a:double><a:double>0</a:double><a:double>0</a:double></Value></Attribute></Attributes><ChildElements/><ElementName>origin</ElementName><required>false</required><RPYAttribute z:Ref="i153"/><XYZAttribute z:Ref="i152"/><isCustomized>false</isCustomized></URDFElement><URDFElement z:Id="i154" i:type="Geometry"><Attributes/><ChildElements><URDFElement z:Id="i155" i:type="Mesh"><Attributes><Attribute z:Id="i156"><AttributeType>filename</AttributeType><IsRequired>true</IsRequired><Value i:nil="true"/></Attribute></Attributes><ChildElements/><ElementName>mesh</ElementName><required>false</required><FilenameAttribute z:Ref="i156"/></URDFElement></ChildElements><ElementName>geometry</ElementName><required>true</required><Mesh z:Ref="i155"/></URDFElement><URDFElement z:Id="i157" i:type="Material"><Attributes><Attribute z:Id="i158"><AttributeType>name</AttributeType><IsRequired>true</IsRequired><Value i:type="a:string" xmlns:a="http://www.w3.org/2001/XMLSchema"/></Attribute></Attributes><ChildElements><URDFElement z:Id="i159" i:type="Color"><Attributes><Attribute z:Id="i160"><AttributeType>rgba</AttributeType><IsRequired>true</IsRequired><Value i:type="a:ArrayOfdouble" xmlns:a="http://schemas.microsoft.com/2003/10/Serialization/Arrays"><a:double>1</a:double><a:double>1</a:double><a:double>1</a:double><a:double>1</a:double></Value></Attribute></Attributes><ChildElements/><ElementName>color</ElementName><required>false</required><RGBAAttribute z:Ref="i160"/></URDFElement><URDFElement z:Id="i161" i:type="Texture"><Attributes><Attribute z:Id="i162"><AttributeType>filename</AttributeType><IsRequired>true</IsRequired><Value i:nil="true"/></Attribute></Attributes><ChildElements/><ElementName>texture</ElementName><required>false</required><FilenameAttribute z:Ref="i162"/><wFilename/></URDFElement></ChildElements><ElementName>material</ElementName><required>false</required><Color z:Ref="i159"/><NameAttribute z:Ref="i158"/><Texture z:Ref="i161"/></URDFElement></ChildElements><ElementName>visual</ElementName><required>false</required><Geometry z:Ref="i154"/><Material z:Ref="i157"/><Origin z:Ref="i151"/></URDFElement><URDFElement z:Id="i163" i:type="Collision"><Attributes/><ChildElements><URDFElement z:Id="i164" i:type="Origin"><Attributes><Attribute z:Id="i165"><AttributeType>xyz</AttributeType><IsRequired>true</IsRequired><Value i:type="a:ArrayOfdouble" xmlns:a="http://schemas.microsoft.com/2003/10/Serialization/Arrays"><a:double>0</a:double><a:double>0</a:double><a:double>0</a:double></Value></Attribute><Attribute z:Id="i166"><AttributeType>rpy</AttributeType><IsRequired>true</IsRequired><Value i:type="a:ArrayOfdouble" xmlns:a="http://schemas.microsoft.com/2003/10/Serialization/Arrays"><a:double>0</a:double><a:double>0</a:double><a:double>0</a:double></Value></Attribute></Attributes><ChildElements/><ElementName>origin</ElementName><required>false</required><RPYAttribute z:Ref="i166"/><XYZAttribute z:Ref="i165"/><isCustomized>false</isCustomized></URDFElement><URDFElement z:Id="i167" i:type="Geometry"><Attributes/><ChildElements><URDFElement z:Id="i168" i:type="Mesh"><Attributes><Attribute z:Id="i169"><AttributeType>filename</AttributeType><IsRequired>true</IsRequired><Value i:nil="true"/></Attribute></Attributes><ChildElements/><ElementName>mesh</ElementName><required>false</required><FilenameAttribute z:Ref="i169"/></URDFElement></ChildElements><ElementName>geometry</ElementName><required>true</required><Mesh z:Ref="i168"/></URDFElement></ChildElements><ElementName>collision</ElementName><required>false</required><Geometry z:Ref="i167"/><Origin z:Ref="i164"/></URDFElement><URDFElement z:Id="i170" i:type="Joint"><Attributes><Attribute z:Id="i171"><AttributeType>name</AttributeType><IsRequired>true</IsRequired><Value i:type="a:string" xmlns:a="http://www.w3.org/2001/XMLSchema">front_right_wheel_joint</Value></Attribute><Attribute z:Id="i172"><AttributeType>type</AttributeType><IsRequired>true</IsRequired><Value i:type="a:string" xmlns:a="http://www.w3.org/2001/XMLSchema">prismatic</Value></Attribute></Attributes><ChildElements><URDFElement z:Id="i173" i:type="Origin"><Attributes><Attribute z:Id="i174"><AttributeType>xyz</AttributeType><IsRequired>true</IsRequired><Value i:type="a:ArrayOfdouble" xmlns:a="http://schemas.microsoft.com/2003/10/Serialization/Arrays"><a:double>0</a:double><a:double>0</a:double><a:double>0</a:double></Value></Attribute><Attribute z:Id="i175"><AttributeType>rpy</AttributeType><IsRequired>true</IsRequired><Value i:type="a:ArrayOfdouble" xmlns:a="http://schemas.microsoft.com/2003/10/Serialization/Arrays"><a:double>0</a:double><a:double>0</a:double><a:double>0</a:double></Value></Attribute></Attributes><ChildElements/><ElementName>origin</ElementName><required>false</required><RPYAttribute z:Ref="i175"/><XYZAttribute z:Ref="i174"/><isCustomized>false</isCustomized></URDFElement><URDFElement z:Id="i176" i:type="ParentLink"><Attributes><Attribute z:Id="i177"><AttributeType>link</AttributeType><IsRequired>true</IsRequired><Value i:type="a:string" xmlns:a="http://www.w3.org/2001/XMLSchema"/></Attribute></Attributes><ChildElements/><ElementName>parent</ElementName><required>true</required><NameAttribute z:Ref="i177"/></URDFElement><URDFElement z:Id="i178" i:type="ChildLink"><Attributes><Attribute z:Id="i179"><AttributeType>link</AttributeType><IsRequired>true</IsRequired><Value i:type="a:string" xmlns:a="http://www.w3.org/2001/XMLSchema"/></Attribute></Attributes><ChildElements/><ElementName>child</ElementName><required>true</required><NameAttribute z:Ref="i179"/></URDFElement><URDFElement z:Id="i180" i:type="Axis"><Attributes><Attribute z:Id="i181"><AttributeType>xyz</AttributeType><IsRequired>true</IsRequired><Value i:type="a:ArrayOfdouble" xmlns:a="http://schemas.microsoft.com/2003/10/Serialization/Arrays"><a:double>0</a:double><a:double>0</a:double><a:double>0</a:double></Value></Attribute></Attributes><ChildElements/><ElementName>axis</ElementName><required>false</required><XYZAttribute z:Ref="i181"/></URDFElement><URDFElement z:Id="i182" i:type="Limit"><Attributes><Attribute z:Id="i183"><AttributeType>lower</AttributeType><IsRequired>false</IsRequired><Value i:nil="true"/></Attribute><Attribute z:Id="i184"><AttributeType>upper</AttributeType><IsRequired>false</IsRequired><Value i:nil="true"/></Attribute><Attribute z:Id="i185"><AttributeType>effort</AttributeType><IsRequired>true</IsRequired><Value i:nil="true"/></Attribute><Attribute z:Id="i186"><AttributeType>velocity</AttributeType><IsRequired>true</IsRequired><Value i:nil="true"/></Attribute></Attributes><ChildElements/><ElementName>limit</ElementName><required>false</required><EffortAttribute z:Ref="i185"/><LowerAttribute z:Ref="i183"/><UpperAttribute z:Ref="i184"/><VelocityAttribute z:Ref="i186"/></URDFElement><URDFElement z:Id="i187" i:type="Calibration"><Attributes><Attribute z:Id="i188"><AttributeType>rising</AttributeType><IsRequired>false</IsRequired><Value i:nil="true"/></Attribute><Attribute z:Id="i189"><AttributeType>falling</AttributeType><IsRequired>false</IsRequired><Value i:nil="true"/></Attribute></Attributes><ChildElements/><ElementName>calibration</ElementName><required>false</required><FallingAttribute z:Ref="i189"/><RisingAttribute z:Ref="i188"/></URDFElement><URDFElement z:Id="i190" i:type="Dynamics"><Attributes><Attribute z:Id="i191"><AttributeType>damping</AttributeType><IsRequired>false</IsRequired><Value i:nil="true"/></Attribute><Attribute z:Id="i192"><AttributeType>friction</AttributeType><IsRequired>false</IsRequired><Value i:nil="true"/></Attribute></Attributes><ChildElements/><ElementName>dynamics</ElementName><required>false</required><DampingAttribute z:Ref="i191"/><FrictionAttribute z:Ref="i192"/></URDFElement><URDFElement z:Id="i193" i:type="SafetyController"><Attributes><Attribute z:Id="i194"><AttributeType>soft_upper_limit</AttributeType><IsRequired>false</IsRequired><Value i:nil="true"/></Attribute><Attribute z:Id="i195"><AttributeType>soft_lower_limit</AttributeType><IsRequired>false</IsRequired><Value i:nil="true"/></Attribute><Attribute z:Id="i196"><AttributeType>k_position</AttributeType><IsRequired>false</IsRequired><Value i:nil="true"/></Attribute><Attribute z:Id="i197"><AttributeType>k_velocity</AttributeType><IsRequired>true</IsRequired><Value i:nil="true"/></Attribute></Attributes><ChildElements/><ElementName>safety_controller</ElementName><required>false</required><KPositionAttribute z:Ref="i196"/><KVelocityAttribute z:Ref="i197"/><SoftLowerAttribute z:Ref="i195"/><SoftUpperAttribute z:Ref="i194"/></URDFElement><URDFElement z:Id="i198" i:type="Mimic"><Attributes><Attribute z:Id="i199"><AttributeType>joint</AttributeType><IsRequired>true</IsRequired><Value i:nil="true"/></Attribute><Attribute z:Id="i200"><AttributeType>multiplier</AttributeType><IsRequired>false</IsRequired><Value i:nil="true"/></Attribute><Attribute z:Id="i201"><AttributeType>offset</AttributeType><IsRequired>false</IsRequired><Value i:nil="true"/></Attribute></Attributes><ChildElements/><ElementName>mimic</ElementName><required>false</required><JointNameAttribute z:Ref="i199"/><MultiplierAttribute z:Ref="i200"/><OffsetAttribute z:Ref="i201"/></URDFElement></ChildElements><ElementName>joint</ElementName><required>false</required><Axis z:Ref="i180"/><AxisName>front_right</AxisName><Calibration z:Ref="i187"/><Child z:Ref="i178"/><CoordinateSystemName>front_right_wheel</CoordinateSystemName><Dynamics z:Ref="i190"/><Limit z:Ref="i182"/><Mimic z:Ref="i198"/><NameAttribute z:Ref="i171"/><Origin z:Ref="i173"/><Parent z:Ref="i176"/><Safety z:Ref="i193"/><TypeAttribute z:Ref="i172"/></URDFElement></ChildElements><ElementName>link</ElementName><required>true</required><Children/><Collision z:Ref="i163"/><Inertial z:Ref="i137"/><Joint z:Ref="i170"/><NameAttribute z:Ref="i136"/><Parent z:Ref="i1"/><STLQualityFine>false</STLQualityFine><SWComponentPIDs xmlns:a="http://schemas.microsoft.com/2003/10/Serialization/Arrays"><a:base64Binary>UEYAAAUAAAD//v9FdwBoAGUAZQBsACAAYQBzAHMAZQBtAGIAbAB5AC0AMQBAAEYAdQBsAGwAIABhAHMAcwBlAG0AYgBsAHkALwBXAGgAZQBlAGwAIAAzAGQAcwBjAGEAbgAgAGIAYQBzAGUAZAAgAFYAMwAtADEAQAB3AGgAZQBlAGwAIABhAHMAcwBlAG0AYgBsAHkABAAAABAAAAABAAAAAgAAAAIBAACFAAAA</a:base64Binary><a:base64Binary>UEYAAAUAAAD//v9OdwBoAGUAZQBsACAAYQBzAHMAZQBtAGIAbAB5AC0AMQBAAEYAdQBsAGwAIABhAHMAcwBlAG0AYgBsAHkALwBXAGgAZQBlAGwAIABoAHUAYgAgAHAAbABhAHQAZQBeAHcAaABlAGUAbAAgAGEAcwBzAGUAbQBiAGwAeQAtADEAQAB3AGgAZQBlAGwAIABhAHMAcwBlAG0AYgBsAHkABAAAABAAAAABAAAAAgAAAAIBAABNAAAA</a:base64Binary><a:base64Binary>UEYAAAUAAAD//v9EdwBoAGUAZQBsACAAYQBzAHMAZQBtAGIAbAB5AC0AMQBAAEYAdQBsAGwAIABhAHMAcwBlAG0AYgBsAHkALwBQAGEAcgB0ADIAXgB3AGgAZQBlAGwAIABhAHMAcwBlAG0AYgBsAHkALQAxAEAAdwBoAGUAZQBsACAAYQBzAHMAZQBtAGIAbAB5AAQAAAAQAAAAAQAAAAIAAAACAQAAkwAAAA==</a:base64Binary><a:base64Binary>UEYAAAUAAAD//v9QdwBoAGUAZQBsACAAYQBzAHMAZQBtAGIAbAB5AC0AMQBAAEYAdQBsAGwAIABhAHMAcwBlAG0AYgBsAHkALwAxADQAbQBtACAAawBlAHkAdwBhAHkAIABmAGwAYQBuAGcAZQAgAGMAbwB1AHAAbABpAG4AZwAgACgAbQA1ACkALQAxAEAAdwBoAGUAZQBsACAAYQBzAHMAZQBtAGIAbAB5AAQAAAAQAAAAAQAAAAIAAAACAQAAHgAAAA==</a:base64Binary><a:base64Binary>UEYAAAUAAAD//v9IdwBoAGUAZQBsACAAYQBzAHMAZQBtAGIAbAB5AC0AMQBAAEYAdQBsAGwAIABhAHMAcwBlAG0AYgBsAHkALwBXAGgAZQBlAGwAIABjAHUAcABeAHcAaABlAGUAbAAgAGEAcwBzAGUAbQBiAGwAeQAtADEAQAB3AGgAZQBlAGwAIABhAHMAcwBlAG0AYgBsAHkABAAAABAAAAABAAAAAgAAAAIBAACPAAAA</a:base64Binary></SWComponentPIDs><SWMainComponentPID i:nil="true"/><Visual z:Ref="i150"/><isFixedFrame>false</isFixedFrame><isIncomplete>false</isIncomplete></Link><Link z:Id="i202"><Attributes><Attribute z:Id="i203"><AttributeType>name</AttributeType><IsRequired>true</IsRequired><Value i:type="a:string" xmlns:a="http://www.w3.org/2001/XMLSchema">rear_left_wheel</Value></Attribute></Attributes><ChildElements><URDFElement z:Id="i204" i:type="Inertial"><Attributes/><ChildElements><URDFElement z:Id="i205" i:type="Origin"><Attributes><Attribute z:Id="i206"><AttributeType>xyz</AttributeType><IsRequired>true</IsRequired><Value i:type="a:ArrayOfdouble" xmlns:a="http://schemas.microsoft.com/2003/10/Serialization/Arrays"><a:double>0</a:double><a:double>0</a:double><a:double>0</a:double></Value></Attribute><Attribute z:Id="i207"><AttributeType>rpy</AttributeType><IsRequired>true</IsRequired><Value i:type="a:ArrayOfdouble" xmlns:a="http://schemas.microsoft.com/2003/10/Serialization/Arrays"><a:double>0</a:double><a:double>0</a:double><a:double>0</a:double></Value></Attribute></Attributes><ChildElements/><ElementName>origin</ElementName><required>false</required><RPYAttribute z:Ref="i207"/><XYZAttribute z:Ref="i206"/><isCustomized>false</isCustomized></URDFElement><URDFElement z:Id="i208" i:type="Mass"><Attributes><Attribute z:Id="i209"><AttributeType>value</AttributeType><IsRequired>true</IsRequired><Value i:type="a:double" xmlns:a="http://www.w3.org/2001/XMLSchema">0</Value></Attribute></Attributes><ChildElements/><ElementName>mass</ElementName><required>false</required><ValueAttribute z:Ref="i209"/></URDFElement><URDFElement z:Id="i210" i:type="Inertia"><Attributes><Attribute z:Id="i211"><AttributeType>ixx</AttributeType><IsRequired>true</IsRequired><Value i:type="a:double" xmlns:a="http://www.w3.org/2001/XMLSchema">0</Value></Attribute><Attribute z:Id="i212"><AttributeType>ixy</AttributeType><IsRequired>true</IsRequired><Value i:type="a:double" xmlns:a="http://www.w3.org/2001/XMLSchema">0</Value></Attribute><Attribute z:Id="i213"><AttributeType>ixz</AttributeType><IsRequired>true</IsRequired><Value i:type="a:double" xmlns:a="http://www.w3.org/2001/XMLSchema">0</Value></Attribute><Attribute z:Id="i214"><AttributeType>iyy</AttributeType><IsRequired>true</IsRequired><Value i:type="a:double" xmlns:a="http://www.w3.org/2001/XMLSchema">0</Value></Attribute><Attribute z:Id="i215"><AttributeType>iyz</AttributeType><IsRequired>true</IsRequired><Value i:type="a:double" xmlns:a="http://www.w3.org/2001/XMLSchema">0</Value></Attribute><Attribute z:Id="i216"><AttributeType>izz</AttributeType><IsRequired>true</IsRequired><Value i:type="a:double" xmlns:a="http://www.w3.org/2001/XMLSchema">0</Value></Attribute></Attributes><ChildElements/><ElementName>inertia</ElementName><required>false</required><IxxAttribute z:Ref="i211"/><IxyAttribute z:Ref="i212"/><IxzAttribute z:Ref="i213"/><IyyAttribute z:Ref="i214"/><IyzAttribute z:Ref="i215"/><IzzAttribute z:Ref="i216"/></URDFElement></ChildElements><ElementName>inertial</ElementName><required>false</required><Inertia z:Ref="i210"/><Mass z:Ref="i208"/><Origin z:Ref="i205"/></URDFElement><URDFElement z:Id="i217" i:type="Visual"><Attributes/><ChildElements><URDFElement z:Id="i218" i:type="Origin"><Attributes><Attribute z:Id="i219"><AttributeType>xyz</AttributeType><IsRequired>true</IsRequired><Value i:type="a:ArrayOfdouble" xmlns:a="http://schemas.microsoft.com/2003/10/Serialization/Arrays"><a:double>0</a:double><a:double>0</a:double><a:double>0</a:double></Value></Attribute><Attribute z:Id="i220"><AttributeType>rpy</AttributeType><IsRequired>true</IsRequired><Value i:type="a:ArrayOfdouble" xmlns:a="http://schemas.microsoft.com/2003/10/Serialization/Arrays"><a:double>0</a:double><a:double>0</a:double><a:double>0</a:double></Value></Attribute></Attributes><ChildElements/><ElementName>origin</ElementName><required>false</required><RPYAttribute z:Ref="i220"/><XYZAttribute z:Ref="i219"/><isCustomized>false</isCustomized></URDFElement><URDFElement z:Id="i221" i:type="Geometry"><Attributes/><ChildElements><URDFElement z:Id="i222" i:type="Mesh"><Attributes><Attribute z:Id="i223"><AttributeType>filename</AttributeType><IsRequired>true</IsRequired><Value i:nil="true"/></Attribute></Attributes><ChildElements/><ElementName>mesh</ElementName><required>false</required><FilenameAttribute z:Ref="i223"/></URDFElement></ChildElements><ElementName>geometry</ElementName><required>true</required><Mesh z:Ref="i222"/></URDFElement><URDFElement z:Id="i224" i:type="Material"><Attributes><Attribute z:Id="i225"><AttributeType>name</AttributeType><IsRequired>true</IsRequired><Value i:type="a:string" xmlns:a="http://www.w3.org/2001/XMLSchema"/></Attribute></Attributes><ChildElements><URDFElement z:Id="i226" i:type="Color"><Attributes><Attribute z:Id="i227"><AttributeType>rgba</AttributeType><IsRequired>true</IsRequired><Value i:type="a:ArrayOfdouble" xmlns:a="http://schemas.microsoft.com/2003/10/Serialization/Arrays"><a:double>1</a:double><a:double>1</a:double><a:double>1</a:double><a:double>1</a:double></Value></Attribute></Attributes><ChildElements/><ElementName>color</ElementName><required>false</required><RGBAAttribute z:Ref="i227"/></URDFElement><URDFElement z:Id="i228" i:type="Texture"><Attributes><Attribute z:Id="i229"><AttributeType>filename</AttributeType><IsRequired>true</IsRequired><Value i:nil="true"/></Attribute></Attributes><ChildElements/><ElementName>texture</ElementName><required>false</required><FilenameAttribute z:Ref="i229"/><wFilename/></URDFElement></ChildElements><ElementName>material</ElementName><required>false</required><Color z:Ref="i226"/><NameAttribute z:Ref="i225"/><Texture z:Ref="i228"/></URDFElement></ChildElements><ElementName>visual</ElementName><required>false</required><Geometry z:Ref="i221"/><Material z:Ref="i224"/><Origin z:Ref="i218"/></URDFElement><URDFElement z:Id="i230" i:type="Collision"><Attributes/><ChildElements><URDFElement z:Id="i231" i:type="Origin"><Attributes><Attribute z:Id="i232"><AttributeType>xyz</AttributeType><IsRequired>true</IsRequired><Value i:type="a:ArrayOfdouble" xmlns:a="http://schemas.microsoft.com/2003/10/Serialization/Arrays"><a:double>0</a:double><a:double>0</a:double><a:double>0</a:double></Value></Attribute><Attribute z:Id="i233"><AttributeType>rpy</AttributeType><IsRequired>true</IsRequired><Value i:type="a:ArrayOfdouble" xmlns:a="http://schemas.microsoft.com/2003/10/Serialization/Arrays"><a:double>0</a:double><a:double>0</a:double><a:double>0</a:double></Value></Attribute></Attributes><ChildElements/><ElementName>origin</ElementName><required>false</required><RPYAttribute z:Ref="i233"/><XYZAttribute z:Ref="i232"/><isCustomized>false</isCustomized></URDFElement><URDFElement z:Id="i234" i:type="Geometry"><Attributes/><ChildElements><URDFElement z:Id="i235" i:type="Mesh"><Attributes><Attribute z:Id="i236"><AttributeType>filename</AttributeType><IsRequired>true</IsRequired><Value i:nil="true"/></Attribute></Attributes><ChildElements/><ElementName>mesh</ElementName><required>false</required><FilenameAttribute z:Ref="i236"/></URDFElement></ChildElements><ElementName>geometry</ElementName><required>true</required><Mesh z:Ref="i235"/></URDFElement></ChildElements><ElementName>collision</ElementName><required>false</required><Geometry z:Ref="i234"/><Origin z:Ref="i231"/></URDFElement><URDFElement z:Id="i237" i:type="Joint"><Attributes><Attribute z:Id="i238"><AttributeType>name</AttributeType><IsRequired>true</IsRequired><Value i:type="a:string" xmlns:a="http://www.w3.org/2001/XMLSchema">rear_left_wheel_joint</Value></Attribute><Attribute z:Id="i239"><AttributeType>type</AttributeType><IsRequired>true</IsRequired><Value i:type="a:string" xmlns:a="http://www.w3.org/2001/XMLSchema">revolute</Value></Attribute></Attributes><ChildElements><URDFElement z:Id="i240" i:type="Origin"><Attributes><Attribute z:Id="i241"><AttributeType>xyz</AttributeType><IsRequired>true</IsRequired><Value i:type="a:ArrayOfdouble" xmlns:a="http://schemas.microsoft.com/2003/10/Serialization/Arrays"><a:double>0</a:double><a:double>0</a:double><a:double>0</a:double></Value></Attribute><Attribute z:Id="i242"><AttributeType>rpy</AttributeType><IsRequired>true</IsRequired><Value i:type="a:ArrayOfdouble" xmlns:a="http://schemas.microsoft.com/2003/10/Serialization/Arrays"><a:double>0</a:double><a:double>0</a:double><a:double>0</a:double></Value></Attribute></Attributes><ChildElements/><ElementName>origin</ElementName><required>false</required><RPYAttribute z:Ref="i242"/><XYZAttribute z:Ref="i241"/><isCustomized>false</isCustomized></URDFElement><URDFElement z:Id="i243" i:type="ParentLink"><Attributes><Attribute z:Id="i244"><AttributeType>link</AttributeType><IsRequired>true</IsRequired><Value i:type="a:string" xmlns:a="http://www.w3.org/2001/XMLSchema"/></Attribute></Attributes><ChildElements/><ElementName>parent</ElementName><required>true</required><NameAttribute z:Ref="i244"/></URDFElement><URDFElement z:Id="i245" i:type="ChildLink"><Attributes><Attribute z:Id="i246"><AttributeType>link</AttributeType><IsRequired>true</IsRequired><Value i:type="a:string" xmlns:a="http://www.w3.org/2001/XMLSchema"/></Attribute></Attributes><ChildElements/><ElementName>child</ElementName><required>true</required><NameAttribute z:Ref="i246"/></URDFElement><URDFElement z:Id="i247" i:type="Axis"><Attributes><Attribute z:Id="i248"><AttributeType>xyz</AttributeType><IsRequired>true</IsRequired><Value i:type="a:ArrayOfdouble" xmlns:a="http://schemas.microsoft.com/2003/10/Serialization/Arrays"><a:double>0</a:double><a:double>0</a:double><a:double>0</a:double></Value></Attribute></Attributes><ChildElements/><ElementName>axis</ElementName><required>false</required><XYZAttribute z:Ref="i248"/></URDFElement><URDFElement z:Id="i249" i:type="Limit"><Attributes><Attribute z:Id="i250"><AttributeType>lower</AttributeType><IsRequired>false</IsRequired><Value i:nil="true"/></Attribute><Attribute z:Id="i251"><AttributeType>upper</AttributeType><IsRequired>false</IsRequired><Value i:nil="true"/></Attribute><Attribute z:Id="i252"><AttributeType>effort</AttributeType><IsRequired>true</IsRequired><Value i:nil="true"/></Attribute><Attribute z:Id="i253"><AttributeType>velocity</AttributeType><IsRequired>true</IsRequired><Value i:nil="true"/></Attribute></Attributes><ChildElements/><ElementName>limit</ElementName><required>false</required><EffortAttribute z:Ref="i252"/><LowerAttribute z:Ref="i250"/><UpperAttribute z:Ref="i251"/><VelocityAttribute z:Ref="i253"/></URDFElement><URDFElement z:Id="i254" i:type="Calibration"><Attributes><Attribute z:Id="i255"><AttributeType>rising</AttributeType><IsRequired>false</IsRequired><Value i:nil="true"/></Attribute><Attribute z:Id="i256"><AttributeType>falling</AttributeType><IsRequired>false</IsRequired><Value i:nil="true"/></Attribute></Attributes><ChildElements/><ElementName>calibration</ElementName><required>false</required><FallingAttribute z:Ref="i256"/><RisingAttribute z:Ref="i255"/></URDFElement><URDFElement z:Id="i257" i:type="Dynamics"><Attributes><Attribute z:Id="i258"><AttributeType>damping</AttributeType><IsRequired>false</IsRequired><Value i:nil="true"/></Attribute><Attribute z:Id="i259"><AttributeType>friction</AttributeType><IsRequired>false</IsRequired><Value i:nil="true"/></Attribute></Attributes><ChildElements/><ElementName>dynamics</ElementName><required>false</required><DampingAttribute z:Ref="i258"/><FrictionAttribute z:Ref="i259"/></URDFElement><URDFElement z:Id="i260" i:type="SafetyController"><Attributes><Attribute z:Id="i261"><AttributeType>soft_upper_limit</AttributeType><IsRequired>false</IsRequired><Value i:nil="true"/></Attribute><Attribute z:Id="i262"><AttributeType>soft_lower_limit</AttributeType><IsRequired>false</IsRequired><Value i:nil="true"/></Attribute><Attribute z:Id="i263"><AttributeType>k_position</AttributeType><IsRequired>false</IsRequired><Value i:nil="true"/></Attribute><Attribute z:Id="i264"><AttributeType>k_velocity</AttributeType><IsRequired>true</IsRequired><Value i:nil="true"/></Attribute></Attributes><ChildElements/><ElementName>safety_controller</ElementName><required>false</required><KPositionAttribute z:Ref="i263"/><KVelocityAttribute z:Ref="i264"/><SoftLowerAttribute z:Ref="i262"/><SoftUpperAttribute z:Ref="i261"/></URDFElement><URDFElement z:Id="i265" i:type="Mimic"><Attributes><Attribute z:Id="i266"><AttributeType>joint</AttributeType><IsRequired>true</IsRequired><Value i:nil="true"/></Attribute><Attribute z:Id="i267"><AttributeType>multiplier</AttributeType><IsRequired>false</IsRequired><Value i:nil="true"/></Attribute><Attribute z:Id="i268"><AttributeType>offset</AttributeType><IsRequired>false</IsRequired><Value i:nil="true"/></Attribute></Attributes><ChildElements/><ElementName>mimic</ElementName><required>false</required><JointNameAttribute z:Ref="i266"/><MultiplierAttribute z:Ref="i267"/><OffsetAttribute z:Ref="i268"/></URDFElement></ChildElements><ElementName>joint</ElementName><required>false</required><Axis z:Ref="i247"/><AxisName>rear_left</AxisName><Calibration z:Ref="i254"/><Child z:Ref="i245"/><CoordinateSystemName>rear__left_wheel</CoordinateSystemName><Dynamics z:Ref="i257"/><Limit z:Ref="i249"/><Mimic z:Ref="i265"/><NameAttribute z:Ref="i238"/><Origin z:Ref="i240"/><Parent z:Ref="i243"/><Safety z:Ref="i260"/><TypeAttribute z:Ref="i239"/></URDFElement></ChildElements><ElementName>link</ElementName><required>true</required><Children/><Collision z:Ref="i230"/><Inertial z:Ref="i204"/><Joint z:Ref="i237"/><NameAttribute z:Ref="i203"/><Parent z:Ref="i1"/><STLQualityFine>false</STLQualityFine><SWComponentPIDs xmlns:a="http://schemas.microsoft.com/2003/10/Serialization/Arrays"><a:base64Binary>UEYAAAUAAAD//v9FdwBoAGUAZQBsACAAYQBzAHMAZQBtAGIAbAB5AC0AMgBAAEYAdQBsAGwAIABhAHMAcwBlAG0AYgBsAHkALwBXAGgAZQBlAGwAIAAzAGQAcwBjAGEAbgAgAGIAYQBzAGUAZAAgAFYAMwAtADEAQAB3AGgAZQBlAGwAIABhAHMAcwBlAG0AYgBsAHkABAAAABAAAAABAAAAAgAAAAkBAACFAAAA</a:base64Binary><a:base64Binary>UEYAAAUAAAD//v9OdwBoAGUAZQBsACAAYQBzAHMAZQBtAGIAbAB5AC0AMgBAAEYAdQBsAGwAIABhAHMAcwBlAG0AYgBsAHkALwBXAGgAZQBlAGwAIABoAHUAYgAgAHAAbABhAHQAZQBeAHcAaABlAGUAbAAgAGEAcwBzAGUAbQBiAGwAeQAtADEAQAB3AGgAZQBlAGwAIABhAHMAcwBlAG0AYgBsAHkABAAAABAAAAABAAAAAgAAAAkBAABNAAAA</a:base64Binary><a:base64Binary>UEYAAAUAAAD//v9EdwBoAGUAZQBsACAAYQBzAHMAZQBtAGIAbAB5AC0AMgBAAEYAdQBsAGwAIABhAHMAcwBlAG0AYgBsAHkALwBQAGEAcgB0ADIAXgB3AGgAZQBlAGwAIABhAHMAcwBlAG0AYgBsAHkALQAxAEAAdwBoAGUAZQBsACAAYQBzAHMAZQBtAGIAbAB5AAQAAAAQAAAAAQAAAAIAAAAJAQAAkwAAAA==</a:base64Binary><a:base64Binary>UEYAAAUAAAD//v9QdwBoAGUAZQBsACAAYQBzAHMAZQBtAGIAbAB5AC0AMgBAAEYAdQBsAGwAIABhAHMAcwBlAG0AYgBsAHkALwAxADQAbQBtACAAawBlAHkAdwBhAHkAIABmAGwAYQBuAGcAZQAgAGMAbwB1AHAAbABpAG4AZwAgACgAbQA1ACkALQAxAEAAdwBoAGUAZQBsACAAYQBzAHMAZQBtAGIAbAB5AAQAAAAQAAAAAQAAAAIAAAAJAQAAHgAAAA==</a:base64Binary><a:base64Binary>UEYAAAUAAAD//v9IdwBoAGUAZQBsACAAYQBzAHMAZQBtAGIAbAB5AC0AMgBAAEYAdQBsAGwAIABhAHMAcwBlAG0AYgBsAHkALwBXAGgAZQBlAGwAIABjAHUAcABeAHcAaABlAGUAbAAgAGEAcwBzAGUAbQBiAGwAeQAtADEAQAB3AGgAZQBlAGwAIABhAHMAcwBlAG0AYgBsAHkABAAAABAAAAABAAAAAgAAAAkBAACPAAAA</a:base64Binary></SWComponentPIDs><SWMainComponentPID i:nil="true"/><Visual z:Ref="i217"/><isFixedFrame>false</isFixedFrame><isIncomplete>false</isIncomplete></Link><Link z:Id="i269"><Attributes><Attribute z:Id="i270"><AttributeType>name</AttributeType><IsRequired>true</IsRequired><Value i:type="a:string" xmlns:a="http://www.w3.org/2001/XMLSchema">rear_right_wheel</Value></Attribute></Attributes><ChildElements><URDFElement z:Id="i271" i:type="Inertial"><Attributes/><ChildElements><URDFElement z:Id="i272" i:type="Origin"><Attributes><Attribute z:Id="i273"><AttributeType>xyz</AttributeType><IsRequired>true</IsRequired><Value i:type="a:ArrayOfdouble" xmlns:a="http://schemas.microsoft.com/2003/10/Serialization/Arrays"><a:double>0</a:double><a:double>0</a:double><a:double>0</a:double></Value></Attribute><Attribute z:Id="i274"><AttributeType>rpy</AttributeType><IsRequired>true</IsRequired><Value i:type="a:ArrayOfdouble" xmlns:a="http://schemas.microsoft.com/2003/10/Serialization/Arrays"><a:double>0</a:double><a:double>0</a:double><a:double>0</a:double></Value></Attribute></Attributes><ChildElements/><ElementName>origin</ElementName><required>false</required><RPYAttribute z:Ref="i274"/><XYZAttribute z:Ref="i273"/><isCustomized>false</isCustomized></URDFElement><URDFElement z:Id="i275" i:type="Mass"><Attributes><Attribute z:Id="i276"><AttributeType>value</AttributeType><IsRequired>true</IsRequired><Value i:type="a:double" xmlns:a="http://www.w3.org/2001/XMLSchema">0</Value></Attribute></Attributes><ChildElements/><ElementName>mass</ElementName><required>false</required><ValueAttribute z:Ref="i276"/></URDFElement><URDFElement z:Id="i277" i:type="Inertia"><Attributes><Attribute z:Id="i278"><AttributeType>ixx</AttributeType><IsRequired>true</IsRequired><Value i:type="a:double" xmlns:a="http://www.w3.org/2001/XMLSchema">0</Value></Attribute><Attribute z:Id="i279"><AttributeType>ixy</AttributeType><IsRequired>true</IsRequired><Value i:type="a:double" xmlns:a="http://www.w3.org/2001/XMLSchema">0</Value></Attribute><Attribute z:Id="i280"><AttributeType>ixz</AttributeType><IsRequired>true</IsRequired><Value i:type="a:double" xmlns:a="http://www.w3.org/2001/XMLSchema">0</Value></Attribute><Attribute z:Id="i281"><AttributeType>iyy</AttributeType><IsRequired>true</IsRequired><Value i:type="a:double" xmlns:a="http://www.w3.org/2001/XMLSchema">0</Value></Attribute><Attribute z:Id="i282"><AttributeType>iyz</AttributeType><IsRequired>true</IsRequired><Value i:type="a:double" xmlns:a="http://www.w3.org/2001/XMLSchema">0</Value></Attribute><Attribute z:Id="i283"><AttributeType>izz</AttributeType><IsRequired>true</IsRequired><Value i:type="a:double" xmlns:a="http://www.w3.org/2001/XMLSchema">0</Value></Attribute></Attributes><ChildElements/><ElementName>inertia</ElementName><required>false</required><IxxAttribute z:Ref="i278"/><IxyAttribute z:Ref="i279"/><IxzAttribute z:Ref="i280"/><IyyAttribute z:Ref="i281"/><IyzAttribute z:Ref="i282"/><IzzAttribute z:Ref="i283"/></URDFElement></ChildElements><ElementName>inertial</ElementName><required>false</required><Inertia z:Ref="i277"/><Mass z:Ref="i275"/><Origin z:Ref="i272"/></URDFElement><URDFElement z:Id="i284" i:type="Visual"><Attributes/><ChildElements><URDFElement z:Id="i285" i:type="Origin"><Attributes><Attribute z:Id="i286"><AttributeType>xyz</AttributeType><IsRequired>true</IsRequired><Value i:type="a:ArrayOfdouble" xmlns:a="http://schemas.microsoft.com/2003/10/Serialization/Arrays"><a:double>0</a:double><a:double>0</a:double><a:double>0</a:double></Value></Attribute><Attribute z:Id="i287"><AttributeType>rpy</AttributeType><IsRequired>true</IsRequired><Value i:type="a:ArrayOfdouble" xmlns:a="http://schemas.microsoft.com/2003/10/Serialization/Arrays"><a:double>0</a:double><a:double>0</a:double><a:double>0</a:double></Value></Attribute></Attributes><ChildElements/><ElementName>origin</ElementName><required>false</required><RPYAttribute z:Ref="i287"/><XYZAttribute z:Ref="i286"/><isCustomized>false</isCustomized></URDFElement><URDFElement z:Id="i288" i:type="Geometry"><Attributes/><ChildElements><URDFElement z:Id="i289" i:type="Mesh"><Attributes><Attribute z:Id="i290"><AttributeType>filename</AttributeType><IsRequired>true</IsRequired><Value i:nil="true"/></Attribute></Attributes><ChildElements/><ElementName>mesh</ElementName><required>false</required><FilenameAttribute z:Ref="i290"/></URDFElement></ChildElements><ElementName>geometry</ElementName><required>true</required><Mesh z:Ref="i289"/></URDFElement><URDFElement z:Id="i291" i:type="Material"><Attributes><Attribute z:Id="i292"><AttributeType>name</AttributeType><IsRequired>true</IsRequired><Value i:type="a:string" xmlns:a="http://www.w3.org/2001/XMLSchema"/></Attribute></Attributes><ChildElements><URDFElement z:Id="i293" i:type="Color"><Attributes><Attribute z:Id="i294"><AttributeType>rgba</AttributeType><IsRequired>true</IsRequired><Value i:type="a:ArrayOfdouble" xmlns:a="http://schemas.microsoft.com/2003/10/Serialization/Arrays"><a:double>1</a:double><a:double>1</a:double><a:double>1</a:double><a:double>1</a:double></Value></Attribute></Attributes><ChildElements/><ElementName>color</ElementName><required>false</required><RGBAAttribute z:Ref="i294"/></URDFElement><URDFElement z:Id="i295" i:type="Texture"><Attributes><Attribute z:Id="i296"><AttributeType>filename</AttributeType><IsRequired>true</IsRequired><Value i:nil="true"/></Attribute></Attributes><ChildElements/><ElementName>texture</ElementName><required>false</required><FilenameAttribute z:Ref="i296"/><wFilename/></URDFElement></ChildElements><ElementName>material</ElementName><required>false</required><Color z:Ref="i293"/><NameAttribute z:Ref="i292"/><Texture z:Ref="i295"/></URDFElement></ChildElements><ElementName>visual</ElementName><required>false</required><Geometry z:Ref="i288"/><Material z:Ref="i291"/><Origin z:Ref="i285"/></URDFElement><URDFElement z:Id="i297" i:type="Collision"><Attributes/><ChildElements><URDFElement z:Id="i298" i:type="Origin"><Attributes><Attribute z:Id="i299"><AttributeType>xyz</AttributeType><IsRequired>true</IsRequired><Value i:type="a:ArrayOfdouble" xmlns:a="http://schemas.microsoft.com/2003/10/Serialization/Arrays"><a:double>0</a:double><a:double>0</a:double><a:double>0</a:double></Value></Attribute><Attribute z:Id="i300"><AttributeType>rpy</AttributeType><IsRequired>true</IsRequired><Value i:type="a:ArrayOfdouble" xmlns:a="http://schemas.microsoft.com/2003/10/Serialization/Arrays"><a:double>0</a:double><a:double>0</a:double><a:double>0</a:double></Value></Attribute></Attributes><ChildElements/><ElementName>origin</ElementName><required>false</required><RPYAttribute z:Ref="i300"/><XYZAttribute z:Ref="i299"/><isCustomized>false</isCustomized></URDFElement><URDFElement z:Id="i301" i:type="Geometry"><Attributes/><ChildElements><URDFElement z:Id="i302" i:type="Mesh"><Attributes><Attribute z:Id="i303"><AttributeType>filename</AttributeType><IsRequired>true</IsRequired><Value i:nil="true"/></Attribute></Attributes><ChildElements/><ElementName>mesh</ElementName><required>false</required><FilenameAttribute z:Ref="i303"/></URDFElement></ChildElements><ElementName>geometry</ElementName><required>true</required><Mesh z:Ref="i302"/></URDFElement></ChildElements><ElementName>collision</ElementName><required>false</required><Geometry z:Ref="i301"/><Origin z:Ref="i298"/></URDFElement><URDFElement z:Id="i304" i:type="Joint"><Attributes><Attribute z:Id="i305"><AttributeType>name</AttributeType><IsRequired>true</IsRequired><Value i:type="a:string" xmlns:a="http://www.w3.org/2001/XMLSchema">rear_right_wheel_joint</Value></Attribute><Attribute z:Id="i306"><AttributeType>type</AttributeType><IsRequired>true</IsRequired><Value i:type="a:string" xmlns:a="http://www.w3.org/2001/XMLSchema">revolute</Value></Attribute></Attributes><ChildElements><URDFElement z:Id="i307" i:type="Origin"><Attributes><Attribute z:Id="i308"><AttributeType>xyz</AttributeType><IsRequired>true</IsRequired><Value i:type="a:ArrayOfdouble" xmlns:a="http://schemas.microsoft.com/2003/10/Serialization/Arrays"><a:double>0</a:double><a:double>0</a:double><a:double>0</a:double></Value></Attribute><Attribute z:Id="i309"><AttributeType>rpy</AttributeType><IsRequired>true</IsRequired><Value i:type="a:ArrayOfdouble" xmlns:a="http://schemas.microsoft.com/2003/10/Serialization/Arrays"><a:double>0</a:double><a:double>0</a:double><a:double>0</a:double></Value></Attribute></Attributes><ChildElements/><ElementName>origin</ElementName><required>false</required><RPYAttribute z:Ref="i309"/><XYZAttribute z:Ref="i308"/><isCustomized>false</isCustomized></URDFElement><URDFElement z:Id="i310" i:type="ParentLink"><Attributes><Attribute z:Id="i311"><AttributeType>link</AttributeType><IsRequired>true</IsRequired><Value i:type="a:string" xmlns:a="http://www.w3.org/2001/XMLSchema"/></Attribute></Attributes><ChildElements/><ElementName>parent</ElementName><required>true</required><NameAttribute z:Ref="i311"/></URDFElement><URDFElement z:Id="i312" i:type="ChildLink"><Attributes><Attribute z:Id="i313"><AttributeType>link</AttributeType><IsRequired>true</IsRequired><Value i:type="a:string" xmlns:a="http://www.w3.org/2001/XMLSchema"/></Attribute></Attributes><ChildElements/><ElementName>child</ElementName><required>true</required><NameAttribute z:Ref="i313"/></URDFElement><URDFElement z:Id="i314" i:type="Axis"><Attributes><Attribute z:Id="i315"><AttributeType>xyz</AttributeType><IsRequired>true</IsRequired><Value i:type="a:ArrayOfdouble" xmlns:a="http://schemas.microsoft.com/2003/10/Serialization/Arrays"><a:double>0</a:double><a:double>0</a:double><a:double>0</a:double></Value></Attribute></Attributes><ChildElements/><ElementName>axis</ElementName><required>false</required><XYZAttribute z:Ref="i315"/></URDFElement><URDFElement z:Id="i316" i:type="Limit"><Attributes><Attribute z:Id="i317"><AttributeType>lower</AttributeType><IsRequired>false</IsRequired><Value i:nil="true"/></Attribute><Attribute z:Id="i318"><AttributeType>upper</AttributeType><IsRequired>false</IsRequired><Value i:nil="true"/></Attribute><Attribute z:Id="i319"><AttributeType>effort</AttributeType><IsRequired>true</IsRequired><Value i:nil="true"/></Attribute><Attribute z:Id="i320"><AttributeType>velocity</AttributeType><IsRequired>true</IsRequired><Value i:nil="true"/></Attribute></Attributes><ChildElements/><ElementName>limit</ElementName><required>false</required><EffortAttribute z:Ref="i319"/><LowerAttribute z:Ref="i317"/><UpperAttribute z:Ref="i318"/><VelocityAttribute z:Ref="i320"/></URDFElement><URDFElement z:Id="i321" i:type="Calibration"><Attributes><Attribute z:Id="i322"><AttributeType>rising</AttributeType><IsRequired>false</IsRequired><Value i:nil="true"/></Attribute><Attribute z:Id="i323"><AttributeType>falling</AttributeType><IsRequired>false</IsRequired><Value i:nil="true"/></Attribute></Attributes><ChildElements/><ElementName>calibration</ElementName><required>false</required><FallingAttribute z:Ref="i323"/><RisingAttribute z:Ref="i322"/></URDFElement><URDFElement z:Id="i324" i:type="Dynamics"><Attributes><Attribute z:Id="i325"><AttributeType>damping</AttributeType><IsRequired>false</IsRequired><Value i:nil="true"/></Attribute><Attribute z:Id="i326"><AttributeType>friction</AttributeType><IsRequired>false</IsRequired><Value i:nil="true"/></Attribute></Attributes><ChildElements/><ElementName>dynamics</ElementName><required>false</required><DampingAttribute z:Ref="i325"/><FrictionAttribute z:Ref="i326"/></URDFElement><URDFElement z:Id="i327" i:type="SafetyController"><Attributes><Attribute z:Id="i328"><AttributeType>soft_upper_limit</AttributeType><IsRequired>false</IsRequired><Value i:nil="true"/></Attribute><Attribute z:Id="i329"><AttributeType>soft_lower_limit</AttributeType><IsRequired>false</IsRequired><Value i:nil="true"/></Attribute><Attribute z:Id="i330"><AttributeType>k_position</AttributeType><IsRequired>false</IsRequired><Value i:nil="true"/></Attribute><Attribute z:Id="i331"><AttributeType>k_velocity</AttributeType><IsRequired>true</IsRequired><Value i:nil="true"/></Attribute></Attributes><ChildElements/><ElementName>safety_controller</ElementName><required>false</required><KPositionAttribute z:Ref="i330"/><KVelocityAttribute z:Ref="i331"/><SoftLowerAttribute z:Ref="i329"/><SoftUpperAttribute z:Ref="i328"/></URDFElement><URDFElement z:Id="i332" i:type="Mimic"><Attributes><Attribute z:Id="i333"><AttributeType>joint</AttributeType><IsRequired>true</IsRequired><Value i:nil="true"/></Attribute><Attribute z:Id="i334"><AttributeType>multiplier</AttributeType><IsRequired>false</IsRequired><Value i:nil="true"/></Attribute><Attribute z:Id="i335"><AttributeType>offset</AttributeType><IsRequired>false</IsRequired><Value i:nil="true"/></Attribute></Attributes><ChildElements/><ElementName>mimic</ElementName><required>false</required><JointNameAttribute z:Ref="i333"/><MultiplierAttribute z:Ref="i334"/><OffsetAttribute z:Ref="i335"/></URDFElement></ChildElements><ElementName>joint</ElementName><required>false</required><Axis z:Ref="i314"/><AxisName>rear_right</AxisName><Calibration z:Ref="i321"/><Child z:Ref="i312"/><CoordinateSystemName>rear_right_wheel</CoordinateSystemName><Dynamics z:Ref="i324"/><Limit z:Ref="i316"/><Mimic z:Ref="i332"/><NameAttribute z:Ref="i305"/><Origin z:Ref="i307"/><Parent z:Ref="i310"/><Safety z:Ref="i327"/><TypeAttribute z:Ref="i306"/></URDFElement></ChildElements><ElementName>link</ElementName><required>true</required><Children/><Collision z:Ref="i297"/><Inertial z:Ref="i271"/><Joint z:Ref="i304"/><NameAttribute z:Ref="i270"/><Parent z:Ref="i1"/><STLQualityFine>false</STLQualityFine><SWComponentPIDs xmlns:a="http://schemas.microsoft.com/2003/10/Serialization/Arrays"><a:base64Binary>UEYAAAUAAAD//v9FdwBoAGUAZQBsACAAYQBzAHMAZQBtAGIAbAB5AC0ANABAAEYAdQBsAGwAIABhAHMAcwBlAG0AYgBsAHkALwBXAGgAZQBlAGwAIAAzAGQAcwBjAGEAbgAgAGIAYQBzAGUAZAAgAFYAMwAtADEAQAB3AGgAZQBlAGwAIABhAHMAcwBlAG0AYgBsAHkABAAAABAAAAABAAAAAgAAAA0BAACFAAAA</a:base64Binary><a:base64Binary>UEYAAAUAAAD//v9OdwBoAGUAZQBsACAAYQBzAHMAZQBtAGIAbAB5AC0ANABAAEYAdQBsAGwAIABhAHMAcwBlAG0AYgBsAHkALwBXAGgAZQBlAGwAIABoAHUAYgAgAHAAbABhAHQAZQBeAHcAaABlAGUAbAAgAGEAcwBzAGUAbQBiAGwAeQAtADEAQAB3AGgAZQBlAGwAIABhAHMAcwBlAG0AYgBsAHkABAAAABAAAAABAAAAAgAAAA0BAABNAAAA</a:base64Binary><a:base64Binary>UEYAAAUAAAD//v9EdwBoAGUAZQBsACAAYQBzAHMAZQBtAGIAbAB5AC0ANABAAEYAdQBsAGwAIABhAHMAcwBlAG0AYgBsAHkALwBQAGEAcgB0ADIAXgB3AGgAZQBlAGwAIABhAHMAcwBlAG0AYgBsAHkALQAxAEAAdwBoAGUAZQBsACAAYQBzAHMAZQBtAGIAbAB5AAQAAAAQAAAAAQAAAAIAAAANAQAAkwAAAA==</a:base64Binary><a:base64Binary>UEYAAAUAAAD//v9QdwBoAGUAZQBsACAAYQBzAHMAZQBtAGIAbAB5AC0ANABAAEYAdQBsAGwAIABhAHMAcwBlAG0AYgBsAHkALwAxADQAbQBtACAAawBlAHkAdwBhAHkAIABmAGwAYQBuAGcAZQAgAGMAbwB1AHAAbABpAG4AZwAgACgAbQA1ACkALQAxAEAAdwBoAGUAZQBsACAAYQBzAHMAZQBtAGIAbAB5AAQAAAAQAAAAAQAAAAIAAAANAQAAHgAAAA==</a:base64Binary><a:base64Binary>UEYAAAUAAAD//v9IdwBoAGUAZQBsACAAYQBzAHMAZQBtAGIAbAB5AC0ANABAAEYAdQBsAGwAIABhAHMAcwBlAG0AYgBsAHkALwBXAGgAZQBlAGwAIABjAHUAcABeAHcAaABlAGUAbAAgAGEAcwBzAGUAbQBiAGwAeQAtADEAQAB3AGgAZQBlAGwAIABhAHMAcwBlAG0AYgBsAHkABAAAABAAAAABAAAAAgAAAA0BAACPAAAA</a:base64Binary></SWComponentPIDs><SWMainComponentPID i:nil="true"/><Visual z:Ref="i284"/><isFixedFrame>false</isFixedFrame><isIncomplete>false</isIncomplete></Link><Link z:Id="i336"><Attributes><Attribute z:Id="i337"><AttributeType>name</AttributeType><IsRequired>true</IsRequired><Value i:type="a:string" xmlns:a="http://www.w3.org/2001/XMLSchema">front_lidar</Value></Attribute></Attributes><ChildElements><URDFElement z:Id="i338" i:type="Inertial"><Attributes/><ChildElements><URDFElement z:Id="i339" i:type="Origin"><Attributes><Attribute z:Id="i340"><AttributeType>xyz</AttributeType><IsRequired>true</IsRequired><Value i:type="a:ArrayOfdouble" xmlns:a="http://schemas.microsoft.com/2003/10/Serialization/Arrays"><a:double>0</a:double><a:double>0</a:double><a:double>0</a:double></Value></Attribute><Attribute z:Id="i341"><AttributeType>rpy</AttributeType><IsRequired>true</IsRequired><Value i:type="a:ArrayOfdouble" xmlns:a="http://schemas.microsoft.com/2003/10/Serialization/Arrays"><a:double>0</a:double><a:double>0</a:double><a:double>0</a:double></Value></Attribute></Attributes><ChildElements/><ElementName>origin</ElementName><required>false</required><RPYAttribute z:Ref="i341"/><XYZAttribute z:Ref="i340"/><isCustomized>false</isCustomized></URDFElement><URDFElement z:Id="i342" i:type="Mass"><Attributes><Attribute z:Id="i343"><AttributeType>value</AttributeType><IsRequired>true</IsRequired><Value i:type="a:double" xmlns:a="http://www.w3.org/2001/XMLSchema">0</Value></Attribute></Attributes><ChildElements/><ElementName>mass</ElementName><required>false</required><ValueAttribute z:Ref="i343"/></URDFElement><URDFElement z:Id="i344" i:type="Inertia"><Attributes><Attribute z:Id="i345"><AttributeType>ixx</AttributeType><IsRequired>true</IsRequired><Value i:type="a:double" xmlns:a="http://www.w3.org/2001/XMLSchema">0</Value></Attribute><Attribute z:Id="i346"><AttributeType>ixy</AttributeType><IsRequired>true</IsRequired><Value i:type="a:double" xmlns:a="http://www.w3.org/2001/XMLSchema">0</Value></Attribute><Attribute z:Id="i347"><AttributeType>ixz</AttributeType><IsRequired>true</IsRequired><Value i:type="a:double" xmlns:a="http://www.w3.org/2001/XMLSchema">0</Value></Attribute><Attribute z:Id="i348"><AttributeType>iyy</AttributeType><IsRequired>true</IsRequired><Value i:type="a:double" xmlns:a="http://www.w3.org/2001/XMLSchema">0</Value></Attribute><Attribute z:Id="i349"><AttributeType>iyz</AttributeType><IsRequired>true</IsRequired><Value i:type="a:double" xmlns:a="http://www.w3.org/2001/XMLSchema">0</Value></Attribute><Attribute z:Id="i350"><AttributeType>izz</AttributeType><IsRequired>true</IsRequired><Value i:type="a:double" xmlns:a="http://www.w3.org/2001/XMLSchema">0</Value></Attribute></Attributes><ChildElements/><ElementName>inertia</ElementName><required>false</required><IxxAttribute z:Ref="i345"/><IxyAttribute z:Ref="i346"/><IxzAttribute z:Ref="i347"/><IyyAttribute z:Ref="i348"/><IyzAttribute z:Ref="i349"/><IzzAttribute z:Ref="i350"/></URDFElement></ChildElements><ElementName>inertial</ElementName><required>false</required><Inertia z:Ref="i344"/><Mass z:Ref="i342"/><Origin z:Ref="i339"/></URDFElement><URDFElement z:Id="i351" i:type="Visual"><Attributes/><ChildElements><URDFElement z:Id="i352" i:type="Origin"><Attributes><Attribute z:Id="i353"><AttributeType>xyz</AttributeType><IsRequired>true</IsRequired><Value i:type="a:ArrayOfdouble" xmlns:a="http://schemas.microsoft.com/2003/10/Serialization/Arrays"><a:double>0</a:double><a:double>0</a:double><a:double>0</a:double></Value></Attribute><Attribute z:Id="i354"><AttributeType>rpy</AttributeType><IsRequired>true</IsRequired><Value i:type="a:ArrayOfdouble" xmlns:a="http://schemas.microsoft.com/2003/10/Serialization/Arrays"><a:double>0</a:double><a:double>0</a:double><a:double>0</a:double></Value></Attribute></Attributes><ChildElements/><ElementName>origin</ElementName><required>false</required><RPYAttribute z:Ref="i354"/><XYZAttribute z:Ref="i353"/><isCustomized>false</isCustomized></URDFElement><URDFElement z:Id="i355" i:type="Geometry"><Attributes/><ChildElements><URDFElement z:Id="i356" i:type="Mesh"><Attributes><Attribute z:Id="i357"><AttributeType>filename</AttributeType><IsRequired>true</IsRequired><Value i:nil="true"/></Attribute></Attributes><ChildElements/><ElementName>mesh</ElementName><required>false</required><FilenameAttribute z:Ref="i357"/></URDFElement></ChildElements><ElementName>geometry</ElementName><required>true</required><Mesh z:Ref="i356"/></URDFElement><URDFElement z:Id="i358" i:type="Material"><Attributes><Attribute z:Id="i359"><AttributeType>name</AttributeType><IsRequired>true</IsRequired><Value i:type="a:string" xmlns:a="http://www.w3.org/2001/XMLSchema"/></Attribute></Attributes><ChildElements><URDFElement z:Id="i360" i:type="Color"><Attributes><Attribute z:Id="i361"><AttributeType>rgba</AttributeType><IsRequired>true</IsRequired><Value i:type="a:ArrayOfdouble" xmlns:a="http://schemas.microsoft.com/2003/10/Serialization/Arrays"><a:double>1</a:double><a:double>1</a:double><a:double>1</a:double><a:double>1</a:double></Value></Attribute></Attributes><ChildElements/><ElementName>color</ElementName><required>false</required><RGBAAttribute z:Ref="i361"/></URDFElement><URDFElement z:Id="i362" i:type="Texture"><Attributes><Attribute z:Id="i363"><AttributeType>filename</AttributeType><IsRequired>true</IsRequired><Value i:nil="true"/></Attribute></Attributes><ChildElements/><ElementName>texture</ElementName><required>false</required><FilenameAttribute z:Ref="i363"/><wFilename/></URDFElement></ChildElements><ElementName>material</ElementName><required>false</required><Color z:Ref="i360"/><NameAttribute z:Ref="i359"/><Texture z:Ref="i362"/></URDFElement></ChildElements><ElementName>visual</ElementName><required>false</required><Geometry z:Ref="i355"/><Material z:Ref="i358"/><Origin z:Ref="i352"/></URDFElement><URDFElement z:Id="i364" i:type="Collision"><Attributes/><ChildElements><URDFElement z:Id="i365" i:type="Origin"><Attributes><Attribute z:Id="i366"><AttributeType>xyz</AttributeType><IsRequired>true</IsRequired><Value i:type="a:ArrayOfdouble" xmlns:a="http://schemas.microsoft.com/2003/10/Serialization/Arrays"><a:double>0</a:double><a:double>0</a:double><a:double>0</a:double></Value></Attribute><Attribute z:Id="i367"><AttributeType>rpy</AttributeType><IsRequired>true</IsRequired><Value i:type="a:ArrayOfdouble" xmlns:a="http://schemas.microsoft.com/2003/10/Serialization/Arrays"><a:double>0</a:double><a:double>0</a:double><a:double>0</a:double></Value></Attribute></Attributes><ChildElements/><ElementName>origin</ElementName><required>false</required><RPYAttribute z:Ref="i367"/><XYZAttribute z:Ref="i366"/><isCustomized>false</isCustomized></URDFElement><URDFElement z:Id="i368" i:type="Geometry"><Attributes/><ChildElements><URDFElement z:Id="i369" i:type="Mesh"><Attributes><Attribute z:Id="i370"><AttributeType>filename</AttributeType><IsRequired>true</IsRequired><Value i:nil="true"/></Attribute></Attributes><ChildElements/><ElementName>mesh</ElementName><required>false</required><FilenameAttribute z:Ref="i370"/></URDFElement></ChildElements><ElementName>geometry</ElementName><required>true</required><Mesh z:Ref="i369"/></URDFElement></ChildElements><ElementName>collision</ElementName><required>false</required><Geometry z:Ref="i368"/><Origin z:Ref="i365"/></URDFElement><URDFElement z:Id="i371" i:type="Joint"><Attributes><Attribute z:Id="i372"><AttributeType>name</AttributeType><IsRequired>true</IsRequired><Value i:type="a:string" xmlns:a="http://www.w3.org/2001/XMLSchema">front_lidar_joint</Value></Attribute><Attribute z:Id="i373"><AttributeType>type</AttributeType><IsRequired>true</IsRequired><Value i:type="a:string" xmlns:a="http://www.w3.org/2001/XMLSchema">fixed</Value></Attribute></Attributes><ChildElements><URDFElement z:Id="i374" i:type="Origin"><Attributes><Attribute z:Id="i375"><AttributeType>xyz</AttributeType><IsRequired>true</IsRequired><Value i:type="a:ArrayOfdouble" xmlns:a="http://schemas.microsoft.com/2003/10/Serialization/Arrays"><a:double>0</a:double><a:double>0</a:double><a:double>0</a:double></Value></Attribute><Attribute z:Id="i376"><AttributeType>rpy</AttributeType><IsRequired>true</IsRequired><Value i:type="a:ArrayOfdouble" xmlns:a="http://schemas.microsoft.com/2003/10/Serialization/Arrays"><a:double>0</a:double><a:double>0</a:double><a:double>0</a:double></Value></Attribute></Attributes><ChildElements/><ElementName>origin</ElementName><required>false</required><RPYAttribute z:Ref="i376"/><XYZAttribute z:Ref="i375"/><isCustomized>false</isCustomized></URDFElement><URDFElement z:Id="i377" i:type="ParentLink"><Attributes><Attribute z:Id="i378"><AttributeType>link</AttributeType><IsRequired>true</IsRequired><Value i:type="a:string" xmlns:a="http://www.w3.org/2001/XMLSchema"/></Attribute></Attributes><ChildElements/><ElementName>parent</ElementName><required>true</required><NameAttribute z:Ref="i378"/></URDFElement><URDFElement z:Id="i379" i:type="ChildLink"><Attributes><Attribute z:Id="i380"><AttributeType>link</AttributeType><IsRequired>true</IsRequired><Value i:type="a:string" xmlns:a="http://www.w3.org/2001/XMLSchema"/></Attribute></Attributes><ChildElements/><ElementName>child</ElementName><required>true</required><NameAttribute z:Ref="i380"/></URDFElement><URDFElement z:Id="i381" i:type="Axis"><Attributes><Attribute z:Id="i382"><AttributeType>xyz</AttributeType><IsRequired>true</IsRequired><Value i:type="a:ArrayOfdouble" xmlns:a="http://schemas.microsoft.com/2003/10/Serialization/Arrays"><a:double>0</a:double><a:double>0</a:double><a:double>0</a:double></Value></Attribute></Attributes><ChildElements/><ElementName>axis</ElementName><required>false</required><XYZAttribute z:Ref="i382"/></URDFElement><URDFElement z:Id="i383" i:type="Limit"><Attributes><Attribute z:Id="i384"><AttributeType>lower</AttributeType><IsRequired>false</IsRequired><Value i:nil="true"/></Attribute><Attribute z:Id="i385"><AttributeType>upper</AttributeType><IsRequired>false</IsRequired><Value i:nil="true"/></Attribute><Attribute z:Id="i386"><AttributeType>effort</AttributeType><IsRequired>true</IsRequired><Value i:nil="true"/></Attribute><Attribute z:Id="i387"><AttributeType>velocity</AttributeType><IsRequired>true</IsRequired><Value i:nil="true"/></Attribute></Attributes><ChildElements/><ElementName>limit</ElementName><required>false</required><EffortAttribute z:Ref="i386"/><LowerAttribute z:Ref="i384"/><UpperAttribute z:Ref="i385"/><VelocityAttribute z:Ref="i387"/></URDFElement><URDFElement z:Id="i388" i:type="Calibration"><Attributes><Attribute z:Id="i389"><AttributeType>rising</AttributeType><IsRequired>false</IsRequired><Value i:nil="true"/></Attribute><Attribute z:Id="i390"><AttributeType>falling</AttributeType><IsRequired>false</IsRequired><Value i:nil="true"/></Attribute></Attributes><ChildElements/><ElementName>calibration</ElementName><required>false</required><FallingAttribute z:Ref="i390"/><RisingAttribute z:Ref="i389"/></URDFElement><URDFElement z:Id="i391" i:type="Dynamics"><Attributes><Attribute z:Id="i392"><AttributeType>damping</AttributeType><IsRequired>false</IsRequired><Value i:nil="true"/></Attribute><Attribute z:Id="i393"><AttributeType>friction</AttributeType><IsRequired>false</IsRequired><Value i:nil="true"/></Attribute></Attributes><ChildElements/><ElementName>dynamics</ElementName><required>false</required><DampingAttribute z:Ref="i392"/><FrictionAttribute z:Ref="i393"/></URDFElement><URDFElement z:Id="i394" i:type="SafetyController"><Attributes><Attribute z:Id="i395"><AttributeType>soft_upper_limit</AttributeType><IsRequired>false</IsRequired><Value i:nil="true"/></Attribute><Attribute z:Id="i396"><AttributeType>soft_lower_limit</AttributeType><IsRequired>false</IsRequired><Value i:nil="true"/></Attribute><Attribute z:Id="i397"><AttributeType>k_position</AttributeType><IsRequired>false</IsRequired><Value i:nil="true"/></Attribute><Attribute z:Id="i398"><AttributeType>k_velocity</AttributeType><IsRequired>true</IsRequired><Value i:nil="true"/></Attribute></Attributes><ChildElements/><ElementName>safety_controller</ElementName><required>false</required><KPositionAttribute z:Ref="i397"/><KVelocityAttribute z:Ref="i398"/><SoftLowerAttribute z:Ref="i396"/><SoftUpperAttribute z:Ref="i395"/></URDFElement><URDFElement z:Id="i399" i:type="Mimic"><Attributes><Attribute z:Id="i400"><AttributeType>joint</AttributeType><IsRequired>true</IsRequired><Value i:nil="true"/></Attribute><Attribute z:Id="i401"><AttributeType>multiplier</AttributeType><IsRequired>false</IsRequired><Value i:nil="true"/></Attribute><Attribute z:Id="i402"><AttributeType>offset</AttributeType><IsRequired>false</IsRequired><Value i:nil="true"/></Attribute></Attributes><ChildElements/><ElementName>mimic</ElementName><required>false</required><JointNameAttribute z:Ref="i400"/><MultiplierAttribute z:Ref="i401"/><OffsetAttribute z:Ref="i402"/></URDFElement></ChildElements><ElementName>joint</ElementName><required>false</required><Axis z:Ref="i381"/><AxisName>lidar axis</AxisName><Calibration z:Ref="i388"/><Child z:Ref="i379"/><CoordinateSystemName>front_lidar</CoordinateSystemName><Dynamics z:Ref="i391"/><Limit z:Ref="i383"/><Mimic z:Ref="i399"/><NameAttribute z:Ref="i372"/><Origin z:Ref="i374"/><Parent z:Ref="i377"/><Safety z:Ref="i394"/><TypeAttribute z:Ref="i373"/></URDFElement></ChildElements><ElementName>link</ElementName><required>true</required><Children/><Collision z:Ref="i364"/><Inertial z:Ref="i338"/><Joint z:Ref="i371"/><NameAttribute z:Ref="i337"/><Parent z:Ref="i1"/><STLQualityFine>false</STLQualityFine><SWComponentPIDs xmlns:a="http://schemas.microsoft.com/2003/10/Serialization/Arrays"><a:base64Binary>UEYAAAUAAAD//v+KcgBvAGIAbwBzAGUAbgBzAGUAIABhAGkAcgB5AC4AcwB0AGUAcAAtADEAQABGAHUAbABsACAAYQBzAHMAZQBtAGIAbAB5AC8AMAAzADUAMABfAF8AXwBfAC0AXwBGAE8AVgAgAF8AMQBfAC4AcwB0AGUAcAAtADEAQAByAG8AYgBvAHMAZQBuAHMAZQAgAGEAaQByAHkALgBzAHQAZQBwAC8AUgBTAC0ARAAxADAAMwAtADAAMAA5ADIALQAwADAAXwBfAF8AXwBfAF8AXwBfAF8AXwBfADEALgBzAHQAZQBwAC0AMQBAADAAMwA1ADAAXwBfAF8AXwAtAF8ARgBPAFYAIABfADEAXwAuAHMAdABlAHAABAAAABAAAAABAAAAAwAAAKURAAAYAAAAHQAAAA==</a:base64Binary></SWComponentPIDs><SWMainComponentPID i:nil="true"/><Visual z:Ref="i351"/><isFixedFrame>false</isFixedFrame><isIncomplete>false</isIncomplete></Link><Link z:Id="i403"><Attributes><Attribute z:Id="i404"><AttributeType>name</AttributeType><IsRequired>true</IsRequired><Value i:type="a:string" xmlns:a="http://www.w3.org/2001/XMLSchema">rear_lidar</Value></Attribute></Attributes><ChildElements><URDFElement z:Id="i405" i:type="Inertial"><Attributes/><ChildElements><URDFElement z:Id="i406" i:type="Origin"><Attributes><Attribute z:Id="i407"><AttributeType>xyz</AttributeType><IsRequired>true</IsRequired><Value i:type="a:ArrayOfdouble" xmlns:a="http://schemas.microsoft.com/2003/10/Serialization/Arrays"><a:double>0</a:double><a:double>0</a:double><a:double>0</a:double></Value></Attribute><Attribute z:Id="i408"><AttributeType>rpy</AttributeType><IsRequired>true</IsRequired><Value i:type="a:ArrayOfdouble" xmlns:a="http://schemas.microsoft.com/2003/10/Serialization/Arrays"><a:double>0</a:double><a:double>0</a:double><a:double>0</a:double></Value></Attribute></Attributes><ChildElements/><ElementName>origin</ElementName><required>false</required><RPYAttribute z:Ref="i408"/><XYZAttribute z:Ref="i407"/><isCustomized>false</isCustomized></URDFElement><URDFElement z:Id="i409" i:type="Mass"><Attributes><Attribute z:Id="i410"><AttributeType>value</AttributeType><IsRequired>true</IsRequired><Value i:type="a:double" xmlns:a="http://www.w3.org/2001/XMLSchema">0</Value></Attribute></Attributes><ChildElements/><ElementName>mass</ElementName><required>false</required><ValueAttribute z:Ref="i410"/></URDFElement><URDFElement z:Id="i411" i:type="Inertia"><Attributes><Attribute z:Id="i412"><AttributeType>ixx</AttributeType><IsRequired>true</IsRequired><Value i:type="a:double" xmlns:a="http://www.w3.org/2001/XMLSchema">0</Value></Attribute><Attribute z:Id="i413"><AttributeType>ixy</AttributeType><IsRequired>true</IsRequired><Value i:type="a:double" xmlns:a="http://www.w3.org/2001/XMLSchema">0</Value></Attribute><Attribute z:Id="i414"><AttributeType>ixz</AttributeType><IsRequired>true</IsRequired><Value i:type="a:double" xmlns:a="http://www.w3.org/2001/XMLSchema">0</Value></Attribute><Attribute z:Id="i415"><AttributeType>iyy</AttributeType><IsRequired>true</IsRequired><Value i:type="a:double" xmlns:a="http://www.w3.org/2001/XMLSchema">0</Value></Attribute><Attribute z:Id="i416"><AttributeType>iyz</AttributeType><IsRequired>true</IsRequired><Value i:type="a:double" xmlns:a="http://www.w3.org/2001/XMLSchema">0</Value></Attribute><Attribute z:Id="i417"><AttributeType>izz</AttributeType><IsRequired>true</IsRequired><Value i:type="a:double" xmlns:a="http://www.w3.org/2001/XMLSchema">0</Value></Attribute></Attributes><ChildElements/><ElementName>inertia</ElementName><required>false</required><IxxAttribute z:Ref="i412"/><IxyAttribute z:Ref="i413"/><IxzAttribute z:Ref="i414"/><IyyAttribute z:Ref="i415"/><IyzAttribute z:Ref="i416"/><IzzAttribute z:Ref="i417"/></URDFElement></ChildElements><ElementName>inertial</ElementName><required>false</required><Inertia z:Ref="i411"/><Mass z:Ref="i409"/><Origin z:Ref="i406"/></URDFElement><URDFElement z:Id="i418" i:type="Visual"><Attributes/><ChildElements><URDFElement z:Id="i419" i:type="Origin"><Attributes><Attribute z:Id="i420"><AttributeType>xyz</AttributeType><IsRequired>true</IsRequired><Value i:type="a:ArrayOfdouble" xmlns:a="http://schemas.microsoft.com/2003/10/Serialization/Arrays"><a:double>0</a:double><a:double>0</a:double><a:double>0</a:double></Value></Attribute><Attribute z:Id="i421"><AttributeType>rpy</AttributeType><IsRequired>true</IsRequired><Value i:type="a:ArrayOfdouble" xmlns:a="http://schemas.microsoft.com/2003/10/Serialization/Arrays"><a:double>0</a:double><a:double>0</a:double><a:double>0</a:double></Value></Attribute></Attributes><ChildElements/><ElementName>origin</ElementName><required>false</required><RPYAttribute z:Ref="i421"/><XYZAttribute z:Ref="i420"/><isCustomized>false</isCustomized></URDFElement><URDFElement z:Id="i422" i:type="Geometry"><Attributes/><ChildElements><URDFElement z:Id="i423" i:type="Mesh"><Attributes><Attribute z:Id="i424"><AttributeType>filename</AttributeType><IsRequired>true</IsRequired><Value i:nil="true"/></Attribute></Attributes><ChildElements/><ElementName>mesh</ElementName><required>false</required><FilenameAttribute z:Ref="i424"/></URDFElement></ChildElements><ElementName>geometry</ElementName><required>true</required><Mesh z:Ref="i423"/></URDFElement><URDFElement z:Id="i425" i:type="Material"><Attributes><Attribute z:Id="i426"><AttributeType>name</AttributeType><IsRequired>true</IsRequired><Value i:type="a:string" xmlns:a="http://www.w3.org/2001/XMLSchema"/></Attribute></Attributes><ChildElements><URDFElement z:Id="i427" i:type="Color"><Attributes><Attribute z:Id="i428"><AttributeType>rgba</AttributeType><IsRequired>true</IsRequired><Value i:type="a:ArrayOfdouble" xmlns:a="http://schemas.microsoft.com/2003/10/Serialization/Arrays"><a:double>1</a:double><a:double>1</a:double><a:double>1</a:double><a:double>1</a:double></Value></Attribute></Attributes><ChildElements/><ElementName>color</ElementName><required>false</required><RGBAAttribute z:Ref="i428"/></URDFElement><URDFElement z:Id="i429" i:type="Texture"><Attributes><Attribute z:Id="i430"><AttributeType>filename</AttributeType><IsRequired>true</IsRequired><Value i:nil="true"/></Attribute></Attributes><ChildElements/><ElementName>texture</ElementName><required>false</required><FilenameAttribute z:Ref="i430"/><wFilename/></URDFElement></ChildElements><ElementName>material</ElementName><required>false</required><Color z:Ref="i427"/><NameAttribute z:Ref="i426"/><Texture z:Ref="i429"/></URDFElement></ChildElements><ElementName>visual</ElementName><required>false</required><Geometry z:Ref="i422"/><Material z:Ref="i425"/><Origin z:Ref="i419"/></URDFElement><URDFElement z:Id="i431" i:type="Collision"><Attributes/><ChildElements><URDFElement z:Id="i432" i:type="Origin"><Attributes><Attribute z:Id="i433"><AttributeType>xyz</AttributeType><IsRequired>true</IsRequired><Value i:type="a:ArrayOfdouble" xmlns:a="http://schemas.microsoft.com/2003/10/Serialization/Arrays"><a:double>0</a:double><a:double>0</a:double><a:double>0</a:double></Value></Attribute><Attribute z:Id="i434"><AttributeType>rpy</AttributeType><IsRequired>true</IsRequired><Value i:type="a:ArrayOfdouble" xmlns:a="http://schemas.microsoft.com/2003/10/Serialization/Arrays"><a:double>0</a:double><a:double>0</a:double><a:double>0</a:double></Value></Attribute></Attributes><ChildElements/><ElementName>origin</ElementName><required>false</required><RPYAttribute z:Ref="i434"/><XYZAttribute z:Ref="i433"/><isCustomized>false</isCustomized></URDFElement><URDFElement z:Id="i435" i:type="Geometry"><Attributes/><ChildElements><URDFElement z:Id="i436" i:type="Mesh"><Attributes><Attribute z:Id="i437"><AttributeType>filename</AttributeType><IsRequired>true</IsRequired><Value i:nil="true"/></Attribute></Attributes><ChildElements/><ElementName>mesh</ElementName><required>false</required><FilenameAttribute z:Ref="i437"/></URDFElement></ChildElements><ElementName>geometry</ElementName><required>true</required><Mesh z:Ref="i436"/></URDFElement></ChildElements><ElementName>collision</ElementName><required>false</required><Geometry z:Ref="i435"/><Origin z:Ref="i432"/></URDFElement><URDFElement z:Id="i438" i:type="Joint"><Attributes><Attribute z:Id="i439"><AttributeType>name</AttributeType><IsRequired>true</IsRequired><Value i:type="a:string" xmlns:a="http://www.w3.org/2001/XMLSchema">rear_lidar_joint</Value></Attribute><Attribute z:Id="i440"><AttributeType>type</AttributeType><IsRequired>true</IsRequired><Value i:type="a:string" xmlns:a="http://www.w3.org/2001/XMLSchema">fixed</Value></Attribute></Attributes><ChildElements><URDFElement z:Id="i441" i:type="Origin"><Attributes><Attribute z:Id="i442"><AttributeType>xyz</AttributeType><IsRequired>true</IsRequired><Value i:type="a:ArrayOfdouble" xmlns:a="http://schemas.microsoft.com/2003/10/Serialization/Arrays"><a:double>0</a:double><a:double>0</a:double><a:double>0</a:double></Value></Attribute><Attribute z:Id="i443"><AttributeType>rpy</AttributeType><IsRequired>true</IsRequired><Value i:type="a:ArrayOfdouble" xmlns:a="http://schemas.microsoft.com/2003/10/Serialization/Arrays"><a:double>0</a:double><a:double>0</a:double><a:double>0</a:double></Value></Attribute></Attributes><ChildElements/><ElementName>origin</ElementName><required>false</required><RPYAttribute z:Ref="i443"/><XYZAttribute z:Ref="i442"/><isCustomized>false</isCustomized></URDFElement><URDFElement z:Id="i444" i:type="ParentLink"><Attributes><Attribute z:Id="i445"><AttributeType>link</AttributeType><IsRequired>true</IsRequired><Value i:type="a:string" xmlns:a="http://www.w3.org/2001/XMLSchema"/></Attribute></Attributes><ChildElements/><ElementName>parent</ElementName><required>true</required><NameAttribute z:Ref="i445"/></URDFElement><URDFElement z:Id="i446" i:type="ChildLink"><Attributes><Attribute z:Id="i447"><AttributeType>link</AttributeType><IsRequired>true</IsRequired><Value i:type="a:string" xmlns:a="http://www.w3.org/2001/XMLSchema"/></Attribute></Attributes><ChildElements/><ElementName>child</ElementName><required>true</required><NameAttribute z:Ref="i447"/></URDFElement><URDFElement z:Id="i448" i:type="Axis"><Attributes><Attribute z:Id="i449"><AttributeType>xyz</AttributeType><IsRequired>true</IsRequired><Value i:type="a:ArrayOfdouble" xmlns:a="http://schemas.microsoft.com/2003/10/Serialization/Arrays"><a:double>0</a:double><a:double>0</a:double><a:double>0</a:double></Value></Attribute></Attributes><ChildElements/><ElementName>axis</ElementName><required>false</required><XYZAttribute z:Ref="i449"/></URDFElement><URDFElement z:Id="i450" i:type="Limit"><Attributes><Attribute z:Id="i451"><AttributeType>lower</AttributeType><IsRequired>false</IsRequired><Value i:nil="true"/></Attribute><Attribute z:Id="i452"><AttributeType>upper</AttributeType><IsRequired>false</IsRequired><Value i:nil="true"/></Attribute><Attribute z:Id="i453"><AttributeType>effort</AttributeType><IsRequired>true</IsRequired><Value i:nil="true"/></Attribute><Attribute z:Id="i454"><AttributeType>velocity</AttributeType><IsRequired>true</IsRequired><Value i:nil="true"/></Attribute></Attributes><ChildElements/><ElementName>limit</ElementName><required>false</required><EffortAttribute z:Ref="i453"/><LowerAttribute z:Ref="i451"/><UpperAttribute z:Ref="i452"/><VelocityAttribute z:Ref="i454"/></URDFElement><URDFElement z:Id="i455" i:type="Calibration"><Attributes><Attribute z:Id="i456"><AttributeType>rising</AttributeType><IsRequired>false</IsRequired><Value i:nil="true"/></Attribute><Attribute z:Id="i457"><AttributeType>falling</AttributeType><IsRequired>false</IsRequired><Value i:nil="true"/></Attribute></Attributes><ChildElements/><ElementName>calibration</ElementName><required>false</required><FallingAttribute z:Ref="i457"/><RisingAttribute z:Ref="i456"/></URDFElement><URDFElement z:Id="i458" i:type="Dynamics"><Attributes><Attribute z:Id="i459"><AttributeType>damping</AttributeType><IsRequired>false</IsRequired><Value i:nil="true"/></Attribute><Attribute z:Id="i460"><AttributeType>friction</AttributeType><IsRequired>false</IsRequired><Value i:nil="true"/></Attribute></Attributes><ChildElements/><ElementName>dynamics</ElementName><required>false</required><DampingAttribute z:Ref="i459"/><FrictionAttribute z:Ref="i460"/></URDFElement><URDFElement z:Id="i461" i:type="SafetyController"><Attributes><Attribute z:Id="i462"><AttributeType>soft_upper_limit</AttributeType><IsRequired>false</IsRequired><Value i:nil="true"/></Attribute><Attribute z:Id="i463"><AttributeType>soft_lower_limit</AttributeType><IsRequired>false</IsRequired><Value i:nil="true"/></Attribute><Attribute z:Id="i464"><AttributeType>k_position</AttributeType><IsRequired>false</IsRequired><Value i:nil="true"/></Attribute><Attribute z:Id="i465"><AttributeType>k_velocity</AttributeType><IsRequired>true</IsRequired><Value i:nil="true"/></Attribute></Attributes><ChildElements/><ElementName>safety_controller</ElementName><required>false</required><KPositionAttribute z:Ref="i464"/><KVelocityAttribute z:Ref="i465"/><SoftLowerAttribute z:Ref="i463"/><SoftUpperAttribute z:Ref="i462"/></URDFElement><URDFElement z:Id="i466" i:type="Mimic"><Attributes><Attribute z:Id="i467"><AttributeType>joint</AttributeType><IsRequired>true</IsRequired><Value i:nil="true"/></Attribute><Attribute z:Id="i468"><AttributeType>multiplier</AttributeType><IsRequired>false</IsRequired><Value i:nil="true"/></Attribute><Attribute z:Id="i469"><AttributeType>offset</AttributeType><IsRequired>false</IsRequired><Value i:nil="true"/></Attribute></Attributes><ChildElements/><ElementName>mimic</ElementName><required>false</required><JointNameAttribute z:Ref="i467"/><MultiplierAttribute z:Ref="i468"/><OffsetAttribute z:Ref="i469"/></URDFElement></ChildElements><ElementName>joint</ElementName><required>false</required><Axis z:Ref="i448"/><AxisName>None</AxisName><Calibration z:Ref="i455"/><Child z:Ref="i446"/><CoordinateSystemName>rear_lidar</CoordinateSystemName><Dynamics z:Ref="i458"/><Limit z:Ref="i450"/><Mimic z:Ref="i466"/><NameAttribute z:Ref="i439"/><Origin z:Ref="i441"/><Parent z:Ref="i444"/><Safety z:Ref="i461"/><TypeAttribute z:Ref="i440"/></URDFElement></ChildElements><ElementName>link</ElementName><required>true</required><Children/><Collision z:Ref="i431"/><Inertial z:Ref="i405"/><Joint z:Ref="i438"/><NameAttribute z:Ref="i404"/><Parent z:Ref="i1"/><STLQualityFine>false</STLQualityFine><SWComponentPIDs xmlns:a="http://schemas.microsoft.com/2003/10/Serialization/Arrays"><a:base64Binary>UEYAAAUAAAD//v8jWQBEAEwAaQBEAEEAUgAgAFQALQBtAGkAbgBpACAAUABsAHUAcwAtADMAQABGAHUAbABsACAAYQBzAHMAZQBtAGIAbAB5AAQAAAAQAAAAAQAAAAEAAACTAwAA</a:base64Binary></SWComponentPIDs><SWMainComponentPID i:nil="true"/><Visual z:Ref="i418"/><isFixedFrame>false</isFixedFrame><isIncomplete>false</isIncomplete></Link><Link z:Id="i470"><Attributes><Attribute z:Id="i471"><AttributeType>name</AttributeType><IsRequired>true</IsRequired><Value i:type="a:string" xmlns:a="http://www.w3.org/2001/XMLSchema">camera</Value></Attribute></Attributes><ChildElements><URDFElement z:Id="i472" i:type="Inertial"><Attributes/><ChildElements><URDFElement z:Id="i473" i:type="Origin"><Attributes><Attribute z:Id="i474"><AttributeType>xyz</AttributeType><IsRequired>true</IsRequired><Value i:type="a:ArrayOfdouble" xmlns:a="http://schemas.microsoft.com/2003/10/Serialization/Arrays"><a:double>0</a:double><a:double>0</a:double><a:double>0</a:double></Value></Attribute><Attribute z:Id="i475"><AttributeType>rpy</AttributeType><IsRequired>true</IsRequired><Value i:type="a:ArrayOfdouble" xmlns:a="http://schemas.microsoft.com/2003/10/Serialization/Arrays"><a:double>0</a:double><a:double>0</a:double><a:double>0</a:double></Value></Attribute></Attributes><ChildElements/><ElementName>origin</ElementName><required>false</required><RPYAttribute z:Ref="i475"/><XYZAttribute z:Ref="i474"/><isCustomized>false</isCustomized></URDFElement><URDFElement z:Id="i476" i:type="Mass"><Attributes><Attribute z:Id="i477"><AttributeType>value</AttributeType><IsRequired>true</IsRequired><Value i:type="a:double" xmlns:a="http://www.w3.org/2001/XMLSchema">0</Value></Attribute></Attributes><ChildElements/><ElementName>mass</ElementName><required>false</required><ValueAttribute z:Ref="i477"/></URDFElement><URDFElement z:Id="i478" i:type="Inertia"><Attributes><Attribute z:Id="i479"><AttributeType>ixx</AttributeType><IsRequired>true</IsRequired><Value i:type="a:double" xmlns:a="http://www.w3.org/2001/XMLSchema">0</Value></Attribute><Attribute z:Id="i480"><AttributeType>ixy</AttributeType><IsRequired>true</IsRequired><Value i:type="a:double" xmlns:a="http://www.w3.org/2001/XMLSchema">0</Value></Attribute><Attribute z:Id="i481"><AttributeType>ixz</AttributeType><IsRequired>true</IsRequired><Value i:type="a:double" xmlns:a="http://www.w3.org/2001/XMLSchema">0</Value></Attribute><Attribute z:Id="i482"><AttributeType>iyy</AttributeType><IsRequired>true</IsRequired><Value i:type="a:double" xmlns:a="http://www.w3.org/2001/XMLSchema">0</Value></Attribute><Attribute z:Id="i483"><AttributeType>iyz</AttributeType><IsRequired>true</IsRequired><Value i:type="a:double" xmlns:a="http://www.w3.org/2001/XMLSchema">0</Value></Attribute><Attribute z:Id="i484"><AttributeType>izz</AttributeType><IsRequired>true</IsRequired><Value i:type="a:double" xmlns:a="http://www.w3.org/2001/XMLSchema">0</Value></Attribute></Attributes><ChildElements/><ElementName>inertia</ElementName><required>false</required><IxxAttribute z:Ref="i479"/><IxyAttribute z:Ref="i480"/><IxzAttribute z:Ref="i481"/><IyyAttribute z:Ref="i482"/><IyzAttribute z:Ref="i483"/><IzzAttribute z:Ref="i484"/></URDFElement></ChildElements><ElementName>inertial</ElementName><required>false</required><Inertia z:Ref="i478"/><Mass z:Ref="i476"/><Origin z:Ref="i473"/></URDFElement><URDFElement z:Id="i485" i:type="Visual"><Attributes/><ChildElements><URDFElement z:Id="i486" i:type="Origin"><Attributes><Attribute z:Id="i487"><AttributeType>xyz</AttributeType><IsRequired>true</IsRequired><Value i:type="a:ArrayOfdouble" xmlns:a="http://schemas.microsoft.com/2003/10/Serialization/Arrays"><a:double>0</a:double><a:double>0</a:double><a:double>0</a:double></Value></Attribute><Attribute z:Id="i488"><AttributeType>rpy</AttributeType><IsRequired>true</IsRequired><Value i:type="a:ArrayOfdouble" xmlns:a="http://schemas.microsoft.com/2003/10/Serialization/Arrays"><a:double>0</a:double><a:double>0</a:double><a:double>0</a:double></Value></Attribute></Attributes><ChildElements/><ElementName>origin</ElementName><required>false</required><RPYAttribute z:Ref="i488"/><XYZAttribute z:Ref="i487"/><isCustomized>false</isCustomized></URDFElement><URDFElement z:Id="i489" i:type="Geometry"><Attributes/><ChildElements><URDFElement z:Id="i490" i:type="Mesh"><Attributes><Attribute z:Id="i491"><AttributeType>filename</AttributeType><IsRequired>true</IsRequired><Value i:nil="true"/></Attribute></Attributes><ChildElements/><ElementName>mesh</ElementName><required>false</required><FilenameAttribute z:Ref="i491"/></URDFElement></ChildElements><ElementName>geometry</ElementName><required>true</required><Mesh z:Ref="i490"/></URDFElement><URDFElement z:Id="i492" i:type="Material"><Attributes><Attribute z:Id="i493"><AttributeType>name</AttributeType><IsRequired>true</IsRequired><Value i:type="a:string" xmlns:a="http://www.w3.org/2001/XMLSchema"/></Attribute></Attributes><ChildElements><URDFElement z:Id="i494" i:type="Color"><Attributes><Attribute z:Id="i495"><AttributeType>rgba</AttributeType><IsRequired>true</IsRequired><Value i:type="a:ArrayOfdouble" xmlns:a="http://schemas.microsoft.com/2003/10/Serialization/Arrays"><a:double>1</a:double><a:double>1</a:double><a:double>1</a:double><a:double>1</a:double></Value></Attribute></Attributes><ChildElements/><ElementName>color</ElementName><required>false</required><RGBAAttribute z:Ref="i495"/></URDFElement><URDFElement z:Id="i496" i:type="Texture"><Attributes><Attribute z:Id="i497"><AttributeType>filename</AttributeType><IsRequired>true</IsRequired><Value i:nil="true"/></Attribute></Attributes><ChildElements/><ElementName>texture</ElementName><required>false</required><FilenameAttribute z:Ref="i497"/><wFilename/></URDFElement></ChildElements><ElementName>material</ElementName><required>false</required><Color z:Ref="i494"/><NameAttribute z:Ref="i493"/><Texture z:Ref="i496"/></URDFElement></ChildElements><ElementName>visual</ElementName><required>false</required><Geometry z:Ref="i489"/><Material z:Ref="i492"/><Origin z:Ref="i486"/></URDFElement><URDFElement z:Id="i498" i:type="Collision"><Attributes/><ChildElements><URDFElement z:Id="i499" i:type="Origin"><Attributes><Attribute z:Id="i500"><AttributeType>xyz</AttributeType><IsRequired>true</IsRequired><Value i:type="a:ArrayOfdouble" xmlns:a="http://schemas.microsoft.com/2003/10/Serialization/Arrays"><a:double>0</a:double><a:double>0</a:double><a:double>0</a:double></Value></Attribute><Attribute z:Id="i501"><AttributeType>rpy</AttributeType><IsRequired>true</IsRequired><Value i:type="a:ArrayOfdouble" xmlns:a="http://schemas.microsoft.com/2003/10/Serialization/Arrays"><a:double>0</a:double><a:double>0</a:double><a:double>0</a:double></Value></Attribute></Attributes><ChildElements/><ElementName>origin</ElementName><required>false</required><RPYAttribute z:Ref="i501"/><XYZAttribute z:Ref="i500"/><isCustomized>false</isCustomized></URDFElement><URDFElement z:Id="i502" i:type="Geometry"><Attributes/><ChildElements><URDFElement z:Id="i503" i:type="Mesh"><Attributes><Attribute z:Id="i504"><AttributeType>filename</AttributeType><IsRequired>true</IsRequired><Value i:nil="true"/></Attribute></Attributes><ChildElements/><ElementName>mesh</ElementName><required>false</required><FilenameAttribute z:Ref="i504"/></URDFElement></ChildElements><ElementName>geometry</ElementName><required>true</required><Mesh z:Ref="i503"/></URDFElement></ChildElements><ElementName>collision</ElementName><required>false</required><Geometry z:Ref="i502"/><Origin z:Ref="i499"/></URDFElement><URDFElement z:Id="i505" i:type="Joint"><Attributes><Attribute z:Id="i506"><AttributeType>name</AttributeType><IsRequired>true</IsRequired><Value i:type="a:string" xmlns:a="http://www.w3.org/2001/XMLSchema">camera_joint</Value></Attribute><Attribute z:Id="i507"><AttributeType>type</AttributeType><IsRequired>true</IsRequired><Value i:type="a:string" xmlns:a="http://www.w3.org/2001/XMLSchema">fixed</Value></Attribute></Attributes><ChildElements><URDFElement z:Id="i508" i:type="Origin"><Attributes><Attribute z:Id="i509"><AttributeType>xyz</AttributeType><IsRequired>true</IsRequired><Value i:type="a:ArrayOfdouble" xmlns:a="http://schemas.microsoft.com/2003/10/Serialization/Arrays"><a:double>0</a:double><a:double>0</a:double><a:double>0</a:double></Value></Attribute><Attribute z:Id="i510"><AttributeType>rpy</AttributeType><IsRequired>true</IsRequired><Value i:type="a:ArrayOfdouble" xmlns:a="http://schemas.microsoft.com/2003/10/Serialization/Arrays"><a:double>0</a:double><a:double>0</a:double><a:double>0</a:double></Value></Attribute></Attributes><ChildElements/><ElementName>origin</ElementName><required>false</required><RPYAttribute z:Ref="i510"/><XYZAttribute z:Ref="i509"/><isCustomized>false</isCustomized></URDFElement><URDFElement z:Id="i511" i:type="ParentLink"><Attributes><Attribute z:Id="i512"><AttributeType>link</AttributeType><IsRequired>true</IsRequired><Value i:type="a:string" xmlns:a="http://www.w3.org/2001/XMLSchema"/></Attribute></Attributes><ChildElements/><ElementName>parent</ElementName><required>true</required><NameAttribute z:Ref="i512"/></URDFElement><URDFElement z:Id="i513" i:type="ChildLink"><Attributes><Attribute z:Id="i514"><AttributeType>link</AttributeType><IsRequired>true</IsRequired><Value i:type="a:string" xmlns:a="http://www.w3.org/2001/XMLSchema"/></Attribute></Attributes><ChildElements/><ElementName>child</ElementName><required>true</required><NameAttribute z:Ref="i514"/></URDFElement><URDFElement z:Id="i515" i:type="Axis"><Attributes><Attribute z:Id="i516"><AttributeType>xyz</AttributeType><IsRequired>true</IsRequired><Value i:type="a:ArrayOfdouble" xmlns:a="http://schemas.microsoft.com/2003/10/Serialization/Arrays"><a:double>0</a:double><a:double>0</a:double><a:double>0</a:double></Value></Attribute></Attributes><ChildElements/><ElementName>axis</ElementName><required>false</required><XYZAttribute z:Ref="i516"/></URDFElement><URDFElement z:Id="i517" i:type="Limit"><Attributes><Attribute z:Id="i518"><AttributeType>lower</AttributeType><IsRequired>false</IsRequired><Value i:nil="true"/></Attribute><Attribute z:Id="i519"><AttributeType>upper</AttributeType><IsRequired>false</IsRequired><Value i:nil="true"/></Attribute><Attribute z:Id="i520"><AttributeType>effort</AttributeType><IsRequired>true</IsRequired><Value i:nil="true"/></Attribute><Attribute z:Id="i521"><AttributeType>velocity</AttributeType><IsRequired>true</IsRequired><Value i:nil="true"/></Attribute></Attributes><ChildElements/><ElementName>limit</ElementName><required>false</required><EffortAttribute z:Ref="i520"/><LowerAttribute z:Ref="i518"/><UpperAttribute z:Ref="i519"/><VelocityAttribute z:Ref="i521"/></URDFElement><URDFElement z:Id="i522" i:type="Calibration"><Attributes><Attribute z:Id="i523"><AttributeType>rising</AttributeType><IsRequired>false</IsRequired><Value i:nil="true"/></Attribute><Attribute z:Id="i524"><AttributeType>falling</AttributeType><IsRequired>false</IsRequired><Value i:nil="true"/></Attribute></Attributes><ChildElements/><ElementName>calibration</ElementName><required>false</required><FallingAttribute z:Ref="i524"/><RisingAttribute z:Ref="i523"/></URDFElement><URDFElement z:Id="i525" i:type="Dynamics"><Attributes><Attribute z:Id="i526"><AttributeType>damping</AttributeType><IsRequired>false</IsRequired><Value i:nil="true"/></Attribute><Attribute z:Id="i527"><AttributeType>friction</AttributeType><IsRequired>false</IsRequired><Value i:nil="true"/></Attribute></Attributes><ChildElements/><ElementName>dynamics</ElementName><required>false</required><DampingAttribute z:Ref="i526"/><FrictionAttribute z:Ref="i527"/></URDFElement><URDFElement z:Id="i528" i:type="SafetyController"><Attributes><Attribute z:Id="i529"><AttributeType>soft_upper_limit</AttributeType><IsRequired>false</IsRequired><Value i:nil="true"/></Attribute><Attribute z:Id="i530"><AttributeType>soft_lower_limit</AttributeType><IsRequired>false</IsRequired><Value i:nil="true"/></Attribute><Attribute z:Id="i531"><AttributeType>k_position</AttributeType><IsRequired>false</IsRequired><Value i:nil="true"/></Attribute><Attribute z:Id="i532"><AttributeType>k_velocity</AttributeType><IsRequired>true</IsRequired><Value i:nil="true"/></Attribute></Attributes><ChildElements/><ElementName>safety_controller</ElementName><required>false</required><KPositionAttribute z:Ref="i531"/><KVelocityAttribute z:Ref="i532"/><SoftLowerAttribute z:Ref="i530"/><SoftUpperAttribute z:Ref="i529"/></URDFElement><URDFElement z:Id="i533" i:type="Mimic"><Attributes><Attribute z:Id="i534"><AttributeType>joint</AttributeType><IsRequired>true</IsRequired><Value i:nil="true"/></Attribute><Attribute z:Id="i535"><AttributeType>multiplier</AttributeType><IsRequired>false</IsRequired><Value i:nil="true"/></Attribute><Attribute z:Id="i536"><AttributeType>offset</AttributeType><IsRequired>false</IsRequired><Value i:nil="true"/></Attribute></Attributes><ChildElements/><ElementName>mimic</ElementName><required>false</required><JointNameAttribute z:Ref="i534"/><MultiplierAttribute z:Ref="i535"/><OffsetAttribute z:Ref="i536"/></URDFElement></ChildElements><ElementName>joint</ElementName><required>false</required><Axis z:Ref="i515"/><AxisName>None</AxisName><Calibration z:Ref="i522"/><Child z:Ref="i513"/><CoordinateSystemName>realsense_camera</CoordinateSystemName><Dynamics z:Ref="i525"/><Limit z:Ref="i517"/><Mimic z:Ref="i533"/><NameAttribute z:Ref="i506"/><Origin z:Ref="i508"/><Parent z:Ref="i511"/><Safety z:Ref="i528"/><TypeAttribute z:Ref="i507"/></URDFElement></ChildElements><ElementName>link</ElementName><required>true</required><Children/><Collision z:Ref="i498"/><Inertial z:Ref="i472"/><Joint z:Ref="i505"/><NameAttribute z:Ref="i471"/><Parent z:Ref="i1"/><STLQualityFine>false</STLQualityFine><SWComponentPIDs xmlns:a="http://schemas.microsoft.com/2003/10/Serialization/Arrays"><a:base64Binary>UEYAAAUAAAD//v8kRAA0ADMANQBJAEYAIAB3AGkAdABoAG8AdQB0ACAAYwBvAHYAZQByAC0AMgBAAEYAdQBsAGwAIABhAHMAcwBlAG0AYgBsAHkABAAAABAAAAABAAAAAQAAAM8RAAA=</a:base64Binary></SWComponentPIDs><SWMainComponentPID i:nil="true"/><Visual z:Ref="i485"/><isFixedFrame>false</isFixedFrame><isIncomplete>false</isIncomplete></Link><Link z:Id="i537"><Attributes><Attribute z:Id="i538"><AttributeType>name</AttributeType><IsRequired>true</IsRequired><Value i:type="a:string" xmlns:a="http://www.w3.org/2001/XMLSchema">imu</Value></Attribute></Attributes><ChildElements><URDFElement z:Id="i539" i:type="Inertial"><Attributes/><ChildElements><URDFElement z:Id="i540" i:type="Origin"><Attributes><Attribute z:Id="i541"><AttributeType>xyz</AttributeType><IsRequired>true</IsRequired><Value i:type="a:ArrayOfdouble" xmlns:a="http://schemas.microsoft.com/2003/10/Serialization/Arrays"><a:double>0</a:double><a:double>0</a:double><a:double>0</a:double></Value></Attribute><Attribute z:Id="i542"><AttributeType>rpy</AttributeType><IsRequired>true</IsRequired><Value i:type="a:ArrayOfdouble" xmlns:a="http://schemas.microsoft.com/2003/10/Serialization/Arrays"><a:double>0</a:double><a:double>0</a:double><a:double>0</a:double></Value></Attribute></Attributes><ChildElements/><ElementName>origin</ElementName><required>false</required><RPYAttribute z:Ref="i542"/><XYZAttribute z:Ref="i541"/><isCustomized>false</isCustomized></URDFElement><URDFElement z:Id="i543" i:type="Mass"><Attributes><Attribute z:Id="i544"><AttributeType>value</AttributeType><IsRequired>true</IsRequired><Value i:type="a:double" xmlns:a="http://www.w3.org/2001/XMLSchema">0</Value></Attribute></Attributes><ChildElements/><ElementName>mass</ElementName><required>false</required><ValueAttribute z:Ref="i544"/></URDFElement><URDFElement z:Id="i545" i:type="Inertia"><Attributes><Attribute z:Id="i546"><AttributeType>ixx</AttributeType><IsRequired>true</IsRequired><Value i:type="a:double" xmlns:a="http://www.w3.org/2001/XMLSchema">0</Value></Attribute><Attribute z:Id="i547"><AttributeType>ixy</AttributeType><IsRequired>true</IsRequired><Value i:type="a:double" xmlns:a="http://www.w3.org/2001/XMLSchema">0</Value></Attribute><Attribute z:Id="i548"><AttributeType>ixz</AttributeType><IsRequired>true</IsRequired><Value i:type="a:double" xmlns:a="http://www.w3.org/2001/XMLSchema">0</Value></Attribute><Attribute z:Id="i549"><AttributeType>iyy</AttributeType><IsRequired>true</IsRequired><Value i:type="a:double" xmlns:a="http://www.w3.org/2001/XMLSchema">0</Value></Attribute><Attribute z:Id="i550"><AttributeType>iyz</AttributeType><IsRequired>true</IsRequired><Value i:type="a:double" xmlns:a="http://www.w3.org/2001/XMLSchema">0</Value></Attribute><Attribute z:Id="i551"><AttributeType>izz</AttributeType><IsRequired>true</IsRequired><Value i:type="a:double" xmlns:a="http://www.w3.org/2001/XMLSchema">0</Value></Attribute></Attributes><ChildElements/><ElementName>inertia</ElementName><required>false</required><IxxAttribute z:Ref="i546"/><IxyAttribute z:Ref="i547"/><IxzAttribute z:Ref="i548"/><IyyAttribute z:Ref="i549"/><IyzAttribute z:Ref="i550"/><IzzAttribute z:Ref="i551"/></URDFElement></ChildElements><ElementName>inertial</ElementName><required>false</required><Inertia z:Ref="i545"/><Mass z:Ref="i543"/><Origin z:Ref="i540"/></URDFElement><URDFElement z:Id="i552" i:type="Visual"><Attributes/><ChildElements><URDFElement z:Id="i553" i:type="Origin"><Attributes><Attribute z:Id="i554"><AttributeType>xyz</AttributeType><IsRequired>true</IsRequired><Value i:type="a:ArrayOfdouble" xmlns:a="http://schemas.microsoft.com/2003/10/Serialization/Arrays"><a:double>0</a:double><a:double>0</a:double><a:double>0</a:double></Value></Attribute><Attribute z:Id="i555"><AttributeType>rpy</AttributeType><IsRequired>true</IsRequired><Value i:type="a:ArrayOfdouble" xmlns:a="http://schemas.microsoft.com/2003/10/Serialization/Arrays"><a:double>0</a:double><a:double>0</a:double><a:double>0</a:double></Value></Attribute></Attributes><ChildElements/><ElementName>origin</ElementName><required>false</required><RPYAttribute z:Ref="i555"/><XYZAttribute z:Ref="i554"/><isCustomized>false</isCustomized></URDFElement><URDFElement z:Id="i556" i:type="Geometry"><Attributes/><ChildElements><URDFElement z:Id="i557" i:type="Mesh"><Attributes><Attribute z:Id="i558"><AttributeType>filename</AttributeType><IsRequired>true</IsRequired><Value i:nil="true"/></Attribute></Attributes><ChildElements/><ElementName>mesh</ElementName><required>false</required><FilenameAttribute z:Ref="i558"/></URDFElement></ChildElements><ElementName>geometry</ElementName><required>true</required><Mesh z:Ref="i557"/></URDFElement><URDFElement z:Id="i559" i:type="Material"><Attributes><Attribute z:Id="i560"><AttributeType>name</AttributeType><IsRequired>true</IsRequired><Value i:type="a:string" xmlns:a="http://www.w3.org/2001/XMLSchema"/></Attribute></Attributes><ChildElements><URDFElement z:Id="i561" i:type="Color"><Attributes><Attribute z:Id="i562"><AttributeType>rgba</AttributeType><IsRequired>true</IsRequired><Value i:type="a:ArrayOfdouble" xmlns:a="http://schemas.microsoft.com/2003/10/Serialization/Arrays"><a:double>1</a:double><a:double>1</a:double><a:double>1</a:double><a:double>1</a:double></Value></Attribute></Attributes><ChildElements/><ElementName>color</ElementName><required>false</required><RGBAAttribute z:Ref="i562"/></URDFElement><URDFElement z:Id="i563" i:type="Texture"><Attributes><Attribute z:Id="i564"><AttributeType>filename</AttributeType><IsRequired>true</IsRequired><Value i:nil="true"/></Attribute></Attributes><ChildElements/><ElementName>texture</ElementName><required>false</required><FilenameAttribute z:Ref="i564"/><wFilename/></URDFElement></ChildElements><ElementName>material</ElementName><required>false</required><Color z:Ref="i561"/><NameAttribute z:Ref="i560"/><Texture z:Ref="i563"/></URDFElement></ChildElements><ElementName>visual</ElementName><required>false</required><Geometry z:Ref="i556"/><Material z:Ref="i559"/><Origin z:Ref="i553"/></URDFElement><URDFElement z:Id="i565" i:type="Collision"><Attributes/><ChildElements><URDFElement z:Id="i566" i:type="Origin"><Attributes><Attribute z:Id="i567"><AttributeType>xyz</AttributeType><IsRequired>true</IsRequired><Value i:type="a:ArrayOfdouble" xmlns:a="http://schemas.microsoft.com/2003/10/Serialization/Arrays"><a:double>0</a:double><a:double>0</a:double><a:double>0</a:double></Value></Attribute><Attribute z:Id="i568"><AttributeType>rpy</AttributeType><IsRequired>true</IsRequired><Value i:type="a:ArrayOfdouble" xmlns:a="http://schemas.microsoft.com/2003/10/Serialization/Arrays"><a:double>0</a:double><a:double>0</a:double><a:double>0</a:double></Value></Attribute></Attributes><ChildElements/><ElementName>origin</ElementName><required>false</required><RPYAttribute z:Ref="i568"/><XYZAttribute z:Ref="i567"/><isCustomized>false</isCustomized></URDFElement><URDFElement z:Id="i569" i:type="Geometry"><Attributes/><ChildElements><URDFElement z:Id="i570" i:type="Mesh"><Attributes><Attribute z:Id="i571"><AttributeType>filename</AttributeType><IsRequired>true</IsRequired><Value i:nil="true"/></Attribute></Attributes><ChildElements/><ElementName>mesh</ElementName><required>false</required><FilenameAttribute z:Ref="i571"/></URDFElement></ChildElements><ElementName>geometry</ElementName><required>true</required><Mesh z:Ref="i570"/></URDFElement></ChildElements><ElementName>collision</ElementName><required>false</required><Geometry z:Ref="i569"/><Origin z:Ref="i566"/></URDFElement><URDFElement z:Id="i572" i:type="Joint"><Attributes><Attribute z:Id="i573"><AttributeType>name</AttributeType><IsRequired>true</IsRequired><Value i:type="a:string" xmlns:a="http://www.w3.org/2001/XMLSchema">imu_joint</Value></Attribute><Attribute z:Id="i574"><AttributeType>type</AttributeType><IsRequired>true</IsRequired><Value i:type="a:string" xmlns:a="http://www.w3.org/2001/XMLSchema">Automatically Detect</Value></Attribute></Attributes><ChildElements><URDFElement z:Id="i575" i:type="Origin"><Attributes><Attribute z:Id="i576"><AttributeType>xyz</AttributeType><IsRequired>true</IsRequired><Value i:type="a:ArrayOfdouble" xmlns:a="http://schemas.microsoft.com/2003/10/Serialization/Arrays"><a:double>0</a:double><a:double>0</a:double><a:double>0</a:double></Value></Attribute><Attribute z:Id="i577"><AttributeType>rpy</AttributeType><IsRequired>true</IsRequired><Value i:type="a:ArrayOfdouble" xmlns:a="http://schemas.microsoft.com/2003/10/Serialization/Arrays"><a:double>0</a:double><a:double>0</a:double><a:double>0</a:double></Value></Attribute></Attributes><ChildElements/><ElementName>origin</ElementName><required>false</required><RPYAttribute z:Ref="i577"/><XYZAttribute z:Ref="i576"/><isCustomized>false</isCustomized></URDFElement><URDFElement z:Id="i578" i:type="ParentLink"><Attributes><Attribute z:Id="i579"><AttributeType>link</AttributeType><IsRequired>true</IsRequired><Value i:type="a:string" xmlns:a="http://www.w3.org/2001/XMLSchema"/></Attribute></Attributes><ChildElements/><ElementName>parent</ElementName><required>true</required><NameAttribute z:Ref="i579"/></URDFElement><URDFElement z:Id="i580" i:type="ChildLink"><Attributes><Attribute z:Id="i581"><AttributeType>link</AttributeType><IsRequired>true</IsRequired><Value i:type="a:string" xmlns:a="http://www.w3.org/2001/XMLSchema"/></Attribute></Attributes><ChildElements/><ElementName>child</ElementName><required>true</required><NameAttribute z:Ref="i581"/></URDFElement><URDFElement z:Id="i582" i:type="Axis"><Attributes><Attribute z:Id="i583"><AttributeType>xyz</AttributeType><IsRequired>true</IsRequired><Value i:type="a:ArrayOfdouble" xmlns:a="http://schemas.microsoft.com/2003/10/Serialization/Arrays"><a:double>0</a:double><a:double>0</a:double><a:double>0</a:double></Value></Attribute></Attributes><ChildElements/><ElementName>axis</ElementName><required>false</required><XYZAttribute z:Ref="i583"/></URDFElement><URDFElement z:Id="i584" i:type="Limit"><Attributes><Attribute z:Id="i585"><AttributeType>lower</AttributeType><IsRequired>false</IsRequired><Value i:nil="true"/></Attribute><Attribute z:Id="i586"><AttributeType>upper</AttributeType><IsRequired>false</IsRequired><Value i:nil="true"/></Attribute><Attribute z:Id="i587"><AttributeType>effort</AttributeType><IsRequired>true</IsRequired><Value i:nil="true"/></Attribute><Attribute z:Id="i588"><AttributeType>velocity</AttributeType><IsRequired>true</IsRequired><Value i:nil="true"/></Attribute></Attributes><ChildElements/><ElementName>limit</ElementName><required>false</required><EffortAttribute z:Ref="i587"/><LowerAttribute z:Ref="i585"/><UpperAttribute z:Ref="i586"/><VelocityAttribute z:Ref="i588"/></URDFElement><URDFElement z:Id="i589" i:type="Calibration"><Attributes><Attribute z:Id="i590"><AttributeType>rising</AttributeType><IsRequired>false</IsRequired><Value i:nil="true"/></Attribute><Attribute z:Id="i591"><AttributeType>falling</AttributeType><IsRequired>false</IsRequired><Value i:nil="true"/></Attribute></Attributes><ChildElements/><ElementName>calibration</ElementName><required>false</required><FallingAttribute z:Ref="i591"/><RisingAttribute z:Ref="i590"/></URDFElement><URDFElement z:Id="i592" i:type="Dynamics"><Attributes><Attribute z:Id="i593"><AttributeType>damping</AttributeType><IsRequired>false</IsRequired><Value i:nil="true"/></Attribute><Attribute z:Id="i594"><AttributeType>friction</AttributeType><IsRequired>false</IsRequired><Value i:nil="true"/></Attribute></Attributes><ChildElements/><ElementName>dynamics</ElementName><required>false</required><DampingAttribute z:Ref="i593"/><FrictionAttribute z:Ref="i594"/></URDFElement><URDFElement z:Id="i595" i:type="SafetyController"><Attributes><Attribute z:Id="i596"><AttributeType>soft_upper_limit</AttributeType><IsRequired>false</IsRequired><Value i:nil="true"/></Attribute><Attribute z:Id="i597"><AttributeType>soft_lower_limit</AttributeType><IsRequired>false</IsRequired><Value i:nil="true"/></Attribute><Attribute z:Id="i598"><AttributeType>k_position</AttributeType><IsRequired>false</IsRequired><Value i:nil="true"/></Attribute><Attribute z:Id="i599"><AttributeType>k_velocity</AttributeType><IsRequired>true</IsRequired><Value i:nil="true"/></Attribute></Attributes><ChildElements/><ElementName>safety_controller</ElementName><required>false</required><KPositionAttribute z:Ref="i598"/><KVelocityAttribute z:Ref="i599"/><SoftLowerAttribute z:Ref="i597"/><SoftUpperAttribute z:Ref="i596"/></URDFElement><URDFElement z:Id="i600" i:type="Mimic"><Attributes><Attribute z:Id="i601"><AttributeType>joint</AttributeType><IsRequired>true</IsRequired><Value i:nil="true"/></Attribute><Attribute z:Id="i602"><AttributeType>multiplier</AttributeType><IsRequired>false</IsRequired><Value i:nil="true"/></Attribute><Attribute z:Id="i603"><AttributeType>offset</AttributeType><IsRequired>false</IsRequired><Value i:nil="true"/></Attribute></Attributes><ChildElements/><ElementName>mimic</ElementName><required>false</required><JointNameAttribute z:Ref="i601"/><MultiplierAttribute z:Ref="i602"/><OffsetAttribute z:Ref="i603"/></URDFElement></ChildElements><ElementName>joint</ElementName><required>false</required><Axis z:Ref="i582"/><AxisName>None</AxisName><Calibration z:Ref="i589"/><Child z:Ref="i580"/><CoordinateSystemName>imu</CoordinateSystemName><Dynamics z:Ref="i592"/><Limit z:Ref="i584"/><Mimic z:Ref="i600"/><NameAttribute z:Ref="i573"/><Origin z:Ref="i575"/><Parent z:Ref="i578"/><Safety z:Ref="i595"/><TypeAttribute z:Ref="i574"/></URDFElement></ChildElements><ElementName>link</ElementName><required>true</required><Children/><Collision z:Ref="i565"/><Inertial z:Ref="i539"/><Joint z:Ref="i572"/><NameAttribute z:Ref="i538"/><Parent z:Ref="i1"/><STLQualityFine>false</STLQualityFine><SWComponentPIDs xmlns:a="http://schemas.microsoft.com/2003/10/Serialization/Arrays"><a:base64Binary>UEYAAAUAAAD//v8jQQBEAEEARgBSAFUASQBUACAAYgBuAG8AMAA4ADUAIABJAE0AVQAtADEAQABGAHUAbABsACAAYQBzAHMAZQBtAGIAbAB5AAQAAAAQAAAAAQAAAAEAAAD6AwAA</a:base64Binary></SWComponentPIDs><SWMainComponentPID i:nil="true"/><Visual z:Ref="i552"/><isFixedFrame>false</isFixedFrame><isIncomplete>false</isIncomplete></Link></Children><Collision z:Ref="i29"/><Inertial z:Ref="i3"/><Joint z:Ref="i36"/><NameAttribute z:Ref="i2"/><Parent i:nil="true"/><STLQualityFine>false</STLQualityFine><SWComponentPIDs xmlns:a="http://schemas.microsoft.com/2003/10/Serialization/Arrays"><a:base64Binary>UEYAAAUAAAD//v8lQwBCADMAOQAxADQAOAA5ADUARQBBAC0ANQAwAEEAaAAgAEMAZQBsAGwALQAxAEAARgB1AGwAbAAgAGEAcwBzAGUAbQBiAGwAeQAEAAAAEAAAAAEAAAABAAAAGAAAAA==</a:base64Binary><a:base64Binary>UEYAAAUAAAD//v8hQgBTAEIAIAAzADAAeAAzADAALQA4ACAANAA0ADQAbQBtAC0ANABAAEYAdQBsAGwAIABhAHMAcwBlAG0AYgBsAHkABAAAABAAAAABAAAAAQAAAGQAAAA=</a:base64Binary><a:base64Binary>UEYAAAUAAAD//v8hQgBTAEIAIAAzADAAeAAzADAALQA4ACAAMwAyADQAbQBtAC0AMQBAAEYAdQBsAGwAIABhAHMAcwBlAG0AYgBsAHkABAAAABAAAAABAAAAAQAAAGgAAAA=</a:base64Binary><a:base64Binary>UEYAAAUAAAD//v8hQgBTAEIAIAAzADAAeAAzADAALQA4ACAAMwAyADQAbQBtAC0AMgBAAEYAdQBsAGwAIABhAHMAcwBlAG0AYgBsAHkABAAAABAAAAABAAAAAQAAAMEAAAA=</a:base64Binary><a:base64Binary>UEYAAAUAAAD//v8hQgBTAEIAIAAzADAAeAAzADAALQA4ACAANAA0ADQAbQBtAC0ANwBAAEYAdQBsAGwAIABhAHMAcwBlAG0AYgBsAHkABAAAABAAAAABAAAAAQAAAMsAAAA=</a:base64Binary><a:base64Binary>UEYAAAUAAAD//v8hQgBTAEIAIAAzADAAeAAzADAALQA4ACAAMgA2ADIAbQBtAC0AMQBAAEYAdQBsAGwAIABhAHMAcwBlAG0AYgBsAHkABAAAABAAAAABAAAAAQAAAOYAAAA=</a:base64Binary><a:base64Binary>UEYAAAUAAAD//v8hQgBTAEIAIAAzADAAeAAzADAALQA4ACAAMgA2ADIAbQBtAC0AMgBAAEYAdQBsAGwAIABhAHMAcwBlAG0AYgBsAHkABAAAABAAAAABAAAAAQAAAP0AAAA=</a:base64Binary><a:base64Binary>UEYAAAUAAAD//v8hQgBTAEIAIAAzADAAeAAzADAALQA4ACAAMQA2ADIAbQBtAC0AMQBAAEYAdQBsAGwAIABhAHMAcwBlAG0AYgBsAHkABAAAABAAAAABAAAAAQAAABcBAAA=</a:base64Binary><a:base64Binary>UEYAAAUAAAD//v8vQgBTAEIAIAAzADAAeAAzADAALQA4ACAAMwAyADIAbQBtACAAKAB0AGEAcABwAGUAZAAgAGUAbgBkAHMAKQAtADEAQABGAHUAbABsACAAYQBzAHMAZQBtAGIAbAB5AAQAAAAQAAAAAQAAAAEAAAArAQAA</a:base64Binary><a:base64Binary>UEYAAAUAAAD//v8hQgBTAEIAIAAzADAAeAAzADAALQA4ACAAMQA2ADIAbQBtAC0AMwBAAEYAdQBsAGwAIABhAHMAcwBlAG0AYgBsAHkABAAAABAAAAABAAAAAQAAADABAAA=</a:base64Binary><a:base64Binary>UEYAAAUAAAD//v8gQgBTAEIAIAAzADAAeAAzADAALQA4ACAAOQAwAG0AbQAtADEAQABGAHUAbABsACAAYQBzAHMAZQBtAGIAbAB5AAQAAAAQAAAAAQAAAAEAAAA1AQAA</a:base64Binary><a:base64Binary>UEYAAAUAAAD//v8iQgBTAEIAIAAzADAAeAAzADAALQA4ACAAMQA2ADIAbQBtAC0AMQAwAEAARgB1AGwAbAAgAGEAcwBzAGUAbQBiAGwAeQAEAAAAEAAAAAEAAAABAAAA6gEAAA==</a:base64Binary><a:base64Binary>UEYAAAUAAAD//v8iQgBTAEIAIAAzADAAeAAzADAALQA4ACAANgA4ADQAbQBtAC0AMQA0AEAARgB1AGwAbAAgAGEAcwBzAGUAbQBiAGwAeQAEAAAAEAAAAAEAAAABAAAA/QEAAA==</a:base64Binary><a:base64Binary>UEYAAAUAAAD//v8hQgBTAEIAIAAzADAAeAAzADAALQA4ACAAMgA2ADIAbQBtAC0AMwBAAEYAdQBsAGwAIABhAHMAcwBlAG0AYgBsAHkABAAAABAAAAABAAAAAQAAACMCAAA=</a:base64Binary><a:base64Binary>UEYAAAUAAAD//v8hQgBTAEIAIAAzADAAeAAzADAALQA4ACAAMgA2ADIAbQBtAC0ANABAAEYAdQBsAGwAIABhAHMAcwBlAG0AYgBsAHkABAAAABAAAAABAAAAAQAAADQCAAA=</a:base64Binary><a:base64Binary>UEYAAAUAAAD//v8hQgBTAEIAIAAzADAAeAAzADAALQA4ACAAMwAyADQAbQBtAC0AMwBAAEYAdQBsAGwAIABhAHMAcwBlAG0AYgBsAHkABAAAABAAAAABAAAAAQAAAFgCAAA=</a:base64Binary><a:base64Binary>UEYAAAUAAAD//v8yOQAwAGQAZQBnAHIAZQBlACAAYQBuAGcAbABlACAAYgByAGEAYwBrAGUAdAAgADMAMAB4ADMAMAAtADgAKABNADYAKQAtADEAQABGAHUAbABsACAAYQBzAHMAZQBtAGIAbAB5AAQAAAAQAAAAAQAAAAEAAAByAgAA</a:base64Binary><a:base64Binary>UEYAAAUAAAD//v8yOQAwAGQAZQBnAHIAZQBlACAAYQBuAGcAbABlACAAYgByAGEAYwBrAGUAdAAgADMAMAB4ADMAMAAtADgAKABNADYAKQAtADIAQABGAHUAbABsACAAYQBzAHMAZQBtAGIAbAB5AAQAAAAQAAAAAQAAAAEAAAB2AgAA</a:base64Binary><a:base64Binary>UEYAAAUAAAD//v8yOQAwAGQAZQBnAHIAZQBlACAAYQBuAGcAbABlACAAYgByAGEAYwBrAGUAdAAgADMAMAB4ADMAMAAtADgAKABNADYAKQAtADMAQABGAHUAbABsACAAYQBzAHMAZQBtAGIAbAB5AAQAAAAQAAAAAQAAAAEAAAB6AgAA</a:base64Binary><a:base64Binary>UEYAAAUAAAD//v8yOQAwAGQAZQBnAHIAZQBlACAAYQBuAGcAbABlACAAYgByAGEAYwBrAGUAdAAgADMAMAB4ADMAMAAtADgAKABNADYAKQAtADUAQABGAHUAbABsACAAYQBzAHMAZQBtAGIAbAB5AAQAAAAQAAAAAQAAAAEAAACDAgAA</a:base64Binary><a:base64Binary>UEYAAAUAAAD//v8yOQAwAGQAZQBnAHIAZQBlACAAYQBuAGcAbABlACAAYgByAGEAYwBrAGUAdAAgADMAMAB4ADMAMAAtADgAKABNADYAKQAtADQAQABGAHUAbABsACAAYQBzAHMAZQBtAGIAbAB5AAQAAAAQAAAAAQAAAAEAAAB+AgAA</a:base64Binary><a:base64Binary>UEYAAAUAAAD//v8yOQAwAGQAZQBnAHIAZQBlACAAYQBuAGcAbABlACAAYgByAGEAYwBrAGUAdAAgADMAMAB4ADMAMAAtADgAKABNADYAKQAtADcAQABGAHUAbABsACAAYQBzAHMAZQBtAGIAbAB5AAQAAAAQAAAAAQAAAAEAAACIAgAA</a:base64Binary><a:base64Binary>UEYAAAUAAAD//v8yOQAwAGQAZQBnAHIAZQBlACAAYQBuAGcAbABlACAAYgByAGEAYwBrAGUAdAAgADMAMAB4ADMAMAAtADgAKABNADYAKQAtADgAQABGAHUAbABsACAAYQBzAHMAZQBtAGIAbAB5AAQAAAAQAAAAAQAAAAEAAACMAgAA</a:base64Binary><a:base64Binary>UEYAAAUAAAD//v8yOQAwAGQAZQBnAHIAZQBlACAAYQBuAGcAbABlACAAYgByAGEAYwBrAGUAdAAgADMAMAB4ADMAMAAtADgAKABNADYAKQAtADkAQABGAHUAbABsACAAYQBzAHMAZQBtAGIAbAB5AAQAAAAQAAAAAQAAAAEAAACRAgAA</a:base64Binary><a:base64Binary>UEYAAAUAAAD//v8zOQAwAGQAZQBnAHIAZQBlACAAYQBuAGcAbABlACAAYgByAGEAYwBrAGUAdAAgADMAMAB4ADMAMAAtADgAKABNADYAKQAtADEAMABAAEYAdQBsAGwAIABhAHMAcwBlAG0AYgBsAHkABAAAABAAAAABAAAAAQAAAJUCAAA=</a:base64Binary><a:base64Binary>UEYAAAUAAAD//v8zOQAwAGQAZQBnAHIAZQBlACAAYQBuAGcAbABlACAAYgByAGEAYwBrAGUAdAAgADMAMAB4ADMAMAAtADgAKABNADYAKQAtADEAMQBAAEYAdQBsAGwAIABhAHMAcwBlAG0AYgBsAHkABAAAABAAAAABAAAAAQAAAJkCAAA=</a:base64Binary><a:base64Binary>UEYAAAUAAAD//v8zOQAwAGQAZQBnAHIAZQBlACAAYQBuAGcAbABlACAAYgByAGEAYwBrAGUAdAAgADMAMAB4ADMAMAAtADgAKABNADYAKQAtADEAMgBAAEYAdQBsAGwAIABhAHMAcwBlAG0AYgBsAHkABAAAABAAAAABAAAAAQAAAJ4CAAA=</a:base64Binary><a:base64Binary>UEYAAAUAAAD//v8zOQAwAGQAZQBnAHIAZQBlACAAYQBuAGcAbABlACAAYgByAGEAYwBrAGUAdAAgADMAMAB4ADMAMAAtADgAKABNADYAKQAtADEAMwBAAEYAdQBsAGwAIABhAHMAcwBlAG0AYgBsAHkABAAAABAAAAABAAAAAQAAAKICAAA=</a:base64Binary><a:base64Binary>UEYAAAUAAAD//v8zOQAwAGQAZQBnAHIAZQBlACAAYQBuAGcAbABlACAAYgByAGEAYwBrAGUAdAAgADMAMAB4ADMAMAAtADgAKABNADYAKQAtADEANABAAEYAdQBsAGwAIABhAHMAcwBlAG0AYgBsAHkABAAAABAAAAABAAAAAQAAAKYCAAA=</a:base64Binary><a:base64Binary>UEYAAAUAAAD//v8zOQAwAGQAZQBnAHIAZQBlACAAYQBuAGcAbABlACAAYgByAGEAYwBrAGUAdAAgADMAMAB4ADMAMAAtADgAKABNADYAKQAtADEANgBAAEYAdQBsAGwAIABhAHMAcwBlAG0AYgBsAHkABAAAABAAAAABAAAAAQAAALECAAA=</a:base64Binary><a:base64Binary>UEYAAAUAAAD//v8zOQAwAGQAZQBnAHIAZQBlACAAYQBuAGcAbABlACAAYgByAGEAYwBrAGUAdAAgADMAMAB4ADMAMAAtADgAKABNADYAKQAtADEANwBAAEYAdQBsAGwAIABhAHMAcwBlAG0AYgBsAHkABAAAABAAAAABAAAAAQAAALUCAAA=</a:base64Binary><a:base64Binary>UEYAAAUAAAD//v8XSABDAC0AUwBSADAANAAtADUAQABGAHUAbABsACAAYQBzAHMAZQBtAGIAbAB5AAQAAAAQAAAAAQAAAAEAAADXEQAA</a:base64Binary><a:base64Binary>UEYAAAUAAAD//v8iUwBpAGQAZQBeAEYAdQBsAGwAIABhAHMAcwBlAG0AYgBsAHkALQAxAEAARgB1AGwAbAAgAGEAcwBzAGUAbQBiAGwAeQAEAAAAEAAAAAEAAAABAAAAVAMAAA==</a:base64Binary><a:base64Binary>UEYAAAUAAAD//v8nUwBpAGQAZQBwAGwAYQB0AGUAXgBGAHUAbABsACAAYQBzAHMAZQBtAGIAbAB5AC0AMQBAAEYAdQBsAGwAIABhAHMAcwBlAG0AYgBsAHkABAAAABAAAAABAAAAAQAAAGoDAAA=</a:base64Binary><a:base64Binary>UEYAAAUAAAD//v8iQgBTAEIAIAAzADAAeAAzADAALQA4ACAANgA4ADQAbQBtAC0AMQA1AEAARgB1AGwAbAAgAGEAcwBzAGUAbQBiAGwAeQAEAAAAEAAAAAEAAAABAAAAbgIAAA==</a:base64Binary><a:base64Binary>UEYAAAUAAAD//v8nVABvAHAAcABsAGEAdABlAHMAXgBGAHUAbABsACAAYQBzAHMAZQBtAGIAbAB5AC0AMQBAAEYAdQBsAGwAIABhAHMAcwBlAG0AYgBsAHkABAAAABAAAAABAAAAAQAAAHsDAAA=</a:base64Binary><a:base64Binary>UEYAAAUAAAD//v8nUgBlAGEAcgBDAG8AdgBlAHIAXgBGAHUAbABsACAAYQBzAHMAZQBtAGIAbAB5AC0AMgBAAEYAdQBsAGwAIABhAHMAcwBlAG0AYgBsAHkABAAAABAAAAABAAAAAQAAAKUDAAA=</a:base64Binary><a:base64Binary>UEYAAAUAAAD//v8gRABDAE4ATABNADUAMABOAEIAWABYAC4AcwB0AGUAcAAtADEAQABGAHUAbABsACAAYQBzAHMAZQBtAGIAbAB5AAQAAAAQAAAAAQAAAAEAAACsAwAA</a:base64Binary><a:base64Binary>UEYAAAUAAAD//v8hSgBLAC0AQgBEADYAQQAyADAAUwAxADAAUAAgACgAMQApAC0AMQBAAEYAdQBsAGwAIABhAHMAcwBlAG0AYgBsAHkABAAAABAAAAABAAAAAQAAAK8DAAA=</a:base64Binary><a:base64Binary>UEYAAAUAAAD//v8jUABhAHIAdAAzAF4ARgB1AGwAbAAgAGEAcwBzAGUAbQBiAGwAeQAtADEAQABGAHUAbABsACAAYQBzAHMAZQBtAGIAbAB5AAQAAAAQAAAAAQAAAAEAAAC/AwAA</a:base64Binary><a:base64Binary>UEYAAAUAAAD//v8rNQAwAHcAcgA1AGoAIABjAGUAbQBlAG4AdAAgAHIAZQBzAGkAcwB0AG8AcgAuAHMAdABlAHAALQAzAEAARgB1AGwAbAAgAGEAcwBzAGUAbQBiAGwAeQAEAAAAEAAAAAEAAAABAAAAJQQAAA==</a:base64Binary><a:base64Binary>UEYAAAUAAAD//v8rNQAwAHcAcgA1AGoAIABjAGUAbQBlAG4AdAAgAHIAZQBzAGkAcwB0AG8AcgAuAHMAdABlAHAALQA0AEAARgB1AGwAbAAgAGEAcwBzAGUAbQBiAGwAeQAEAAAAEAAAAAEAAAABAAAAJgQAAA==</a:base64Binary><a:base64Binary>UEYAAAUAAAD//v9JTABpAHQAdABlAGwAZgB1AHMAZQAtAFMAbwBsAGUAbgBvAGkAZABzAC0AUgBlAGwAYQB5AHMALQBEAEMATgBFAFYAMgA1ADAALQBTAGUAcgBpAGUAcwAtADMARAAgAE0AbwBkAGUAbAAuAHMAdABlAHAALQAxAEAARgB1AGwAbAAgAGEAcwBzAGUAbQBiAGwAeQAEAAAAEAAAAAEAAAABAAAAhREAAA==</a:base64Binary><a:base64Binary>UEYAAAUAAAD//v8rNQAwAHcAcgA1AGoAIABjAGUAbQBlAG4AdAAgAHIAZQBzAGkAcwB0AG8AcgAuAHMAdABlAHAALQAxAEAARgB1AGwAbAAgAGEAcwBzAGUAbQBiAGwAeQAEAAAAEAAAAAEAAAABAAAA1QMAAA==</a:base64Binary><a:base64Binary>UEYAAAUAAAD//v8rNQAwAHcAcgA1AGoAIABjAGUAbQBlAG4AdAAgAHIAZQBzAGkAcwB0AG8AcgAuAHMAdABlAHAALQAyAEAARgB1AGwAbAAgAGEAcwBzAGUAbQBiAGwAeQAEAAAAEAAAAAEAAAABAAAAJAQAAA==</a:base64Binary><a:base64Binary>UEYAAAUAAAD//v8nMgAwAC0ANgAwAHYAIAAxADIAdgAgADMAYQAgAGMAbwBuAHYAZQByAHQAZQByAC0AMQBAAEYAdQBsAGwAIABhAHMAcwBlAG0AYgBsAHkABAAAABAAAAABAAAAAQAAAOEDAAA=</a:base64Binary><a:base64Binary>UEYAAAUAAAD//v8aSgBlAHQAcwBvAG4AbwByAGkAbgAtADEAQABGAHUAbABsACAAYQBzAHMAZQBtAGIAbAB5AAQAAAAQAAAAAQAAAAEAAADlAwAA</a:base64Binary><a:base64Binary>UEYAAAUAAAD//v8cQQBjAGUAcgAgAFUAUwBCACAASAB1AGIALQAxAEAARgB1AGwAbAAgAGEAcwBzAGUAbQBiAGwAeQAEAAAAEAAAAAEAAAABAAAA+wMAAA==</a:base64Binary><a:base64Binary>UEYAAAUAAAD//v8lUABhAHIAdAAyADUANgBeAEYAdQBsAGwAIABhAHMAcwBlAG0AYgBsAHkALQAxAEAARgB1AGwAbAAgAGEAcwBzAGUAbQBiAGwAeQAEAAAAEAAAAAEAAAABAAAADgQAAA==</a:base64Binary><a:base64Binary>UEYAAAUAAAD//v8tZgByAG8AbgB0ACAAcABsAGEAdABlAHMAIAB2ADIAXgBGAHUAbABsACAAYQBzAHMAZQBtAGIAbAB5AC0AMQBAAEYAdQBsAGwAIABhAHMAcwBlAG0AYgBsAHkABAAAABAAAAABAAAAAQAAAN4RAAA=</a:base64Binary><a:base64Binary>UEYAAAUAAAD//v8pOAAwAHgAOAAwAHgAMgA1ACAAOQAgAGIAbABhAGQAZQAgAGYAYQBuAC4AUwBUAEUAUAAtADEAQABGAHUAbABsACAAYQBzAHMAZQBtAGIAbAB5AAQAAAAQAAAAAQAAAAEAAAD/EQAA</a:base64Binary><a:base64Binary>UEYAAAUAAAD//v8nUwBpAGQAZQBwAGwAYQB0AGUAXgBGAHUAbABsACAAYQBzAHMAZQBtAGIAbAB5AC0AMwBAAEYAdQBsAGwAIABhAHMAcwBlAG0AYgBsAHkABAAAABAAAAABAAAAAQAAAKIDAAA=</a:base64Binary><a:base64Binary>UEYAAAUAAAD//v9OdwBoAGUAZQBsACAAYQBzAHMAZQBtAGIAbAB5AC0AMwBAAEYAdQBsAGwAIABhAHMAcwBlAG0AYgBsAHkALwBNAG8AdQBuAHQAaQBuAGcAIABQAGwAYQB0AGUAcwBeAHcAaABlAGUAbAAgAGEAcwBzAGUAbQBiAGwAeQAtADEAQAB3AGgAZQBlAGwAIABhAHMAcwBlAG0AYgBsAHkABAAAABAAAAABAAAAAgAAAAwBAABcAAAA</a:base64Binary><a:base64Binary>UEYAAAUAAAD//v8iUwBpAGQAZQBeAEYAdQBsAGwAIABhAHMAcwBlAG0AYgBsAHkALQAyAEAARgB1AGwAbAAgAGEAcwBzAGUAbQBiAGwAeQAEAAAAEAAAAAEAAAABAAAAowMAAA==</a:base64Binary><a:base64Binary>UEYAAAUAAAD//v8tTQBpAHIAcgBvAHIAUwBpAGQAZQBwAGwAYQB0AGUAXgBGAHUAbABsACAAYQBzAHMAZQBtAGIAbAB5AC0AMwBAAEYAdQBsAGwAIABhAHMAcwBlAG0AYgBsAHkABAAAABAAAAABAAAAAQAAAKEDAAA=</a:base64Binary><a:base64Binary>UEYAAAUAAAD//v8XSABDAC0AUwBSADAANAAtADQAQABGAHUAbABsACAAYQBzAHMAZQBtAGIAbAB5AAQAAAAQAAAAAQAAAAEAAACkAwAA</a:base64Binary><a:base64Binary>UEYAAAUAAAD//v8XSABDAC0AUwBSADAANAAtADMAQABGAHUAbABsACAAYQBzAHMAZQBtAGIAbAB5AAQAAAAQAAAAAQAAAAEAAABgAwAA</a:base64Binary><a:base64Binary>UEYAAAUAAAD//v8dTQBpAHIAcgBvAHIASABDAC0AUwBSADAANAAtADUAQABGAHUAbABsACAAYQBzAHMAZQBtAGIAbAB5AAQAAAAQAAAAAQAAAAEAAACUAwAA</a:base64Binary><a:base64Binary>UEYAAAUAAAD//v8nUwBpAGQAZQBwAGwAYQB0AGUAXgBGAHUAbABsACAAYQBzAHMAZQBtAGIAbAB5AC0AMgBAAEYAdQBsAGwAIABhAHMAcwBlAG0AYgBsAHkABAAAABAAAAABAAAAAQAAAHMDAAA=</a:base64Binary><a:base64Binary>UEYAAAUAAAD//v9OdwBoAGUAZQBsACAAYQBzAHMAZQBtAGIAbAB5AC0AMQBAAEYAdQBsAGwAIABhAHMAcwBlAG0AYgBsAHkALwBNAG8AdQBuAHQAaQBuAGcAIABQAGwAYQB0AGUAcwBeAHcAaABlAGUAbAAgAGEAcwBzAGUAbQBiAGwAeQAtADEAQAB3AGgAZQBlAGwAIABhAHMAcwBlAG0AYgBsAHkABAAAABAAAAABAAAAAgAAAAIBAABcAAAA</a:base64Binary><a:base64Binary>UEYAAAUAAAD//v9OdwBoAGUAZQBsACAAYQBzAHMAZQBtAGIAbAB5AC0ANABAAEYAdQBsAGwAIABhAHMAcwBlAG0AYgBsAHkALwBNAG8AdQBuAHQAaQBuAGcAIABQAGwAYQB0AGUAcwBeAHcAaABlAGUAbAAgAGEAcwBzAGUAbQBiAGwAeQAtADEAQAB3AGgAZQBlAGwAIABhAHMAcwBlAG0AYgBsAHkABAAAABAAAAABAAAAAgAAAA0BAABcAAAA</a:base64Binary><a:base64Binary>UEYAAAUAAAD//v9OdwBoAGUAZQBsACAAYQBzAHMAZQBtAGIAbAB5AC0AMgBAAEYAdQBsAGwAIABhAHMAcwBlAG0AYgBsAHkALwBNAG8AdQBuAHQAaQBuAGcAIABQAGwAYQB0AGUAcwBeAHcAaABlAGUAbAAgAGEAcwBzAGUAbQBiAGwAeQAtADEAQAB3AGgAZQBlAGwAIABhAHMAcwBlAG0AYgBsAHkABAAAABAAAAABAAAAAgAAAAkBAABcAAAA</a:base64Binary><a:base64Binary>UEYAAAUAAAD//v98dwBoAGUAZQBsACAAYQBzAHMAZQBtAGIAbAB5AC0ANABAAEYAdQBsAGwAIABhAHMAcwBlAG0AYgBsAHkALwA3ADAANwAwACAATQBvAHQAbwByACAAcwB1AGIAYQBzAHMAZQBtAGIAbAB5AC0AMQBAAHcAaABlAGUAbAAgAGEAcwBzAGUAbQBiAGwAeQAvAFAAYQByAHQAMwBeADcAMAA3ADAAIABNAG8AdABvAHIAIABzAHUAYgBhAHMAcwBlAG0AYgBsAHkALQAxAEAANwAwADcAMAAgAE0AbwB0AG8AcgAgAHMAdQBiAGEAcwBzAGUAbQBiAGwAeQAEAAAAEAAAAAEAAAADAAAADQEAAFoAAAAfAAAA</a:base64Binary><a:base64Binary>UEYAAAUAAAD//v9TdwBoAGUAZQBsACAAYQBzAHMAZQBtAGIAbAB5AC0ANABAAEYAdQBsAGwAIABhAHMAcwBlAG0AYgBsAHkALwBPAEQAcgBpAHYAZQAgAFMAMQAgAEgAbwB1AHMAaQBuAGcAIAArACAARAByAGkAdgBlAHIAIABBAHMAcwBlAG0AYgBsAHkALQAxAEAAdwBoAGUAZQBsACAAYQBzAHMAZQBtAGIAbAB5AAQAAAAQAAAAAQAAAAIAAAANAQAAZgAAAA==</a:base64Binary><a:base64Binary>UEYAAAUAAAD//v9NdwBoAGUAZQBsACAAYQBzAHMAZQBtAGIAbAB5AC0ANABAAEYAdQBsAGwAIABhAHMAcwBlAG0AYgBsAHkALwBPAGQAcgBpAHYAZQAgAEIAcgBhAGMAawBlAHQAXgB3AGgAZQBlAGwAIABhAHMAcwBlAG0AYgBsAHkALQAxAEAAdwBoAGUAZQBsACAAYQBzAHMAZQBtAGIAbAB5AAQAAAAQAAAAAQAAAAIAAAANAQAAbAAAAA==</a:base64Binary><a:base64Binary>UEYAAAUAAAD//v98dwBoAGUAZQBsACAAYQBzAHMAZQBtAGIAbAB5AC0ANABAAEYAdQBsAGwAIABhAHMAcwBlAG0AYgBsAHkALwA3ADAANwAwACAATQBvAHQAbwByACAAcwB1AGIAYQBzAHMAZQBtAGIAbAB5AC0AMQBAAHcAaABlAGUAbAAgAGEAcwBzAGUAbQBiAGwAeQAvAFAAYQByAHQAMgBeADcAMAA3ADAAIABNAG8AdABvAHIAIABzAHUAYgBhAHMAcwBlAG0AYgBsAHkALQAxAEAANwAwADcAMAAgAE0AbwB0AG8AcgAgAHMAdQBiAGEAcwBzAGUAbQBiAGwAeQAEAAAAEAAAAAEAAAADAAAADQEAAFoAAAAYAAAA</a:base64Binary><a:base64Binary>UEYAAAUAAAD//v87dwBoAGUAZQBsACAAYQBzAHMAZQBtAGIAbAB5AC0ANABAAEYAdQBsAGwAIABhAHMAcwBlAG0AYgBsAHkALwBFAEcAMgAzAC0ARwAyADAALQBEADgALQAxAEAAdwBoAGUAZQBsACAAYQBzAHMAZQBtAGIAbAB5AAQAAAAQAAAAAQAAAAIAAAANAQAAGAAAAA==</a:base64Binary><a:base64Binary>UEYAAAUAAAD//v98dwBoAGUAZQBsACAAYQBzAHMAZQBtAGIAbAB5AC0AMgBAAEYAdQBsAGwAIABhAHMAcwBlAG0AYgBsAHkALwA3ADAANwAwACAATQBvAHQAbwByACAAcwB1AGIAYQBzAHMAZQBtAGIAbAB5AC0AMQBAAHcAaABlAGUAbAAgAGEAcwBzAGUAbQBiAGwAeQAvAFAAYQByAHQAMwBeADcAMAA3ADAAIABNAG8AdABvAHIAIABzAHUAYgBhAHMAcwBlAG0AYgBsAHkALQAxAEAANwAwADcAMAAgAE0AbwB0AG8AcgAgAHMAdQBiAGEAcwBzAGUAbQBiAGwAeQAEAAAAEAAAAAEAAAADAAAACQEAAFoAAAAfAAAA</a:base64Binary><a:base64Binary>UEYAAAUAAAD//v9NdwBoAGUAZQBsACAAYQBzAHMAZQBtAGIAbAB5AC0AMgBAAEYAdQBsAGwAIABhAHMAcwBlAG0AYgBsAHkALwBPAGQAcgBpAHYAZQAgAEIAcgBhAGMAawBlAHQAXgB3AGgAZQBlAGwAIABhAHMAcwBlAG0AYgBsAHkALQAxAEAAdwBoAGUAZQBsACAAYQBzAHMAZQBtAGIAbAB5AAQAAAAQAAAAAQAAAAIAAAAJAQAAbAAAAA==</a:base64Binary><a:base64Binary>UEYAAAUAAAD//v9TdwBoAGUAZQBsACAAYQBzAHMAZQBtAGIAbAB5AC0AMgBAAEYAdQBsAGwAIABhAHMAcwBlAG0AYgBsAHkALwBPAEQAcgBpAHYAZQAgAFMAMQAgAEgAbwB1AHMAaQBuAGcAIAArACAARAByAGkAdgBlAHIAIABBAHMAcwBlAG0AYgBsAHkALQAxAEAAdwBoAGUAZQBsACAAYQBzAHMAZQBtAGIAbAB5AAQAAAAQAAAAAQAAAAIAAAAJAQAAZgAAAA==</a:base64Binary><a:base64Binary>UEYAAAUAAAD//v98dwBoAGUAZQBsACAAYQBzAHMAZQBtAGIAbAB5AC0AMgBAAEYAdQBsAGwAIABhAHMAcwBlAG0AYgBsAHkALwA3ADAANwAwACAATQBvAHQAbwByACAAcwB1AGIAYQBzAHMAZQBtAGIAbAB5AC0AMQBAAHcAaABlAGUAbAAgAGEAcwBzAGUAbQBiAGwAeQAvAFAAYQByAHQAMgBeADcAMAA3ADAAIABNAG8AdABvAHIAIABzAHUAYgBhAHMAcwBlAG0AYgBsAHkALQAxAEAANwAwADcAMAAgAE0AbwB0AG8AcgAgAHMAdQBiAGEAcwBzAGUAbQBiAGwAeQAEAAAAEAAAAAEAAAADAAAACQEAAFoAAAAYAAAA</a:base64Binary><a:base64Binary>UEYAAAUAAAD//v87dwBoAGUAZQBsACAAYQBzAHMAZQBtAGIAbAB5AC0AMgBAAEYAdQBsAGwAIABhAHMAcwBlAG0AYgBsAHkALwBFAEcAMgAzAC0ARwAyADAALQBEADgALQAxAEAAdwBoAGUAZQBsACAAYQBzAHMAZQBtAGIAbAB5AAQAAAAQAAAAAQAAAAIAAAAJAQAAGAAAAA==</a:base64Binary><a:base64Binary>UEYAAAUAAAD//v9cdwBoAGUAZQBsACAAYQBzAHMAZQBtAGIAbAB5AC0AMgBAAEYAdQBsAGwAIABhAHMAcwBlAG0AYgBsAHkALwBHAGUAYQByAGIAbwB4AGgAbwB1AHMAaQBuAGcAIABiAGUAYQByAGkAbgBnACAAcwBsAGUAZQB2AGUAXgB3AGgAZQBlAGwAIABhAHMAcwBlAG0AYgBsAHkALQAxAEAAdwBoAGUAZQBsACAAYQBzAHMAZQBtAGIAbAB5AAQAAAAQAAAAAQAAAAIAAAAJAQAALgAAAA==</a:base64Binary><a:base64Binary>UEYAAAUAAAD//v9cdwBoAGUAZQBsACAAYQBzAHMAZQBtAGIAbAB5AC0ANABAAEYAdQBsAGwAIABhAHMAcwBlAG0AYgBsAHkALwBHAGUAYQByAGIAbwB4AGgAbwB1AHMAaQBuAGcAIABiAGUAYQByAGkAbgBnACAAcwBsAGUAZQB2AGUAXgB3AGgAZQBlAGwAIABhAHMAcwBlAG0AYgBsAHkALQAxAEAAdwBoAGUAZQBsACAAYQBzAHMAZQBtAGIAbAB5AAQAAAAQAAAAAQAAAAIAAAANAQAALgAAAA==</a:base64Binary><a:base64Binary>UEYAAAUAAAD//v98dwBoAGUAZQBsACAAYQBzAHMAZQBtAGIAbAB5AC0AMwBAAEYAdQBsAGwAIABhAHMAcwBlAG0AYgBsAHkALwA3ADAANwAwACAATQBvAHQAbwByACAAcwB1AGIAYQBzAHMAZQBtAGIAbAB5AC0AMQBAAHcAaABlAGUAbAAgAGEAcwBzAGUAbQBiAGwAeQAvAFAAYQByAHQAMwBeADcAMAA3ADAAIABNAG8AdABvAHIAIABzAHUAYgBhAHMAcwBlAG0AYgBsAHkALQAxAEAANwAwADcAMAAgAE0AbwB0AG8AcgAgAHMAdQBiAGEAcwBzAGUAbQBiAGwAeQAEAAAAEAAAAAEAAAADAAAADAEAAFoAAAAfAAAA</a:base64Binary><a:base64Binary>UEYAAAUAAAD//v9NdwBoAGUAZQBsACAAYQBzAHMAZQBtAGIAbAB5AC0AMwBAAEYAdQBsAGwAIABhAHMAcwBlAG0AYgBsAHkALwBPAGQAcgBpAHYAZQAgAEIAcgBhAGMAawBlAHQAXgB3AGgAZQBlAGwAIABhAHMAcwBlAG0AYgBsAHkALQAxAEAAdwBoAGUAZQBsACAAYQBzAHMAZQBtAGIAbAB5AAQAAAAQAAAAAQAAAAIAAAAMAQAAbAAAAA==</a:base64Binary><a:base64Binary>UEYAAAUAAAD//v9TdwBoAGUAZQBsACAAYQBzAHMAZQBtAGIAbAB5AC0AMwBAAEYAdQBsAGwAIABhAHMAcwBlAG0AYgBsAHkALwBPAEQAcgBpAHYAZQAgAFMAMQAgAEgAbwB1AHMAaQBuAGcAIAArACAARAByAGkAdgBlAHIAIABBAHMAcwBlAG0AYgBsAHkALQAxAEAAdwBoAGUAZQBsACAAYQBzAHMAZQBtAGIAbAB5AAQAAAAQAAAAAQAAAAIAAAAMAQAAZgAAAA==</a:base64Binary><a:base64Binary>UEYAAAUAAAD//v98dwBoAGUAZQBsACAAYQBzAHMAZQBtAGIAbAB5AC0AMwBAAEYAdQBsAGwAIABhAHMAcwBlAG0AYgBsAHkALwA3ADAANwAwACAATQBvAHQAbwByACAAcwB1AGIAYQBzAHMAZQBtAGIAbAB5AC0AMQBAAHcAaABlAGUAbAAgAGEAcwBzAGUAbQBiAGwAeQAvAFAAYQByAHQAMgBeADcAMAA3ADAAIABNAG8AdABvAHIAIABzAHUAYgBhAHMAcwBlAG0AYgBsAHkALQAxAEAANwAwADcAMAAgAE0AbwB0AG8AcgAgAHMAdQBiAGEAcwBzAGUAbQBiAGwAeQAEAAAAEAAAAAEAAAADAAAADAEAAFoAAAAYAAAA</a:base64Binary><a:base64Binary>UEYAAAUAAAD//v87dwBoAGUAZQBsACAAYQBzAHMAZQBtAGIAbAB5AC0AMwBAAEYAdQBsAGwAIABhAHMAcwBlAG0AYgBsAHkALwBFAEcAMgAzAC0ARwAyADAALQBEADgALQAxAEAAdwBoAGUAZQBsACAAYQBzAHMAZQBtAGIAbAB5AAQAAAAQAAAAAQAAAAIAAAAMAQAAGAAAAA==</a:base64Binary><a:base64Binary>UEYAAAUAAAD//v9cdwBoAGUAZQBsACAAYQBzAHMAZQBtAGIAbAB5AC0AMwBAAEYAdQBsAGwAIABhAHMAcwBlAG0AYgBsAHkALwBHAGUAYQByAGIAbwB4AGgAbwB1AHMAaQBuAGcAIABiAGUAYQByAGkAbgBnACAAcwBsAGUAZQB2AGUAXgB3AGgAZQBlAGwAIABhAHMAcwBlAG0AYgBsAHkALQAxAEAAdwBoAGUAZQBsACAAYQBzAHMAZQBtAGIAbAB5AAQAAAAQAAAAAQAAAAIAAAAMAQAALgAAAA==</a:base64Binary><a:base64Binary>UEYAAAUAAAD//v98dwBoAGUAZQBsACAAYQBzAHMAZQBtAGIAbAB5AC0AMQBAAEYAdQBsAGwAIABhAHMAcwBlAG0AYgBsAHkALwA3ADAANwAwACAATQBvAHQAbwByACAAcwB1AGIAYQBzAHMAZQBtAGIAbAB5AC0AMQBAAHcAaABlAGUAbAAgAGEAcwBzAGUAbQBiAGwAeQAvAFAAYQByAHQAMwBeADcAMAA3ADAAIABNAG8AdABvAHIAIABzAHUAYgBhAHMAcwBlAG0AYgBsAHkALQAxAEAANwAwADcAMAAgAE0AbwB0AG8AcgAgAHMAdQBiAGEAcwBzAGUAbQBiAGwAeQAEAAAAEAAAAAEAAAADAAAAAgEAAFoAAAAfAAAA</a:base64Binary><a:base64Binary>UEYAAAUAAAD//v9NdwBoAGUAZQBsACAAYQBzAHMAZQBtAGIAbAB5AC0AMQBAAEYAdQBsAGwAIABhAHMAcwBlAG0AYgBsAHkALwBPAGQAcgBpAHYAZQAgAEIAcgBhAGMAawBlAHQAXgB3AGgAZQBlAGwAIABhAHMAcwBlAG0AYgBsAHkALQAxAEAAdwBoAGUAZQBsACAAYQBzAHMAZQBtAGIAbAB5AAQAAAAQAAAAAQAAAAIAAAACAQAAbAAAAA==</a:base64Binary><a:base64Binary>UEYAAAUAAAD//v9TdwBoAGUAZQBsACAAYQBzAHMAZQBtAGIAbAB5AC0AMQBAAEYAdQBsAGwAIABhAHMAcwBlAG0AYgBsAHkALwBPAEQAcgBpAHYAZQAgAFMAMQAgAEgAbwB1AHMAaQBuAGcAIAArACAARAByAGkAdgBlAHIAIABBAHMAcwBlAG0AYgBsAHkALQAxAEAAdwBoAGUAZQBsACAAYQBzAHMAZQBtAGIAbAB5AAQAAAAQAAAAAQAAAAIAAAACAQAAZgAAAA==</a:base64Binary><a:base64Binary>UEYAAAUAAAD//v98dwBoAGUAZQBsACAAYQBzAHMAZQBtAGIAbAB5AC0AMQBAAEYAdQBsAGwAIABhAHMAcwBlAG0AYgBsAHkALwA3ADAANwAwACAATQBvAHQAbwByACAAcwB1AGIAYQBzAHMAZQBtAGIAbAB5AC0AMQBAAHcAaABlAGUAbAAgAGEAcwBzAGUAbQBiAGwAeQAvAFAAYQByAHQAMgBeADcAMAA3ADAAIABNAG8AdABvAHIAIABzAHUAYgBhAHMAcwBlAG0AYgBsAHkALQAxAEAANwAwADcAMAAgAE0AbwB0AG8AcgAgAHMAdQBiAGEAcwBzAGUAbQBiAGwAeQAEAAAAEAAAAAEAAAADAAAAAgEAAFoAAAAYAAAA</a:base64Binary><a:base64Binary>UEYAAAUAAAD//v87dwBoAGUAZQBsACAAYQBzAHMAZQBtAGIAbAB5AC0AMQBAAEYAdQBsAGwAIABhAHMAcwBlAG0AYgBsAHkALwBFAEcAMgAzAC0ARwAyADAALQBEADgALQAxAEAAdwBoAGUAZQBsACAAYQBzAHMAZQBtAGIAbAB5AAQAAAAQAAAAAQAAAAIAAAACAQAAGAAAAA==</a:base64Binary><a:base64Binary>UEYAAAUAAAD//v9cdwBoAGUAZQBsACAAYQBzAHMAZQBtAGIAbAB5AC0AMQBAAEYAdQBsAGwAIABhAHMAcwBlAG0AYgBsAHkALwBHAGUAYQByAGIAbwB4AGgAbwB1AHMAaQBuAGcAIABiAGUAYQByAGkAbgBnACAAcwBsAGUAZQB2AGUAXgB3AGgAZQBlAGwAIABhAHMAcwBlAG0AYgBsAHkALQAxAEAAdwBoAGUAZQBsACAAYQBzAHMAZQBtAGIAbAB5AAQAAAAQAAAAAQAAAAIAAAACAQAALgAAAA==</a:base64Binary><a:base64Binary>UEYAAAUAAAD//v8vQgBTAEIAIAAzADAAeAAzADAALQA4ACAAMwAyADIAbQBtACAAKAB0AGEAcABwAGUAZAAgAGUAbgBkAHMAKQAtADIAQABGAHUAbABsACAAYQBzAHMAZQBtAGIAbAB5AAQAAAAQAAAAAQAAAAEAAABiAQAA</a:base64Binary><a:base64Binary>UEYAAAUAAAD//v8hQgBTAEIAIAAzADAAeAAzADAALQA4ACAAMgA2ADIAbQBtAC0ANQBAAEYAdQBsAGwAIABhAHMAcwBlAG0AYgBsAHkABAAAABAAAAABAAAAAQAAAHACAAA=</a:base64Binary></SWComponentPIDs><SWMainComponentPID i:nil="true"/><Visual z:Ref="i16"/><isFixedFrame>false</isFixedFrame><isIncomplete>false</isIncomplete></Link>
2026-04-16 19:33:51,777 INFO  LinkNode.cs: 35 - Building node base_link
2026-04-16 19:33:51,777 INFO  LinkNode.cs: 35 - Building node front_left_wheel
2026-04-16 19:33:51,777 INFO  LinkNode.cs: 35 - Building node front_right_wheel
2026-04-16 19:33:51,777 INFO  LinkNode.cs: 35 - Building node rear_left_wheel
2026-04-16 19:33:51,777 INFO  LinkNode.cs: 35 - Building node rear_right_wheel
2026-04-16 19:33:51,777 INFO  LinkNode.cs: 35 - Building node front_lidar
2026-04-16 19:33:51,777 INFO  LinkNode.cs: 35 - Building node rear_lidar
2026-04-16 19:33:51,777 INFO  LinkNode.cs: 35 - Building node camera
2026-04-16 19:33:51,777 INFO  LinkNode.cs: 35 - Building node imu
2026-04-16 19:33:51,777 INFO  CommonSwOperations.cs: 221 - Loading SolidWorks components for base_link from C:\Users\saran\Downloads\Full assembly\Full assembly.SLDASM
2026-04-16 19:33:51,777 INFO  CommonSwOperations.cs: 245 - Loading component with PID PF     ???%C B 3 9 1 4 8 9 5 E A - 5 0 A h   C e l l - 1 @ F u l l   a s s e m b l y                
2026-04-16 19:33:51,777 INFO  CommonSwOperations.cs: 254 - Successfully loaded component C:\Users\saran\Downloads\Full assembly\CB3914895EA-50Ah Cell.SLDPRT
2026-04-16 19:33:51,777 INFO  CommonSwOperations.cs: 245 - Loading component with PID PF     ???!B S B   3 0 x 3 0 - 8   4 4 4 m m - 4 @ F u l l   a s s e m b l y             d   
2026-04-16 19:33:51,777 INFO  CommonSwOperations.cs: 254 - Successfully loaded component C:\Users\saran\Downloads\Full assembly\BSB 30x30-8 444mm.SLDPRT
2026-04-16 19:33:51,777 INFO  CommonSwOperations.cs: 245 - Loading component with PID PF     ???!B S B   3 0 x 3 0 - 8   3 2 4 m m - 1 @ F u l l   a s s e m b l y             h   
2026-04-16 19:33:51,777 INFO  CommonSwOperations.cs: 254 - Successfully loaded component C:\Users\saran\Downloads\Full assembly\BSB 30x30-8 324mm.SLDPRT
2026-04-16 19:33:51,777 INFO  CommonSwOperations.cs: 245 - Loading component with PID PF     ???!B S B   3 0 x 3 0 - 8   3 2 4 m m - 2 @ F u l l   a s s e m b l y             ?   
2026-04-16 19:33:51,777 INFO  CommonSwOperations.cs: 254 - Successfully loaded component C:\Users\saran\Downloads\Full assembly\BSB 30x30-8 324mm.SLDPRT
2026-04-16 19:33:51,777 INFO  CommonSwOperations.cs: 245 - Loading component with PID PF     ???!B S B   3 0 x 3 0 - 8   4 4 4 m m - 7 @ F u l l   a s s e m b l y             ?   
2026-04-16 19:33:51,777 INFO  CommonSwOperations.cs: 254 - Successfully loaded component C:\Users\saran\Downloads\Full assembly\BSB 30x30-8 444mm.SLDPRT
2026-04-16 19:33:51,777 INFO  CommonSwOperations.cs: 245 - Loading component with PID PF     ???!B S B   3 0 x 3 0 - 8   2 6 2 m m - 1 @ F u l l   a s s e m b l y             ?   
2026-04-16 19:33:51,777 INFO  CommonSwOperations.cs: 254 - Successfully loaded component C:\Users\saran\Downloads\Full assembly\BSB 30x30-8 262mm.SLDPRT
2026-04-16 19:33:51,777 INFO  CommonSwOperations.cs: 245 - Loading component with PID PF     ???!B S B   3 0 x 3 0 - 8   2 6 2 m m - 2 @ F u l l   a s s e m b l y             ?   
2026-04-16 19:33:51,777 INFO  CommonSwOperations.cs: 254 - Successfully loaded component C:\Users\saran\Downloads\Full assembly\BSB 30x30-8 262mm.SLDPRT
2026-04-16 19:33:51,777 INFO  CommonSwOperations.cs: 245 - Loading component with PID PF     ???!B S B   3 0 x 3 0 - 8   1 6 2 m m - 1 @ F u l l   a s s e m b l y               
2026-04-16 19:33:51,777 INFO  CommonSwOperations.cs: 254 - Successfully loaded component C:\Users\saran\Downloads\Full assembly\BSB 30x30-8 162mm.SLDPRT
2026-04-16 19:33:51,777 INFO  CommonSwOperations.cs: 245 - Loading component with PID PF     ???/B S B   3 0 x 3 0 - 8   3 2 2 m m   ( t a p p e d   e n d s ) - 1 @ F u l l   a s s e m b l y             +  
2026-04-16 19:33:51,777 INFO  CommonSwOperations.cs: 254 - Successfully loaded component C:\Users\saran\Downloads\Full assembly\BSB 30x30-8 322mm (tapped ends).SLDPRT
2026-04-16 19:33:51,777 INFO  CommonSwOperations.cs: 245 - Loading component with PID PF     ???!B S B   3 0 x 3 0 - 8   1 6 2 m m - 3 @ F u l l   a s s e m b l y             0  
2026-04-16 19:33:51,777 INFO  CommonSwOperations.cs: 254 - Successfully loaded component C:\Users\saran\Downloads\Full assembly\BSB 30x30-8 162mm.SLDPRT
2026-04-16 19:33:51,777 INFO  CommonSwOperations.cs: 245 - Loading component with PID PF     ??? B S B   3 0 x 3 0 - 8   9 0 m m - 1 @ F u l l   a s s e m b l y             5  
2026-04-16 19:33:51,777 INFO  CommonSwOperations.cs: 254 - Successfully loaded component C:\Users\saran\Downloads\Full assembly\BSB 30x30-8 90mm.SLDPRT
2026-04-16 19:33:51,777 INFO  CommonSwOperations.cs: 245 - Loading component with PID PF     ???"B S B   3 0 x 3 0 - 8   1 6 2 m m - 1 0 @ F u l l   a s s e m b l y             ?  
2026-04-16 19:33:51,777 INFO  CommonSwOperations.cs: 254 - Successfully loaded component C:\Users\saran\Downloads\Full assembly\BSB 30x30-8 162mm.SLDPRT
2026-04-16 19:33:51,777 INFO  CommonSwOperations.cs: 245 - Loading component with PID PF     ???"B S B   3 0 x 3 0 - 8   6 8 4 m m - 1 4 @ F u l l   a s s e m b l y             ?  
2026-04-16 19:33:51,777 INFO  CommonSwOperations.cs: 254 - Successfully loaded component C:\Users\saran\Downloads\Full assembly\BSB 30x30-8 684mm.SLDPRT
2026-04-16 19:33:51,777 INFO  CommonSwOperations.cs: 245 - Loading component with PID PF     ???!B S B   3 0 x 3 0 - 8   2 6 2 m m - 3 @ F u l l   a s s e m b l y             #  
2026-04-16 19:33:51,777 INFO  CommonSwOperations.cs: 254 - Successfully loaded component C:\Users\saran\Downloads\Full assembly\BSB 30x30-8 262mm.SLDPRT
2026-04-16 19:33:51,777 INFO  CommonSwOperations.cs: 245 - Loading component with PID PF     ???!B S B   3 0 x 3 0 - 8   2 6 2 m m - 4 @ F u l l   a s s e m b l y             4  
2026-04-16 19:33:51,777 INFO  CommonSwOperations.cs: 254 - Successfully loaded component C:\Users\saran\Downloads\Full assembly\BSB 30x30-8 262mm.SLDPRT
2026-04-16 19:33:51,777 INFO  CommonSwOperations.cs: 245 - Loading component with PID PF     ???!B S B   3 0 x 3 0 - 8   3 2 4 m m - 3 @ F u l l   a s s e m b l y             X  
2026-04-16 19:33:51,777 INFO  CommonSwOperations.cs: 254 - Successfully loaded component C:\Users\saran\Downloads\Full assembly\BSB 30x30-8 324mm.SLDPRT
2026-04-16 19:33:51,777 INFO  CommonSwOperations.cs: 245 - Loading component with PID PF     ???29 0 d e g r e e   a n g l e   b r a c k e t   3 0 x 3 0 - 8 ( M 6 ) - 1 @ F u l l   a s s e m b l y             r  
2026-04-16 19:33:51,777 INFO  CommonSwOperations.cs: 254 - Successfully loaded component C:\Users\saran\Downloads\Full assembly\90degree angle bracket 30x30-8(M6).SLDPRT
2026-04-16 19:33:51,777 INFO  CommonSwOperations.cs: 245 - Loading component with PID PF     ???29 0 d e g r e e   a n g l e   b r a c k e t   3 0 x 3 0 - 8 ( M 6 ) - 2 @ F u l l   a s s e m b l y             v  
2026-04-16 19:33:51,777 INFO  CommonSwOperations.cs: 254 - Successfully loaded component C:\Users\saran\Downloads\Full assembly\90degree angle bracket 30x30-8(M6).SLDPRT
2026-04-16 19:33:51,777 INFO  CommonSwOperations.cs: 245 - Loading component with PID PF     ???29 0 d e g r e e   a n g l e   b r a c k e t   3 0 x 3 0 - 8 ( M 6 ) - 3 @ F u l l   a s s e m b l y             z  
2026-04-16 19:33:51,777 INFO  CommonSwOperations.cs: 254 - Successfully loaded component C:\Users\saran\Downloads\Full assembly\90degree angle bracket 30x30-8(M6).SLDPRT
2026-04-16 19:33:51,777 INFO  CommonSwOperations.cs: 245 - Loading component with PID PF     ???29 0 d e g r e e   a n g l e   b r a c k e t   3 0 x 3 0 - 8 ( M 6 ) - 5 @ F u l l   a s s e m b l y             ?  
2026-04-16 19:33:51,793 INFO  CommonSwOperations.cs: 254 - Successfully loaded component C:\Users\saran\Downloads\Full assembly\90degree angle bracket 30x30-8(M6).SLDPRT
2026-04-16 19:33:51,793 INFO  CommonSwOperations.cs: 245 - Loading component with PID PF     ???29 0 d e g r e e   a n g l e   b r a c k e t   3 0 x 3 0 - 8 ( M 6 ) - 4 @ F u l l   a s s e m b l y             ~  
2026-04-16 19:33:51,793 INFO  CommonSwOperations.cs: 254 - Successfully loaded component C:\Users\saran\Downloads\Full assembly\90degree angle bracket 30x30-8(M6).SLDPRT
2026-04-16 19:33:51,793 INFO  CommonSwOperations.cs: 245 - Loading component with PID PF     ???29 0 d e g r e e   a n g l e   b r a c k e t   3 0 x 3 0 - 8 ( M 6 ) - 7 @ F u l l   a s s e m b l y             ?  
2026-04-16 19:33:51,793 INFO  CommonSwOperations.cs: 254 - Successfully loaded component C:\Users\saran\Downloads\Full assembly\90degree angle bracket 30x30-8(M6).SLDPRT
2026-04-16 19:33:51,793 INFO  CommonSwOperations.cs: 245 - Loading component with PID PF     ???29 0 d e g r e e   a n g l e   b r a c k e t   3 0 x 3 0 - 8 ( M 6 ) - 8 @ F u l l   a s s e m b l y             ?  
2026-04-16 19:33:51,793 INFO  CommonSwOperations.cs: 254 - Successfully loaded component C:\Users\saran\Downloads\Full assembly\90degree angle bracket 30x30-8(M6).SLDPRT
2026-04-16 19:33:51,793 INFO  CommonSwOperations.cs: 245 - Loading component with PID PF     ???29 0 d e g r e e   a n g l e   b r a c k e t   3 0 x 3 0 - 8 ( M 6 ) - 9 @ F u l l   a s s e m b l y             ?  
2026-04-16 19:33:51,793 INFO  CommonSwOperations.cs: 254 - Successfully loaded component C:\Users\saran\Downloads\Full assembly\90degree angle bracket 30x30-8(M6).SLDPRT
2026-04-16 19:33:51,793 INFO  CommonSwOperations.cs: 245 - Loading component with PID PF     ???39 0 d e g r e e   a n g l e   b r a c k e t   3 0 x 3 0 - 8 ( M 6 ) - 1 0 @ F u l l   a s s e m b l y             ?  
2026-04-16 19:33:51,793 INFO  CommonSwOperations.cs: 254 - Successfully loaded component C:\Users\saran\Downloads\Full assembly\90degree angle bracket 30x30-8(M6).SLDPRT
2026-04-16 19:33:51,793 INFO  CommonSwOperations.cs: 245 - Loading component with PID PF     ???39 0 d e g r e e   a n g l e   b r a c k e t   3 0 x 3 0 - 8 ( M 6 ) - 1 1 @ F u l l   a s s e m b l y             ?  
2026-04-16 19:33:51,793 INFO  CommonSwOperations.cs: 254 - Successfully loaded component C:\Users\saran\Downloads\Full assembly\90degree angle bracket 30x30-8(M6).SLDPRT
2026-04-16 19:33:51,793 INFO  CommonSwOperations.cs: 245 - Loading component with PID PF     ???39 0 d e g r e e   a n g l e   b r a c k e t   3 0 x 3 0 - 8 ( M 6 ) - 1 2 @ F u l l   a s s e m b l y             ?  
2026-04-16 19:33:51,793 INFO  CommonSwOperations.cs: 254 - Successfully loaded component C:\Users\saran\Downloads\Full assembly\90degree angle bracket 30x30-8(M6).SLDPRT
2026-04-16 19:33:51,793 INFO  CommonSwOperations.cs: 245 - Loading component with PID PF     ???39 0 d e g r e e   a n g l e   b r a c k e t   3 0 x 3 0 - 8 ( M 6 ) - 1 3 @ F u l l   a s s e m b l y             ?  
2026-04-16 19:33:51,793 INFO  CommonSwOperations.cs: 254 - Successfully loaded component C:\Users\saran\Downloads\Full assembly\90degree angle bracket 30x30-8(M6).SLDPRT
2026-04-16 19:33:51,793 INFO  CommonSwOperations.cs: 245 - Loading component with PID PF     ???39 0 d e g r e e   a n g l e   b r a c k e t   3 0 x 3 0 - 8 ( M 6 ) - 1 4 @ F u l l   a s s e m b l y             ?  
2026-04-16 19:33:51,793 INFO  CommonSwOperations.cs: 254 - Successfully loaded component C:\Users\saran\Downloads\Full assembly\90degree angle bracket 30x30-8(M6).SLDPRT
2026-04-16 19:33:51,793 INFO  CommonSwOperations.cs: 245 - Loading component with PID PF     ???39 0 d e g r e e   a n g l e   b r a c k e t   3 0 x 3 0 - 8 ( M 6 ) - 1 6 @ F u l l   a s s e m b l y             ?  
2026-04-16 19:33:51,793 INFO  CommonSwOperations.cs: 254 - Successfully loaded component C:\Users\saran\Downloads\Full assembly\90degree angle bracket 30x30-8(M6).SLDPRT
2026-04-16 19:33:51,793 INFO  CommonSwOperations.cs: 245 - Loading component with PID PF     ???39 0 d e g r e e   a n g l e   b r a c k e t   3 0 x 3 0 - 8 ( M 6 ) - 1 7 @ F u l l   a s s e m b l y             ?  
2026-04-16 19:33:51,793 INFO  CommonSwOperations.cs: 254 - Successfully loaded component C:\Users\saran\Downloads\Full assembly\90degree angle bracket 30x30-8(M6).SLDPRT
2026-04-16 19:33:51,793 INFO  CommonSwOperations.cs: 245 - Loading component with PID PF     ???H C - S R 0 4 - 5 @ F u l l   a s s e m b l y             ?  
2026-04-16 19:33:51,793 INFO  CommonSwOperations.cs: 254 - Successfully loaded component C:\Users\saran\Downloads\Full assembly\HC-SR04.SLDPRT
2026-04-16 19:33:51,793 INFO  CommonSwOperations.cs: 245 - Loading component with PID PF     ???"S i d e ^ F u l l   a s s e m b l y - 1 @ F u l l   a s s e m b l y             T  
2026-04-16 19:33:51,793 INFO  CommonSwOperations.cs: 254 - Successfully loaded component C:\Users\saran\AppData\Local\Temp\swx29900\VC~~\Full assembly\Side^Full assembly.SLDPRT
2026-04-16 19:33:51,793 INFO  CommonSwOperations.cs: 245 - Loading component with PID PF     ???'S i d e p l a t e ^ F u l l   a s s e m b l y - 1 @ F u l l   a s s e m b l y             j  
2026-04-16 19:33:51,793 INFO  CommonSwOperations.cs: 254 - Successfully loaded component C:\Users\saran\AppData\Local\Temp\swx29900\VC~~\Full assembly\Sideplate^Full assembly.SLDPRT
2026-04-16 19:33:51,793 INFO  CommonSwOperations.cs: 245 - Loading component with PID PF     ???"B S B   3 0 x 3 0 - 8   6 8 4 m m - 1 5 @ F u l l   a s s e m b l y             n  
2026-04-16 19:33:51,793 INFO  CommonSwOperations.cs: 254 - Successfully loaded component C:\Users\saran\Downloads\Full assembly\BSB 30x30-8 684mm.SLDPRT
2026-04-16 19:33:51,793 INFO  CommonSwOperations.cs: 245 - Loading component with PID PF     ???'T o p p l a t e s ^ F u l l   a s s e m b l y - 1 @ F u l l   a s s e m b l y             {  
2026-04-16 19:33:51,793 INFO  CommonSwOperations.cs: 254 - Successfully loaded component C:\Users\saran\AppData\Local\Temp\swx29900\VC~~\Full assembly\Topplates^Full assembly.SLDPRT
2026-04-16 19:33:51,793 INFO  CommonSwOperations.cs: 245 - Loading component with PID PF     ???'R e a r C o v e r ^ F u l l   a s s e m b l y - 2 @ F u l l   a s s e m b l y             ?  
2026-04-16 19:33:51,793 INFO  CommonSwOperations.cs: 254 - Successfully loaded component C:\Users\saran\AppData\Local\Temp\swx29900\VC~~\Full assembly\RearCover^Full assembly.SLDPRT
2026-04-16 19:33:51,793 INFO  CommonSwOperations.cs: 245 - Loading component with PID PF     ??? D C N L M 5 0 N B X X . s t e p - 1 @ F u l l   a s s e m b l y             ?  
2026-04-16 19:33:51,793 INFO  CommonSwOperations.cs: 254 - Successfully loaded component C:\Users\saran\AppData\Local\Temp\swx29900\IC~~\DCNLM50NBXX.step.SLDPRT
2026-04-16 19:33:51,793 INFO  CommonSwOperations.cs: 245 - Loading component with PID PF     ???!J K - B D 6 A 2 0 S 1 0 P   ( 1 ) - 1 @ F u l l   a s s e m b l y             ?  
2026-04-16 19:33:51,793 INFO  CommonSwOperations.cs: 254 - Successfully loaded component C:\Users\saran\Downloads\Full assembly\JK-BD6A20S10P (1).SLDPRT
2026-04-16 19:33:51,793 INFO  CommonSwOperations.cs: 245 - Loading component with PID PF     ???#P a r t 3 ^ F u l l   a s s e m b l y - 1 @ F u l l   a s s e m b l y             ?  
2026-04-16 19:33:51,793 INFO  CommonSwOperations.cs: 254 - Successfully loaded component C:\Users\saran\AppData\Local\Temp\swx29900\VC~~\Full assembly\Part3^Full assembly.SLDPRT
2026-04-16 19:33:51,793 INFO  CommonSwOperations.cs: 245 - Loading component with PID PF     ???+5 0 w r 5 j   c e m e n t   r e s i s t o r . s t e p - 3 @ F u l l   a s s e m b l y             %  
2026-04-16 19:33:51,793 INFO  CommonSwOperations.cs: 254 - Successfully loaded component C:\Users\saran\AppData\Local\Temp\swx29900\IC~~\50wr5j cement resistor.step.SLDPRT
2026-04-16 19:33:51,793 INFO  CommonSwOperations.cs: 245 - Loading component with PID PF     ???+5 0 w r 5 j   c e m e n t   r e s i s t o r . s t e p - 4 @ F u l l   a s s e m b l y             &  
2026-04-16 19:33:51,793 INFO  CommonSwOperations.cs: 254 - Successfully loaded component C:\Users\saran\AppData\Local\Temp\swx29900\IC~~\50wr5j cement resistor.step.SLDPRT
2026-04-16 19:33:51,793 INFO  CommonSwOperations.cs: 245 - Loading component with PID PF     ???IL i t t e l f u s e - S o l e n o i d s - R e l a y s - D C N E V 2 5 0 - S e r i e s - 3 D   M o d e l . s t e p - 1 @ F u l l   a s s e m b l y             ?  
2026-04-16 19:33:51,793 INFO  CommonSwOperations.cs: 254 - Successfully loaded component C:\Users\saran\AppData\Local\Temp\swx29900\IC~~\Littelfuse-Solenoids-Relays-DCNEV250-Series-3D Model.step.SLDPRT
2026-04-16 19:33:51,793 INFO  CommonSwOperations.cs: 245 - Loading component with PID PF     ???+5 0 w r 5 j   c e m e n t   r e s i s t o r . s t e p - 1 @ F u l l   a s s e m b l y             ?  
2026-04-16 19:33:51,793 INFO  CommonSwOperations.cs: 254 - Successfully loaded component C:\Users\saran\AppData\Local\Temp\swx29900\IC~~\50wr5j cement resistor.step.SLDPRT
2026-04-16 19:33:51,793 INFO  CommonSwOperations.cs: 245 - Loading component with PID PF     ???+5 0 w r 5 j   c e m e n t   r e s i s t o r . s t e p - 2 @ F u l l   a s s e m b l y             $  
2026-04-16 19:33:51,793 INFO  CommonSwOperations.cs: 254 - Successfully loaded component C:\Users\saran\AppData\Local\Temp\swx29900\IC~~\50wr5j cement resistor.step.SLDPRT
2026-04-16 19:33:51,793 INFO  CommonSwOperations.cs: 245 - Loading component with PID PF     ???'2 0 - 6 0 v   1 2 v   3 a   c o n v e r t e r - 1 @ F u l l   a s s e m b l y             ?  
2026-04-16 19:33:51,793 INFO  CommonSwOperations.cs: 254 - Successfully loaded component C:\Users\saran\Downloads\Full assembly\20-60v 12v 3a converter.SLDPRT
2026-04-16 19:33:51,793 INFO  CommonSwOperations.cs: 245 - Loading component with PID PF     ???J e t s o n o r i n - 1 @ F u l l   a s s e m b l y             ?  
2026-04-16 19:33:51,793 INFO  CommonSwOperations.cs: 254 - Successfully loaded component C:\Users\saran\Downloads\Full assembly\Jetsonorin.SLDPRT
2026-04-16 19:33:51,793 INFO  CommonSwOperations.cs: 245 - Loading component with PID PF     ???A c e r   U S B   H u b - 1 @ F u l l   a s s e m b l y             ?  
2026-04-16 19:33:51,793 INFO  CommonSwOperations.cs: 254 - Successfully loaded component C:\Users\saran\Downloads\Full assembly\Acer USB Hub.SLDPRT
2026-04-16 19:33:51,793 INFO  CommonSwOperations.cs: 245 - Loading component with PID PF     ???%P a r t 2 5 6 ^ F u l l   a s s e m b l y - 1 @ F u l l   a s s e m b l y               
2026-04-16 19:33:51,793 INFO  CommonSwOperations.cs: 254 - Successfully loaded component C:\Users\saran\AppData\Local\Temp\swx29900\VC~~\Full assembly\Part256^Full assembly.SLDPRT
2026-04-16 19:33:51,793 INFO  CommonSwOperations.cs: 245 - Loading component with PID PF     ???-f r o n t   p l a t e s   v 2 ^ F u l l   a s s e m b l y - 1 @ F u l l   a s s e m b l y             ?  
2026-04-16 19:33:51,793 INFO  CommonSwOperations.cs: 254 - Successfully loaded component C:\Users\saran\AppData\Local\Temp\swx29900\VC~~\Full assembly\front plates v2^Full assembly.SLDPRT
2026-04-16 19:33:51,793 INFO  CommonSwOperations.cs: 245 - Loading component with PID PF     ???)8 0 x 8 0 x 2 5   9   b l a d e   f a n . S T E P - 1 @ F u l l   a s s e m b l y             ?  
2026-04-16 19:33:51,793 INFO  CommonSwOperations.cs: 254 - Successfully loaded component C:\Users\saran\AppData\Local\Temp\swx29900\IC~~\80x80x25 9 blade fan.STEP.SLDASM
2026-04-16 19:33:51,793 INFO  CommonSwOperations.cs: 245 - Loading component with PID PF     ???'S i d e p l a t e ^ F u l l   a s s e m b l y - 3 @ F u l l   a s s e m b l y             ?  
2026-04-16 19:33:51,793 INFO  CommonSwOperations.cs: 254 - Successfully loaded component C:\Users\saran\AppData\Local\Temp\swx29900\VC~~\Full assembly\Sideplate^Full assembly.SLDPRT
2026-04-16 19:33:51,793 INFO  CommonSwOperations.cs: 245 - Loading component with PID PF     ???Nw h e e l   a s s e m b l y - 3 @ F u l l   a s s e m b l y / M o u n t i n g   P l a t e s ^ w h e e l   a s s e m b l y - 1 @ w h e e l   a s s e m b l y               \   
2026-04-16 19:33:51,793 INFO  CommonSwOperations.cs: 254 - Successfully loaded component C:\Users\saran\AppData\Local\Temp\swx29900\VC~~\wheel assembly\Mounting Plates^wheel assembly.SLDPRT
2026-04-16 19:33:51,793 INFO  CommonSwOperations.cs: 245 - Loading component with PID PF     ???"S i d e ^ F u l l   a s s e m b l y - 2 @ F u l l   a s s e m b l y             ?  
2026-04-16 19:33:51,809 INFO  CommonSwOperations.cs: 254 - Successfully loaded component C:\Users\saran\AppData\Local\Temp\swx29900\VC~~\Full assembly\Side^Full assembly.SLDPRT
2026-04-16 19:33:51,809 INFO  CommonSwOperations.cs: 245 - Loading component with PID PF     ???-M i r r o r S i d e p l a t e ^ F u l l   a s s e m b l y - 3 @ F u l l   a s s e m b l y             ?  
2026-04-16 19:33:51,809 INFO  CommonSwOperations.cs: 254 - Successfully loaded component C:\Users\saran\AppData\Local\Temp\swx29900\VC~~\Full assembly\MirrorSideplate^Full assembly.SLDPRT
2026-04-16 19:33:51,809 INFO  CommonSwOperations.cs: 245 - Loading component with PID PF     ???H C - S R 0 4 - 4 @ F u l l   a s s e m b l y             ?  
2026-04-16 19:33:51,809 INFO  CommonSwOperations.cs: 254 - Successfully loaded component C:\Users\saran\Downloads\Full assembly\HC-SR04.SLDPRT
2026-04-16 19:33:51,809 INFO  CommonSwOperations.cs: 245 - Loading component with PID PF     ???H C - S R 0 4 - 3 @ F u l l   a s s e m b l y             `  
2026-04-16 19:33:51,809 INFO  CommonSwOperations.cs: 254 - Successfully loaded component C:\Users\saran\Downloads\Full assembly\HC-SR04.SLDPRT
2026-04-16 19:33:51,809 INFO  CommonSwOperations.cs: 245 - Loading component with PID PF     ???M i r r o r H C - S R 0 4 - 5 @ F u l l   a s s e m b l y             ?  
2026-04-16 19:33:51,809 INFO  CommonSwOperations.cs: 254 - Successfully loaded component C:\Users\saran\Downloads\Full assembly\MirrorHC-SR04.SLDPRT
2026-04-16 19:33:51,809 INFO  CommonSwOperations.cs: 245 - Loading component with PID PF     ???'S i d e p l a t e ^ F u l l   a s s e m b l y - 2 @ F u l l   a s s e m b l y             s  
2026-04-16 19:33:51,809 INFO  CommonSwOperations.cs: 254 - Successfully loaded component C:\Users\saran\AppData\Local\Temp\swx29900\VC~~\Full assembly\Sideplate^Full assembly.SLDPRT
2026-04-16 19:33:51,809 INFO  CommonSwOperations.cs: 245 - Loading component with PID PF     ???Nw h e e l   a s s e m b l y - 1 @ F u l l   a s s e m b l y / M o u n t i n g   P l a t e s ^ w h e e l   a s s e m b l y - 1 @ w h e e l   a s s e m b l y               \   
2026-04-16 19:33:51,809 INFO  CommonSwOperations.cs: 254 - Successfully loaded component C:\Users\saran\AppData\Local\Temp\swx29900\VC~~\wheel assembly\Mounting Plates^wheel assembly.SLDPRT
2026-04-16 19:33:51,809 INFO  CommonSwOperations.cs: 245 - Loading component with PID PF     ???Nw h e e l   a s s e m b l y - 4 @ F u l l   a s s e m b l y / M o u n t i n g   P l a t e s ^ w h e e l   a s s e m b l y - 1 @ w h e e l   a s s e m b l y               \   
2026-04-16 19:33:51,809 INFO  CommonSwOperations.cs: 254 - Successfully loaded component C:\Users\saran\AppData\Local\Temp\swx29900\VC~~\wheel assembly\Mounting Plates^wheel assembly.SLDPRT
2026-04-16 19:33:51,809 INFO  CommonSwOperations.cs: 245 - Loading component with PID PF     ???Nw h e e l   a s s e m b l y - 2 @ F u l l   a s s e m b l y / M o u n t i n g   P l a t e s ^ w h e e l   a s s e m b l y - 1 @ w h e e l   a s s e m b l y             	  \   
2026-04-16 19:33:51,809 INFO  CommonSwOperations.cs: 254 - Successfully loaded component C:\Users\saran\AppData\Local\Temp\swx29900\VC~~\wheel assembly\Mounting Plates^wheel assembly.SLDPRT
2026-04-16 19:33:51,809 INFO  CommonSwOperations.cs: 245 - Loading component with PID PF     ???|w h e e l   a s s e m b l y - 4 @ F u l l   a s s e m b l y / 7 0 7 0   M o t o r   s u b a s s e m b l y - 1 @ w h e e l   a s s e m b l y / P a r t 3 ^ 7 0 7 0   M o t o r   s u b a s s e m b l y - 1 @ 7 0 7 0   M o t o r   s u b a s s e m b l y               Z      
2026-04-16 19:33:51,809 INFO  CommonSwOperations.cs: 254 - Successfully loaded component C:\Users\saran\AppData\Local\Temp\swx29900\VC~~\7070 Motor subassembly\Part3^7070 Motor subassembly.SLDPRT
2026-04-16 19:33:51,809 INFO  CommonSwOperations.cs: 245 - Loading component with PID PF     ???Sw h e e l   a s s e m b l y - 4 @ F u l l   a s s e m b l y / O D r i v e   S 1   H o u s i n g   +   D r i v e r   A s s e m b l y - 1 @ w h e e l   a s s e m b l y               f   
2026-04-16 19:33:51,809 INFO  CommonSwOperations.cs: 254 - Successfully loaded component C:\Users\saran\Downloads\Full assembly\ODrive S1 Housing + Driver Assembly.SLDPRT
2026-04-16 19:33:51,809 INFO  CommonSwOperations.cs: 245 - Loading component with PID PF     ???Mw h e e l   a s s e m b l y - 4 @ F u l l   a s s e m b l y / O d r i v e   B r a c k e t ^ w h e e l   a s s e m b l y - 1 @ w h e e l   a s s e m b l y               l   
2026-04-16 19:33:51,809 INFO  CommonSwOperations.cs: 254 - Successfully loaded component C:\Users\saran\AppData\Local\Temp\swx29900\VC~~\wheel assembly\Odrive Bracket^wheel assembly.SLDPRT
2026-04-16 19:33:51,809 INFO  CommonSwOperations.cs: 245 - Loading component with PID PF     ???|w h e e l   a s s e m b l y - 4 @ F u l l   a s s e m b l y / 7 0 7 0   M o t o r   s u b a s s e m b l y - 1 @ w h e e l   a s s e m b l y / P a r t 2 ^ 7 0 7 0   M o t o r   s u b a s s e m b l y - 1 @ 7 0 7 0   M o t o r   s u b a s s e m b l y               Z      
2026-04-16 19:33:51,809 INFO  CommonSwOperations.cs: 254 - Successfully loaded component C:\Users\saran\AppData\Local\Temp\swx29900\VC~~\7070 Motor subassembly\Part2^7070 Motor subassembly.SLDPRT
2026-04-16 19:33:51,820 INFO  CommonSwOperations.cs: 245 - Loading component with PID PF     ???;w h e e l   a s s e m b l y - 4 @ F u l l   a s s e m b l y / E G 2 3 - G 2 0 - D 8 - 1 @ w h e e l   a s s e m b l y                  
2026-04-16 19:33:51,825 INFO  CommonSwOperations.cs: 254 - Successfully loaded component C:\Users\saran\Downloads\Full assembly\EG23-G20-D8.SLDPRT
2026-04-16 19:33:51,825 INFO  CommonSwOperations.cs: 245 - Loading component with PID PF     ???|w h e e l   a s s e m b l y - 2 @ F u l l   a s s e m b l y / 7 0 7 0   M o t o r   s u b a s s e m b l y - 1 @ w h e e l   a s s e m b l y / P a r t 3 ^ 7 0 7 0   M o t o r   s u b a s s e m b l y - 1 @ 7 0 7 0   M o t o r   s u b a s s e m b l y             	  Z      
2026-04-16 19:33:51,825 INFO  CommonSwOperations.cs: 254 - Successfully loaded component C:\Users\saran\AppData\Local\Temp\swx29900\VC~~\7070 Motor subassembly\Part3^7070 Motor subassembly.SLDPRT
2026-04-16 19:33:51,825 INFO  CommonSwOperations.cs: 245 - Loading component with PID PF     ???Mw h e e l   a s s e m b l y - 2 @ F u l l   a s s e m b l y / O d r i v e   B r a c k e t ^ w h e e l   a s s e m b l y - 1 @ w h e e l   a s s e m b l y             	  l   
2026-04-16 19:33:51,825 INFO  CommonSwOperations.cs: 254 - Successfully loaded component C:\Users\saran\AppData\Local\Temp\swx29900\VC~~\wheel assembly\Odrive Bracket^wheel assembly.SLDPRT
2026-04-16 19:33:51,825 INFO  CommonSwOperations.cs: 245 - Loading component with PID PF     ???Sw h e e l   a s s e m b l y - 2 @ F u l l   a s s e m b l y / O D r i v e   S 1   H o u s i n g   +   D r i v e r   A s s e m b l y - 1 @ w h e e l   a s s e m b l y             	  f   
2026-04-16 19:33:51,825 INFO  CommonSwOperations.cs: 254 - Successfully loaded component C:\Users\saran\Downloads\Full assembly\ODrive S1 Housing + Driver Assembly.SLDPRT
2026-04-16 19:33:51,825 INFO  CommonSwOperations.cs: 245 - Loading component with PID PF     ???|w h e e l   a s s e m b l y - 2 @ F u l l   a s s e m b l y / 7 0 7 0   M o t o r   s u b a s s e m b l y - 1 @ w h e e l   a s s e m b l y / P a r t 2 ^ 7 0 7 0   M o t o r   s u b a s s e m b l y - 1 @ 7 0 7 0   M o t o r   s u b a s s e m b l y             	  Z      
2026-04-16 19:33:51,825 INFO  CommonSwOperations.cs: 254 - Successfully loaded component C:\Users\saran\AppData\Local\Temp\swx29900\VC~~\7070 Motor subassembly\Part2^7070 Motor subassembly.SLDPRT
2026-04-16 19:33:51,825 INFO  CommonSwOperations.cs: 245 - Loading component with PID PF     ???;w h e e l   a s s e m b l y - 2 @ F u l l   a s s e m b l y / E G 2 3 - G 2 0 - D 8 - 1 @ w h e e l   a s s e m b l y             	     
2026-04-16 19:33:51,825 INFO  CommonSwOperations.cs: 254 - Successfully loaded component C:\Users\saran\Downloads\Full assembly\EG23-G20-D8.SLDPRT
2026-04-16 19:33:51,825 INFO  CommonSwOperations.cs: 245 - Loading component with PID PF     ???\w h e e l   a s s e m b l y - 2 @ F u l l   a s s e m b l y / G e a r b o x h o u s i n g   b e a r i n g   s l e e v e ^ w h e e l   a s s e m b l y - 1 @ w h e e l   a s s e m b l y             	  .   
2026-04-16 19:33:51,825 INFO  CommonSwOperations.cs: 254 - Successfully loaded component C:\Users\saran\AppData\Local\Temp\swx29900\VC~~\wheel assembly\Gearboxhousing bearing sleeve^wheel assembly.SLDPRT
2026-04-16 19:33:51,825 INFO  CommonSwOperations.cs: 245 - Loading component with PID PF     ???\w h e e l   a s s e m b l y - 4 @ F u l l   a s s e m b l y / G e a r b o x h o u s i n g   b e a r i n g   s l e e v e ^ w h e e l   a s s e m b l y - 1 @ w h e e l   a s s e m b l y               .   
2026-04-16 19:33:51,825 INFO  CommonSwOperations.cs: 254 - Successfully loaded component C:\Users\saran\AppData\Local\Temp\swx29900\VC~~\wheel assembly\Gearboxhousing bearing sleeve^wheel assembly.SLDPRT
2026-04-16 19:33:51,825 INFO  CommonSwOperations.cs: 245 - Loading component with PID PF     ???|w h e e l   a s s e m b l y - 3 @ F u l l   a s s e m b l y / 7 0 7 0   M o t o r   s u b a s s e m b l y - 1 @ w h e e l   a s s e m b l y / P a r t 3 ^ 7 0 7 0   M o t o r   s u b a s s e m b l y - 1 @ 7 0 7 0   M o t o r   s u b a s s e m b l y               Z      
2026-04-16 19:33:51,825 INFO  CommonSwOperations.cs: 254 - Successfully loaded component C:\Users\saran\AppData\Local\Temp\swx29900\VC~~\7070 Motor subassembly\Part3^7070 Motor subassembly.SLDPRT
2026-04-16 19:33:51,825 INFO  CommonSwOperations.cs: 245 - Loading component with PID PF     ???Mw h e e l   a s s e m b l y - 3 @ F u l l   a s s e m b l y / O d r i v e   B r a c k e t ^ w h e e l   a s s e m b l y - 1 @ w h e e l   a s s e m b l y               l   
2026-04-16 19:33:51,825 INFO  CommonSwOperations.cs: 254 - Successfully loaded component C:\Users\saran\AppData\Local\Temp\swx29900\VC~~\wheel assembly\Odrive Bracket^wheel assembly.SLDPRT
2026-04-16 19:33:51,825 INFO  CommonSwOperations.cs: 245 - Loading component with PID PF     ???Sw h e e l   a s s e m b l y - 3 @ F u l l   a s s e m b l y / O D r i v e   S 1   H o u s i n g   +   D r i v e r   A s s e m b l y - 1 @ w h e e l   a s s e m b l y               f   
2026-04-16 19:33:51,825 INFO  CommonSwOperations.cs: 254 - Successfully loaded component C:\Users\saran\Downloads\Full assembly\ODrive S1 Housing + Driver Assembly.SLDPRT
2026-04-16 19:33:51,825 INFO  CommonSwOperations.cs: 245 - Loading component with PID PF     ???|w h e e l   a s s e m b l y - 3 @ F u l l   a s s e m b l y / 7 0 7 0   M o t o r   s u b a s s e m b l y - 1 @ w h e e l   a s s e m b l y / P a r t 2 ^ 7 0 7 0   M o t o r   s u b a s s e m b l y - 1 @ 7 0 7 0   M o t o r   s u b a s s e m b l y               Z      
2026-04-16 19:33:51,825 INFO  CommonSwOperations.cs: 254 - Successfully loaded component C:\Users\saran\AppData\Local\Temp\swx29900\VC~~\7070 Motor subassembly\Part2^7070 Motor subassembly.SLDPRT
2026-04-16 19:33:51,825 INFO  CommonSwOperations.cs: 245 - Loading component with PID PF     ???;w h e e l   a s s e m b l y - 3 @ F u l l   a s s e m b l y / E G 2 3 - G 2 0 - D 8 - 1 @ w h e e l   a s s e m b l y                  
2026-04-16 19:33:51,825 INFO  CommonSwOperations.cs: 254 - Successfully loaded component C:\Users\saran\Downloads\Full assembly\EG23-G20-D8.SLDPRT
2026-04-16 19:33:51,825 INFO  CommonSwOperations.cs: 245 - Loading component with PID PF     ???\w h e e l   a s s e m b l y - 3 @ F u l l   a s s e m b l y / G e a r b o x h o u s i n g   b e a r i n g   s l e e v e ^ w h e e l   a s s e m b l y - 1 @ w h e e l   a s s e m b l y               .   
2026-04-16 19:33:51,825 INFO  CommonSwOperations.cs: 254 - Successfully loaded component C:\Users\saran\AppData\Local\Temp\swx29900\VC~~\wheel assembly\Gearboxhousing bearing sleeve^wheel assembly.SLDPRT
2026-04-16 19:33:51,825 INFO  CommonSwOperations.cs: 245 - Loading component with PID PF     ???|w h e e l   a s s e m b l y - 1 @ F u l l   a s s e m b l y / 7 0 7 0   M o t o r   s u b a s s e m b l y - 1 @ w h e e l   a s s e m b l y / P a r t 3 ^ 7 0 7 0   M o t o r   s u b a s s e m b l y - 1 @ 7 0 7 0   M o t o r   s u b a s s e m b l y               Z      
2026-04-16 19:33:51,825 INFO  CommonSwOperations.cs: 254 - Successfully loaded component C:\Users\saran\AppData\Local\Temp\swx29900\VC~~\7070 Motor subassembly\Part3^7070 Motor subassembly.SLDPRT
2026-04-16 19:33:51,825 INFO  CommonSwOperations.cs: 245 - Loading component with PID PF     ???Mw h e e l   a s s e m b l y - 1 @ F u l l   a s s e m b l y / O d r i v e   B r a c k e t ^ w h e e l   a s s e m b l y - 1 @ w h e e l   a s s e m b l y               l   
2026-04-16 19:33:51,825 INFO  CommonSwOperations.cs: 254 - Successfully loaded component C:\Users\saran\AppData\Local\Temp\swx29900\VC~~\wheel assembly\Odrive Bracket^wheel assembly.SLDPRT
2026-04-16 19:33:51,825 INFO  CommonSwOperations.cs: 245 - Loading component with PID PF     ???Sw h e e l   a s s e m b l y - 1 @ F u l l   a s s e m b l y / O D r i v e   S 1   H o u s i n g   +   D r i v e r   A s s e m b l y - 1 @ w h e e l   a s s e m b l y               f   
2026-04-16 19:33:51,825 INFO  CommonSwOperations.cs: 254 - Successfully loaded component C:\Users\saran\Downloads\Full assembly\ODrive S1 Housing + Driver Assembly.SLDPRT
2026-04-16 19:33:51,825 INFO  CommonSwOperations.cs: 245 - Loading component with PID PF     ???|w h e e l   a s s e m b l y - 1 @ F u l l   a s s e m b l y / 7 0 7 0   M o t o r   s u b a s s e m b l y - 1 @ w h e e l   a s s e m b l y / P a r t 2 ^ 7 0 7 0   M o t o r   s u b a s s e m b l y - 1 @ 7 0 7 0   M o t o r   s u b a s s e m b l y               Z      
2026-04-16 19:33:51,825 INFO  CommonSwOperations.cs: 254 - Successfully loaded component C:\Users\saran\AppData\Local\Temp\swx29900\VC~~\7070 Motor subassembly\Part2^7070 Motor subassembly.SLDPRT
2026-04-16 19:33:51,825 INFO  CommonSwOperations.cs: 245 - Loading component with PID PF     ???;w h e e l   a s s e m b l y - 1 @ F u l l   a s s e m b l y / E G 2 3 - G 2 0 - D 8 - 1 @ w h e e l   a s s e m b l y                  
2026-04-16 19:33:51,825 INFO  CommonSwOperations.cs: 254 - Successfully loaded component C:\Users\saran\Downloads\Full assembly\EG23-G20-D8.SLDPRT
2026-04-16 19:33:51,825 INFO  CommonSwOperations.cs: 245 - Loading component with PID PF     ???\w h e e l   a s s e m b l y - 1 @ F u l l   a s s e m b l y / G e a r b o x h o u s i n g   b e a r i n g   s l e e v e ^ w h e e l   a s s e m b l y - 1 @ w h e e l   a s s e m b l y               .   
2026-04-16 19:33:51,825 INFO  CommonSwOperations.cs: 254 - Successfully loaded component C:\Users\saran\AppData\Local\Temp\swx29900\VC~~\wheel assembly\Gearboxhousing bearing sleeve^wheel assembly.SLDPRT
2026-04-16 19:33:51,825 INFO  CommonSwOperations.cs: 245 - Loading component with PID PF     ???/B S B   3 0 x 3 0 - 8   3 2 2 m m   ( t a p p e d   e n d s ) - 2 @ F u l l   a s s e m b l y             b  
2026-04-16 19:33:51,825 INFO  CommonSwOperations.cs: 254 - Successfully loaded component C:\Users\saran\Downloads\Full assembly\BSB 30x30-8 322mm (tapped ends).SLDPRT
2026-04-16 19:33:51,825 INFO  CommonSwOperations.cs: 245 - Loading component with PID PF     ???!B S B   3 0 x 3 0 - 8   2 6 2 m m - 5 @ F u l l   a s s e m b l y             p  
2026-04-16 19:33:51,825 INFO  CommonSwOperations.cs: 254 - Successfully loaded component C:\Users\saran\Downloads\Full assembly\BSB 30x30-8 262mm.SLDPRT
2026-04-16 19:33:51,825 INFO  CommonSwOperations.cs: 230 - Loaded 88 components for link base_link
2026-04-16 19:33:51,825 INFO  CommonSwOperations.cs: 221 - Loading SolidWorks components for front_left_wheel from C:\Users\saran\Downloads\Full assembly\Full assembly.SLDASM
2026-04-16 19:33:51,825 INFO  CommonSwOperations.cs: 245 - Loading component with PID PF     ???Ew h e e l   a s s e m b l y - 3 @ F u l l   a s s e m b l y / W h e e l   3 d s c a n   b a s e d   V 3 - 1 @ w h e e l   a s s e m b l y               ?   
2026-04-16 19:33:51,825 INFO  CommonSwOperations.cs: 254 - Successfully loaded component C:\Users\saran\Downloads\Full assembly\Wheel 3dscan based V3.SLDPRT
2026-04-16 19:33:51,825 INFO  CommonSwOperations.cs: 245 - Loading component with PID PF     ???Nw h e e l   a s s e m b l y - 3 @ F u l l   a s s e m b l y / W h e e l   h u b   p l a t e ^ w h e e l   a s s e m b l y - 1 @ w h e e l   a s s e m b l y               M   
2026-04-16 19:33:51,825 INFO  CommonSwOperations.cs: 254 - Successfully loaded component C:\Users\saran\AppData\Local\Temp\swx29900\VC~~\wheel assembly\Wheel hub plate^wheel assembly.SLDPRT
2026-04-16 19:33:51,825 INFO  CommonSwOperations.cs: 245 - Loading component with PID PF     ???Dw h e e l   a s s e m b l y - 3 @ F u l l   a s s e m b l y / P a r t 2 ^ w h e e l   a s s e m b l y - 1 @ w h e e l   a s s e m b l y               ?   
2026-04-16 19:33:51,825 INFO  CommonSwOperations.cs: 254 - Successfully loaded component C:\Users\saran\AppData\Local\Temp\swx29900\VC~~\wheel assembly\Part2^wheel assembly.SLDPRT
2026-04-16 19:33:51,825 INFO  CommonSwOperations.cs: 245 - Loading component with PID PF     ???Pw h e e l   a s s e m b l y - 3 @ F u l l   a s s e m b l y / 1 4 m m   k e y w a y   f l a n g e   c o u p l i n g   ( m 5 ) - 1 @ w h e e l   a s s e m b l y                  
2026-04-16 19:33:51,825 INFO  CommonSwOperations.cs: 254 - Successfully loaded component C:\Users\saran\Downloads\Full assembly\14mm keyway flange coupling (m5).SLDPRT
2026-04-16 19:33:51,841 INFO  CommonSwOperations.cs: 245 - Loading component with PID PF     ???Hw h e e l   a s s e m b l y - 3 @ F u l l   a s s e m b l y / W h e e l   c u p ^ w h e e l   a s s e m b l y - 1 @ w h e e l   a s s e m b l y               ?   
2026-04-16 19:33:51,841 INFO  CommonSwOperations.cs: 254 - Successfully loaded component C:\Users\saran\AppData\Local\Temp\swx29900\VC~~\wheel assembly\Wheel cup^wheel assembly.SLDPRT
2026-04-16 19:33:51,841 INFO  CommonSwOperations.cs: 230 - Loaded 5 components for link front_left_wheel
2026-04-16 19:33:51,841 INFO  CommonSwOperations.cs: 221 - Loading SolidWorks components for front_right_wheel from C:\Users\saran\Downloads\Full assembly\Full assembly.SLDASM
2026-04-16 19:33:51,841 INFO  CommonSwOperations.cs: 245 - Loading component with PID PF     ???Ew h e e l   a s s e m b l y - 1 @ F u l l   a s s e m b l y / W h e e l   3 d s c a n   b a s e d   V 3 - 1 @ w h e e l   a s s e m b l y               ?   
2026-04-16 19:33:51,843 INFO  CommonSwOperations.cs: 254 - Successfully loaded component C:\Users\saran\Downloads\Full assembly\Wheel 3dscan based V3.SLDPRT
2026-04-16 19:33:51,843 INFO  CommonSwOperations.cs: 245 - Loading component with PID PF     ???Nw h e e l   a s s e m b l y - 1 @ F u l l   a s s e m b l y / W h e e l   h u b   p l a t e ^ w h e e l   a s s e m b l y - 1 @ w h e e l   a s s e m b l y               M   
2026-04-16 19:33:51,843 INFO  CommonSwOperations.cs: 254 - Successfully loaded component C:\Users\saran\AppData\Local\Temp\swx29900\VC~~\wheel assembly\Wheel hub plate^wheel assembly.SLDPRT
2026-04-16 19:33:51,843 INFO  CommonSwOperations.cs: 245 - Loading component with PID PF     ???Dw h e e l   a s s e m b l y - 1 @ F u l l   a s s e m b l y / P a r t 2 ^ w h e e l   a s s e m b l y - 1 @ w h e e l   a s s e m b l y               ?   
2026-04-16 19:33:51,843 INFO  CommonSwOperations.cs: 254 - Successfully loaded component C:\Users\saran\AppData\Local\Temp\swx29900\VC~~\wheel assembly\Part2^wheel assembly.SLDPRT
2026-04-16 19:33:51,843 INFO  CommonSwOperations.cs: 245 - Loading component with PID PF     ???Pw h e e l   a s s e m b l y - 1 @ F u l l   a s s e m b l y / 1 4 m m   k e y w a y   f l a n g e   c o u p l i n g   ( m 5 ) - 1 @ w h e e l   a s s e m b l y                  
2026-04-16 19:33:51,843 INFO  CommonSwOperations.cs: 254 - Successfully loaded component C:\Users\saran\Downloads\Full assembly\14mm keyway flange coupling (m5).SLDPRT
2026-04-16 19:33:51,843 INFO  CommonSwOperations.cs: 245 - Loading component with PID PF     ???Hw h e e l   a s s e m b l y - 1 @ F u l l   a s s e m b l y / W h e e l   c u p ^ w h e e l   a s s e m b l y - 1 @ w h e e l   a s s e m b l y               ?   
2026-04-16 19:33:51,843 INFO  CommonSwOperations.cs: 254 - Successfully loaded component C:\Users\saran\AppData\Local\Temp\swx29900\VC~~\wheel assembly\Wheel cup^wheel assembly.SLDPRT
2026-04-16 19:33:51,843 INFO  CommonSwOperations.cs: 230 - Loaded 5 components for link front_right_wheel
2026-04-16 19:33:51,843 INFO  CommonSwOperations.cs: 221 - Loading SolidWorks components for rear_left_wheel from C:\Users\saran\Downloads\Full assembly\Full assembly.SLDASM
2026-04-16 19:33:51,843 INFO  CommonSwOperations.cs: 245 - Loading component with PID PF     ???Ew h e e l   a s s e m b l y - 2 @ F u l l   a s s e m b l y / W h e e l   3 d s c a n   b a s e d   V 3 - 1 @ w h e e l   a s s e m b l y             	  ?   
2026-04-16 19:33:51,843 INFO  CommonSwOperations.cs: 254 - Successfully loaded component C:\Users\saran\Downloads\Full assembly\Wheel 3dscan based V3.SLDPRT
2026-04-16 19:33:51,843 INFO  CommonSwOperations.cs: 245 - Loading component with PID PF     ???Nw h e e l   a s s e m b l y - 2 @ F u l l   a s s e m b l y / W h e e l   h u b   p l a t e ^ w h e e l   a s s e m b l y - 1 @ w h e e l   a s s e m b l y             	  M   
2026-04-16 19:33:51,843 INFO  CommonSwOperations.cs: 254 - Successfully loaded component C:\Users\saran\AppData\Local\Temp\swx29900\VC~~\wheel assembly\Wheel hub plate^wheel assembly.SLDPRT
2026-04-16 19:33:51,843 INFO  CommonSwOperations.cs: 245 - Loading component with PID PF     ???Dw h e e l   a s s e m b l y - 2 @ F u l l   a s s e m b l y / P a r t 2 ^ w h e e l   a s s e m b l y - 1 @ w h e e l   a s s e m b l y             	  ?   
2026-04-16 19:33:51,843 INFO  CommonSwOperations.cs: 254 - Successfully loaded component C:\Users\saran\AppData\Local\Temp\swx29900\VC~~\wheel assembly\Part2^wheel assembly.SLDPRT
2026-04-16 19:33:51,843 INFO  CommonSwOperations.cs: 245 - Loading component with PID PF     ???Pw h e e l   a s s e m b l y - 2 @ F u l l   a s s e m b l y / 1 4 m m   k e y w a y   f l a n g e   c o u p l i n g   ( m 5 ) - 1 @ w h e e l   a s s e m b l y             	     
2026-04-16 19:33:51,843 INFO  CommonSwOperations.cs: 254 - Successfully loaded component C:\Users\saran\Downloads\Full assembly\14mm keyway flange coupling (m5).SLDPRT
2026-04-16 19:33:51,843 INFO  CommonSwOperations.cs: 245 - Loading component with PID PF     ???Hw h e e l   a s s e m b l y - 2 @ F u l l   a s s e m b l y / W h e e l   c u p ^ w h e e l   a s s e m b l y - 1 @ w h e e l   a s s e m b l y             	  ?   
2026-04-16 19:33:51,843 INFO  CommonSwOperations.cs: 254 - Successfully loaded component C:\Users\saran\AppData\Local\Temp\swx29900\VC~~\wheel assembly\Wheel cup^wheel assembly.SLDPRT
2026-04-16 19:33:51,843 INFO  CommonSwOperations.cs: 230 - Loaded 5 components for link rear_left_wheel
2026-04-16 19:33:51,843 INFO  CommonSwOperations.cs: 221 - Loading SolidWorks components for rear_right_wheel from C:\Users\saran\Downloads\Full assembly\Full assembly.SLDASM
2026-04-16 19:33:51,843 INFO  CommonSwOperations.cs: 245 - Loading component with PID PF     ???Ew h e e l   a s s e m b l y - 4 @ F u l l   a s s e m b l y / W h e e l   3 d s c a n   b a s e d   V 3 - 1 @ w h e e l   a s s e m b l y               ?   
2026-04-16 19:33:51,843 INFO  CommonSwOperations.cs: 254 - Successfully loaded component C:\Users\saran\Downloads\Full assembly\Wheel 3dscan based V3.SLDPRT
2026-04-16 19:33:51,843 INFO  CommonSwOperations.cs: 245 - Loading component with PID PF     ???Nw h e e l   a s s e m b l y - 4 @ F u l l   a s s e m b l y / W h e e l   h u b   p l a t e ^ w h e e l   a s s e m b l y - 1 @ w h e e l   a s s e m b l y               M   
2026-04-16 19:33:51,843 INFO  CommonSwOperations.cs: 254 - Successfully loaded component C:\Users\saran\AppData\Local\Temp\swx29900\VC~~\wheel assembly\Wheel hub plate^wheel assembly.SLDPRT
2026-04-16 19:33:51,843 INFO  CommonSwOperations.cs: 245 - Loading component with PID PF     ???Dw h e e l   a s s e m b l y - 4 @ F u l l   a s s e m b l y / P a r t 2 ^ w h e e l   a s s e m b l y - 1 @ w h e e l   a s s e m b l y               ?   
2026-04-16 19:33:51,843 INFO  CommonSwOperations.cs: 254 - Successfully loaded component C:\Users\saran\AppData\Local\Temp\swx29900\VC~~\wheel assembly\Part2^wheel assembly.SLDPRT
2026-04-16 19:33:51,843 INFO  CommonSwOperations.cs: 245 - Loading component with PID PF     ???Pw h e e l   a s s e m b l y - 4 @ F u l l   a s s e m b l y / 1 4 m m   k e y w a y   f l a n g e   c o u p l i n g   ( m 5 ) - 1 @ w h e e l   a s s e m b l y                  
2026-04-16 19:33:51,843 INFO  CommonSwOperations.cs: 254 - Successfully loaded component C:\Users\saran\Downloads\Full assembly\14mm keyway flange coupling (m5).SLDPRT
2026-04-16 19:33:51,843 INFO  CommonSwOperations.cs: 245 - Loading component with PID PF     ???Hw h e e l   a s s e m b l y - 4 @ F u l l   a s s e m b l y / W h e e l   c u p ^ w h e e l   a s s e m b l y - 1 @ w h e e l   a s s e m b l y               ?   
2026-04-16 19:33:51,843 INFO  CommonSwOperations.cs: 254 - Successfully loaded component C:\Users\saran\AppData\Local\Temp\swx29900\VC~~\wheel assembly\Wheel cup^wheel assembly.SLDPRT
2026-04-16 19:33:51,843 INFO  CommonSwOperations.cs: 230 - Loaded 5 components for link rear_right_wheel
2026-04-16 19:33:51,843 INFO  CommonSwOperations.cs: 221 - Loading SolidWorks components for front_lidar from C:\Users\saran\Downloads\Full assembly\Full assembly.SLDASM
2026-04-16 19:33:51,843 INFO  CommonSwOperations.cs: 245 - Loading component with PID PF     ????r o b o s e n s e   a i r y . s t e p - 1 @ F u l l   a s s e m b l y / 0 3 5 0 _ _ _ _ - _ F O V   _ 1 _ . s t e p - 1 @ r o b o s e n s e   a i r y . s t e p / R S - D 1 0 3 - 0 0 9 2 - 0 0 _ _ _ _ _ _ _ _ _ _ _ 1 . s t e p - 1 @ 0 3 5 0 _ _ _ _ - _ F O V   _ 1 _ . s t e p             ?        
2026-04-16 19:33:51,843 INFO  CommonSwOperations.cs: 254 - Successfully loaded component C:\Users\saran\AppData\Local\Temp\swx29900\IC~~\RS-D103-0092-00___________1.step.SLDPRT
2026-04-16 19:33:51,843 INFO  CommonSwOperations.cs: 230 - Loaded 1 components for link front_lidar
2026-04-16 19:33:51,843 INFO  CommonSwOperations.cs: 221 - Loading SolidWorks components for rear_lidar from C:\Users\saran\Downloads\Full assembly\Full assembly.SLDASM
2026-04-16 19:33:51,843 INFO  CommonSwOperations.cs: 245 - Loading component with PID PF     ???#Y D L i D A R   T - m i n i   P l u s - 3 @ F u l l   a s s e m b l y             ?  
2026-04-16 19:33:51,843 INFO  CommonSwOperations.cs: 254 - Successfully loaded component C:\Users\saran\Downloads\Full assembly\YDLiDAR T-mini Plus.SLDPRT
2026-04-16 19:33:51,843 INFO  CommonSwOperations.cs: 230 - Loaded 1 components for link rear_lidar
2026-04-16 19:33:51,843 INFO  CommonSwOperations.cs: 221 - Loading SolidWorks components for camera from C:\Users\saran\Downloads\Full assembly\Full assembly.SLDASM
2026-04-16 19:33:51,843 INFO  CommonSwOperations.cs: 245 - Loading component with PID PF     ???$D 4 3 5 I F   w i t h o u t   c o v e r - 2 @ F u l l   a s s e m b l y             ?  
2026-04-16 19:33:51,843 INFO  CommonSwOperations.cs: 254 - Successfully loaded component C:\Users\saran\Downloads\Full assembly\D435IF without cover.SLDPRT
2026-04-16 19:33:51,843 INFO  CommonSwOperations.cs: 230 - Loaded 1 components for link camera
2026-04-16 19:33:51,843 INFO  CommonSwOperations.cs: 221 - Loading SolidWorks components for imu from C:\Users\saran\Downloads\Full assembly\Full assembly.SLDASM
2026-04-16 19:33:51,843 INFO  CommonSwOperations.cs: 245 - Loading component with PID PF     ???#A D A F R U I T   b n o 0 8 5   I M U - 1 @ F u l l   a s s e m b l y             ?  
2026-04-16 19:33:51,843 INFO  CommonSwOperations.cs: 254 - Successfully loaded component C:\Users\saran\Downloads\Full assembly\ADAFRUIT bno085 IMU.SLDPRT
2026-04-16 19:33:51,843 INFO  CommonSwOperations.cs: 230 - Loaded 1 components for link imu
2026-04-16 19:33:58,159 INFO  SwAddin.cs: 344 - Showing property manager
2026-04-16 19:34:36,417 INFO  ExportPropertyManager.cs: 422 - Configuration saved
2026-04-16 19:34:36,417 INFO  ConfigurationSerialization.cs: 276 - URDF Configuration found
<Link z:Id="i1" xmlns="http://schemas.datacontract.org/2004/07/SW2URDF" xmlns:i="http://www.w3.org/2001/XMLSchema-instance" xmlns:z="http://schemas.microsoft.com/2003/10/Serialization/"><Attributes><Attribute z:Id="i2"><AttributeType>name</AttributeType><IsRequired>true</IsRequired><Value i:type="a:string" xmlns:a="http://www.w3.org/2001/XMLSchema">base_link</Value></Attribute></Attributes><ChildElements><URDFElement z:Id="i3" i:type="Inertial"><Attributes/><ChildElements><URDFElement z:Id="i4" i:type="Origin"><Attributes><Attribute z:Id="i5"><AttributeType>xyz</AttributeType><IsRequired>true</IsRequired><Value i:type="a:ArrayOfdouble" xmlns:a="http://schemas.microsoft.com/2003/10/Serialization/Arrays"><a:double>0</a:double><a:double>0</a:double><a:double>0</a:double></Value></Attribute><Attribute z:Id="i6"><AttributeType>rpy</AttributeType><IsRequired>true</IsRequired><Value i:type="a:ArrayOfdouble" xmlns:a="http://schemas.microsoft.com/2003/10/Serialization/Arrays"><a:double>0</a:double><a:double>0</a:double><a:double>0</a:double></Value></Attribute></Attributes><ChildElements/><ElementName>origin</ElementName><required>false</required><RPYAttribute z:Ref="i6"/><XYZAttribute z:Ref="i5"/><isCustomized>false</isCustomized></URDFElement><URDFElement z:Id="i7" i:type="Mass"><Attributes><Attribute z:Id="i8"><AttributeType>value</AttributeType><IsRequired>true</IsRequired><Value i:type="a:double" xmlns:a="http://www.w3.org/2001/XMLSchema">0</Value></Attribute></Attributes><ChildElements/><ElementName>mass</ElementName><required>false</required><ValueAttribute z:Ref="i8"/></URDFElement><URDFElement z:Id="i9" i:type="Inertia"><Attributes><Attribute z:Id="i10"><AttributeType>ixx</AttributeType><IsRequired>true</IsRequired><Value i:type="a:double" xmlns:a="http://www.w3.org/2001/XMLSchema">0</Value></Attribute><Attribute z:Id="i11"><AttributeType>ixy</AttributeType><IsRequired>true</IsRequired><Value i:type="a:double" xmlns:a="http://www.w3.org/2001/XMLSchema">0</Value></Attribute><Attribute z:Id="i12"><AttributeType>ixz</AttributeType><IsRequired>true</IsRequired><Value i:type="a:double" xmlns:a="http://www.w3.org/2001/XMLSchema">0</Value></Attribute><Attribute z:Id="i13"><AttributeType>iyy</AttributeType><IsRequired>true</IsRequired><Value i:type="a:double" xmlns:a="http://www.w3.org/2001/XMLSchema">0</Value></Attribute><Attribute z:Id="i14"><AttributeType>iyz</AttributeType><IsRequired>true</IsRequired><Value i:type="a:double" xmlns:a="http://www.w3.org/2001/XMLSchema">0</Value></Attribute><Attribute z:Id="i15"><AttributeType>izz</AttributeType><IsRequired>true</IsRequired><Value i:type="a:double" xmlns:a="http://www.w3.org/2001/XMLSchema">0</Value></Attribute></Attributes><ChildElements/><ElementName>inertia</ElementName><required>false</required><IxxAttribute z:Ref="i10"/><IxyAttribute z:Ref="i11"/><IxzAttribute z:Ref="i12"/><IyyAttribute z:Ref="i13"/><IyzAttribute z:Ref="i14"/><IzzAttribute z:Ref="i15"/></URDFElement></ChildElements><ElementName>inertial</ElementName><required>false</required><Inertia z:Ref="i9"/><Mass z:Ref="i7"/><Origin z:Ref="i4"/></URDFElement><URDFElement z:Id="i16" i:type="Visual"><Attributes/><ChildElements><URDFElement z:Id="i17" i:type="Origin"><Attributes><Attribute z:Id="i18"><AttributeType>xyz</AttributeType><IsRequired>true</IsRequired><Value i:type="a:ArrayOfdouble" xmlns:a="http://schemas.microsoft.com/2003/10/Serialization/Arrays"><a:double>0</a:double><a:double>0</a:double><a:double>0</a:double></Value></Attribute><Attribute z:Id="i19"><AttributeType>rpy</AttributeType><IsRequired>true</IsRequired><Value i:type="a:ArrayOfdouble" xmlns:a="http://schemas.microsoft.com/2003/10/Serialization/Arrays"><a:double>0</a:double><a:double>0</a:double><a:double>0</a:double></Value></Attribute></Attributes><ChildElements/><ElementName>origin</ElementName><required>false</required><RPYAttribute z:Ref="i19"/><XYZAttribute z:Ref="i18"/><isCustomized>false</isCustomized></URDFElement><URDFElement z:Id="i20" i:type="Geometry"><Attributes/><ChildElements><URDFElement z:Id="i21" i:type="Mesh"><Attributes><Attribute z:Id="i22"><AttributeType>filename</AttributeType><IsRequired>true</IsRequired><Value i:nil="true"/></Attribute></Attributes><ChildElements/><ElementName>mesh</ElementName><required>false</required><FilenameAttribute z:Ref="i22"/></URDFElement></ChildElements><ElementName>geometry</ElementName><required>true</required><Mesh z:Ref="i21"/></URDFElement><URDFElement z:Id="i23" i:type="Material"><Attributes><Attribute z:Id="i24"><AttributeType>name</AttributeType><IsRequired>true</IsRequired><Value i:type="a:string" xmlns:a="http://www.w3.org/2001/XMLSchema"/></Attribute></Attributes><ChildElements><URDFElement z:Id="i25" i:type="Color"><Attributes><Attribute z:Id="i26"><AttributeType>rgba</AttributeType><IsRequired>true</IsRequired><Value i:type="a:ArrayOfdouble" xmlns:a="http://schemas.microsoft.com/2003/10/Serialization/Arrays"><a:double>1</a:double><a:double>1</a:double><a:double>1</a:double><a:double>1</a:double></Value></Attribute></Attributes><ChildElements/><ElementName>color</ElementName><required>false</required><RGBAAttribute z:Ref="i26"/></URDFElement><URDFElement z:Id="i27" i:type="Texture"><Attributes><Attribute z:Id="i28"><AttributeType>filename</AttributeType><IsRequired>true</IsRequired><Value i:nil="true"/></Attribute></Attributes><ChildElements/><ElementName>texture</ElementName><required>false</required><FilenameAttribute z:Ref="i28"/><wFilename/></URDFElement></ChildElements><ElementName>material</ElementName><required>false</required><Color z:Ref="i25"/><NameAttribute z:Ref="i24"/><Texture z:Ref="i27"/></URDFElement></ChildElements><ElementName>visual</ElementName><required>false</required><Geometry z:Ref="i20"/><Material z:Ref="i23"/><Origin z:Ref="i17"/></URDFElement><URDFElement z:Id="i29" i:type="Collision"><Attributes/><ChildElements><URDFElement z:Id="i30" i:type="Origin"><Attributes><Attribute z:Id="i31"><AttributeType>xyz</AttributeType><IsRequired>true</IsRequired><Value i:type="a:ArrayOfdouble" xmlns:a="http://schemas.microsoft.com/2003/10/Serialization/Arrays"><a:double>0</a:double><a:double>0</a:double><a:double>0</a:double></Value></Attribute><Attribute z:Id="i32"><AttributeType>rpy</AttributeType><IsRequired>true</IsRequired><Value i:type="a:ArrayOfdouble" xmlns:a="http://schemas.microsoft.com/2003/10/Serialization/Arrays"><a:double>0</a:double><a:double>0</a:double><a:double>0</a:double></Value></Attribute></Attributes><ChildElements/><ElementName>origin</ElementName><required>false</required><RPYAttribute z:Ref="i32"/><XYZAttribute z:Ref="i31"/><isCustomized>false</isCustomized></URDFElement><URDFElement z:Id="i33" i:type="Geometry"><Attributes/><ChildElements><URDFElement z:Id="i34" i:type="Mesh"><Attributes><Attribute z:Id="i35"><AttributeType>filename</AttributeType><IsRequired>true</IsRequired><Value i:nil="true"/></Attribute></Attributes><ChildElements/><ElementName>mesh</ElementName><required>false</required><FilenameAttribute z:Ref="i35"/></URDFElement></ChildElements><ElementName>geometry</ElementName><required>true</required><Mesh z:Ref="i34"/></URDFElement></ChildElements><ElementName>collision</ElementName><required>false</required><Geometry z:Ref="i33"/><Origin z:Ref="i30"/></URDFElement><URDFElement z:Id="i36" i:type="Joint"><Attributes><Attribute z:Id="i37"><AttributeType>name</AttributeType><IsRequired>true</IsRequired><Value i:type="a:string" xmlns:a="http://www.w3.org/2001/XMLSchema"/></Attribute><Attribute z:Id="i38"><AttributeType>type</AttributeType><IsRequired>true</IsRequired><Value i:type="a:string" xmlns:a="http://www.w3.org/2001/XMLSchema"/></Attribute></Attributes><ChildElements><URDFElement z:Id="i39" i:type="Origin"><Attributes><Attribute z:Id="i40"><AttributeType>xyz</AttributeType><IsRequired>true</IsRequired><Value i:type="a:ArrayOfdouble" xmlns:a="http://schemas.microsoft.com/2003/10/Serialization/Arrays"><a:double>0</a:double><a:double>0</a:double><a:double>0</a:double></Value></Attribute><Attribute z:Id="i41"><AttributeType>rpy</AttributeType><IsRequired>true</IsRequired><Value i:type="a:ArrayOfdouble" xmlns:a="http://schemas.microsoft.com/2003/10/Serialization/Arrays"><a:double>0</a:double><a:double>0</a:double><a:double>0</a:double></Value></Attribute></Attributes><ChildElements/><ElementName>origin</ElementName><required>false</required><RPYAttribute z:Ref="i41"/><XYZAttribute z:Ref="i40"/><isCustomized>false</isCustomized></URDFElement><URDFElement z:Id="i42" i:type="ParentLink"><Attributes><Attribute z:Id="i43"><AttributeType>link</AttributeType><IsRequired>true</IsRequired><Value i:type="a:string" xmlns:a="http://www.w3.org/2001/XMLSchema"/></Attribute></Attributes><ChildElements/><ElementName>parent</ElementName><required>true</required><NameAttribute z:Ref="i43"/></URDFElement><URDFElement z:Id="i44" i:type="ChildLink"><Attributes><Attribute z:Id="i45"><AttributeType>link</AttributeType><IsRequired>true</IsRequired><Value i:type="a:string" xmlns:a="http://www.w3.org/2001/XMLSchema"/></Attribute></Attributes><ChildElements/><ElementName>child</ElementName><required>true</required><NameAttribute z:Ref="i45"/></URDFElement><URDFElement z:Id="i46" i:type="Axis"><Attributes><Attribute z:Id="i47"><AttributeType>xyz</AttributeType><IsRequired>true</IsRequired><Value i:type="a:ArrayOfdouble" xmlns:a="http://schemas.microsoft.com/2003/10/Serialization/Arrays"><a:double>0</a:double><a:double>0</a:double><a:double>0</a:double></Value></Attribute></Attributes><ChildElements/><ElementName>axis</ElementName><required>false</required><XYZAttribute z:Ref="i47"/></URDFElement><URDFElement z:Id="i48" i:type="Limit"><Attributes><Attribute z:Id="i49"><AttributeType>lower</AttributeType><IsRequired>false</IsRequired><Value i:nil="true"/></Attribute><Attribute z:Id="i50"><AttributeType>upper</AttributeType><IsRequired>false</IsRequired><Value i:nil="true"/></Attribute><Attribute z:Id="i51"><AttributeType>effort</AttributeType><IsRequired>true</IsRequired><Value i:nil="true"/></Attribute><Attribute z:Id="i52"><AttributeType>velocity</AttributeType><IsRequired>true</IsRequired><Value i:nil="true"/></Attribute></Attributes><ChildElements/><ElementName>limit</ElementName><required>false</required><EffortAttribute z:Ref="i51"/><LowerAttribute z:Ref="i49"/><UpperAttribute z:Ref="i50"/><VelocityAttribute z:Ref="i52"/></URDFElement><URDFElement z:Id="i53" i:type="Calibration"><Attributes><Attribute z:Id="i54"><AttributeType>rising</AttributeType><IsRequired>false</IsRequired><Value i:nil="true"/></Attribute><Attribute z:Id="i55"><AttributeType>falling</AttributeType><IsRequired>false</IsRequired><Value i:nil="true"/></Attribute></Attributes><ChildElements/><ElementName>calibration</ElementName><required>false</required><FallingAttribute z:Ref="i55"/><RisingAttribute z:Ref="i54"/></URDFElement><URDFElement z:Id="i56" i:type="Dynamics"><Attributes><Attribute z:Id="i57"><AttributeType>damping</AttributeType><IsRequired>false</IsRequired><Value i:nil="true"/></Attribute><Attribute z:Id="i58"><AttributeType>friction</AttributeType><IsRequired>false</IsRequired><Value i:nil="true"/></Attribute></Attributes><ChildElements/><ElementName>dynamics</ElementName><required>false</required><DampingAttribute z:Ref="i57"/><FrictionAttribute z:Ref="i58"/></URDFElement><URDFElement z:Id="i59" i:type="SafetyController"><Attributes><Attribute z:Id="i60"><AttributeType>soft_upper_limit</AttributeType><IsRequired>false</IsRequired><Value i:nil="true"/></Attribute><Attribute z:Id="i61"><AttributeType>soft_lower_limit</AttributeType><IsRequired>false</IsRequired><Value i:nil="true"/></Attribute><Attribute z:Id="i62"><AttributeType>k_position</AttributeType><IsRequired>false</IsRequired><Value i:nil="true"/></Attribute><Attribute z:Id="i63"><AttributeType>k_velocity</AttributeType><IsRequired>true</IsRequired><Value i:nil="true"/></Attribute></Attributes><ChildElements/><ElementName>safety_controller</ElementName><required>false</required><KPositionAttribute z:Ref="i62"/><KVelocityAttribute z:Ref="i63"/><SoftLowerAttribute z:Ref="i61"/><SoftUpperAttribute z:Ref="i60"/></URDFElement><URDFElement z:Id="i64" i:type="Mimic"><Attributes><Attribute z:Id="i65"><AttributeType>joint</AttributeType><IsRequired>true</IsRequired><Value i:nil="true"/></Attribute><Attribute z:Id="i66"><AttributeType>multiplier</AttributeType><IsRequired>false</IsRequired><Value i:nil="true"/></Attribute><Attribute z:Id="i67"><AttributeType>offset</AttributeType><IsRequired>false</IsRequired><Value i:nil="true"/></Attribute></Attributes><ChildElements/><ElementName>mimic</ElementName><required>false</required><JointNameAttribute z:Ref="i65"/><MultiplierAttribute z:Ref="i66"/><OffsetAttribute z:Ref="i67"/></URDFElement></ChildElements><ElementName>joint</ElementName><required>false</required><Axis z:Ref="i46"/><AxisName/><Calibration z:Ref="i53"/><Child z:Ref="i44"/><CoordinateSystemName>base_link </CoordinateSystemName><Dynamics z:Ref="i56"/><Limit z:Ref="i48"/><Mimic z:Ref="i64"/><NameAttribute z:Ref="i37"/><Origin z:Ref="i39"/><Parent z:Ref="i42"/><Safety z:Ref="i59"/><TypeAttribute z:Ref="i38"/></URDFElement></ChildElements><ElementName>link</ElementName><required>true</required><Children><Link z:Id="i68"><Attributes><Attribute z:Id="i69"><AttributeType>name</AttributeType><IsRequired>true</IsRequired><Value i:type="a:string" xmlns:a="http://www.w3.org/2001/XMLSchema">front_left_wheel</Value></Attribute></Attributes><ChildElements><URDFElement z:Id="i70" i:type="Inertial"><Attributes/><ChildElements><URDFElement z:Id="i71" i:type="Origin"><Attributes><Attribute z:Id="i72"><AttributeType>xyz</AttributeType><IsRequired>true</IsRequired><Value i:type="a:ArrayOfdouble" xmlns:a="http://schemas.microsoft.com/2003/10/Serialization/Arrays"><a:double>0</a:double><a:double>0</a:double><a:double>0</a:double></Value></Attribute><Attribute z:Id="i73"><AttributeType>rpy</AttributeType><IsRequired>true</IsRequired><Value i:type="a:ArrayOfdouble" xmlns:a="http://schemas.microsoft.com/2003/10/Serialization/Arrays"><a:double>0</a:double><a:double>0</a:double><a:double>0</a:double></Value></Attribute></Attributes><ChildElements/><ElementName>origin</ElementName><required>false</required><RPYAttribute z:Ref="i73"/><XYZAttribute z:Ref="i72"/><isCustomized>false</isCustomized></URDFElement><URDFElement z:Id="i74" i:type="Mass"><Attributes><Attribute z:Id="i75"><AttributeType>value</AttributeType><IsRequired>true</IsRequired><Value i:type="a:double" xmlns:a="http://www.w3.org/2001/XMLSchema">0</Value></Attribute></Attributes><ChildElements/><ElementName>mass</ElementName><required>false</required><ValueAttribute z:Ref="i75"/></URDFElement><URDFElement z:Id="i76" i:type="Inertia"><Attributes><Attribute z:Id="i77"><AttributeType>ixx</AttributeType><IsRequired>true</IsRequired><Value i:type="a:double" xmlns:a="http://www.w3.org/2001/XMLSchema">0</Value></Attribute><Attribute z:Id="i78"><AttributeType>ixy</AttributeType><IsRequired>true</IsRequired><Value i:type="a:double" xmlns:a="http://www.w3.org/2001/XMLSchema">0</Value></Attribute><Attribute z:Id="i79"><AttributeType>ixz</AttributeType><IsRequired>true</IsRequired><Value i:type="a:double" xmlns:a="http://www.w3.org/2001/XMLSchema">0</Value></Attribute><Attribute z:Id="i80"><AttributeType>iyy</AttributeType><IsRequired>true</IsRequired><Value i:type="a:double" xmlns:a="http://www.w3.org/2001/XMLSchema">0</Value></Attribute><Attribute z:Id="i81"><AttributeType>iyz</AttributeType><IsRequired>true</IsRequired><Value i:type="a:double" xmlns:a="http://www.w3.org/2001/XMLSchema">0</Value></Attribute><Attribute z:Id="i82"><AttributeType>izz</AttributeType><IsRequired>true</IsRequired><Value i:type="a:double" xmlns:a="http://www.w3.org/2001/XMLSchema">0</Value></Attribute></Attributes><ChildElements/><ElementName>inertia</ElementName><required>false</required><IxxAttribute z:Ref="i77"/><IxyAttribute z:Ref="i78"/><IxzAttribute z:Ref="i79"/><IyyAttribute z:Ref="i80"/><IyzAttribute z:Ref="i81"/><IzzAttribute z:Ref="i82"/></URDFElement></ChildElements><ElementName>inertial</ElementName><required>false</required><Inertia z:Ref="i76"/><Mass z:Ref="i74"/><Origin z:Ref="i71"/></URDFElement><URDFElement z:Id="i83" i:type="Visual"><Attributes/><ChildElements><URDFElement z:Id="i84" i:type="Origin"><Attributes><Attribute z:Id="i85"><AttributeType>xyz</AttributeType><IsRequired>true</IsRequired><Value i:type="a:ArrayOfdouble" xmlns:a="http://schemas.microsoft.com/2003/10/Serialization/Arrays"><a:double>0</a:double><a:double>0</a:double><a:double>0</a:double></Value></Attribute><Attribute z:Id="i86"><AttributeType>rpy</AttributeType><IsRequired>true</IsRequired><Value i:type="a:ArrayOfdouble" xmlns:a="http://schemas.microsoft.com/2003/10/Serialization/Arrays"><a:double>0</a:double><a:double>0</a:double><a:double>0</a:double></Value></Attribute></Attributes><ChildElements/><ElementName>origin</ElementName><required>false</required><RPYAttribute z:Ref="i86"/><XYZAttribute z:Ref="i85"/><isCustomized>false</isCustomized></URDFElement><URDFElement z:Id="i87" i:type="Geometry"><Attributes/><ChildElements><URDFElement z:Id="i88" i:type="Mesh"><Attributes><Attribute z:Id="i89"><AttributeType>filename</AttributeType><IsRequired>true</IsRequired><Value i:nil="true"/></Attribute></Attributes><ChildElements/><ElementName>mesh</ElementName><required>false</required><FilenameAttribute z:Ref="i89"/></URDFElement></ChildElements><ElementName>geometry</ElementName><required>true</required><Mesh z:Ref="i88"/></URDFElement><URDFElement z:Id="i90" i:type="Material"><Attributes><Attribute z:Id="i91"><AttributeType>name</AttributeType><IsRequired>true</IsRequired><Value i:type="a:string" xmlns:a="http://www.w3.org/2001/XMLSchema"/></Attribute></Attributes><ChildElements><URDFElement z:Id="i92" i:type="Color"><Attributes><Attribute z:Id="i93"><AttributeType>rgba</AttributeType><IsRequired>true</IsRequired><Value i:type="a:ArrayOfdouble" xmlns:a="http://schemas.microsoft.com/2003/10/Serialization/Arrays"><a:double>1</a:double><a:double>1</a:double><a:double>1</a:double><a:double>1</a:double></Value></Attribute></Attributes><ChildElements/><ElementName>color</ElementName><required>false</required><RGBAAttribute z:Ref="i93"/></URDFElement><URDFElement z:Id="i94" i:type="Texture"><Attributes><Attribute z:Id="i95"><AttributeType>filename</AttributeType><IsRequired>true</IsRequired><Value i:nil="true"/></Attribute></Attributes><ChildElements/><ElementName>texture</ElementName><required>false</required><FilenameAttribute z:Ref="i95"/><wFilename/></URDFElement></ChildElements><ElementName>material</ElementName><required>false</required><Color z:Ref="i92"/><NameAttribute z:Ref="i91"/><Texture z:Ref="i94"/></URDFElement></ChildElements><ElementName>visual</ElementName><required>false</required><Geometry z:Ref="i87"/><Material z:Ref="i90"/><Origin z:Ref="i84"/></URDFElement><URDFElement z:Id="i96" i:type="Collision"><Attributes/><ChildElements><URDFElement z:Id="i97" i:type="Origin"><Attributes><Attribute z:Id="i98"><AttributeType>xyz</AttributeType><IsRequired>true</IsRequired><Value i:type="a:ArrayOfdouble" xmlns:a="http://schemas.microsoft.com/2003/10/Serialization/Arrays"><a:double>0</a:double><a:double>0</a:double><a:double>0</a:double></Value></Attribute><Attribute z:Id="i99"><AttributeType>rpy</AttributeType><IsRequired>true</IsRequired><Value i:type="a:ArrayOfdouble" xmlns:a="http://schemas.microsoft.com/2003/10/Serialization/Arrays"><a:double>0</a:double><a:double>0</a:double><a:double>0</a:double></Value></Attribute></Attributes><ChildElements/><ElementName>origin</ElementName><required>false</required><RPYAttribute z:Ref="i99"/><XYZAttribute z:Ref="i98"/><isCustomized>false</isCustomized></URDFElement><URDFElement z:Id="i100" i:type="Geometry"><Attributes/><ChildElements><URDFElement z:Id="i101" i:type="Mesh"><Attributes><Attribute z:Id="i102"><AttributeType>filename</AttributeType><IsRequired>true</IsRequired><Value i:nil="true"/></Attribute></Attributes><ChildElements/><ElementName>mesh</ElementName><required>false</required><FilenameAttribute z:Ref="i102"/></URDFElement></ChildElements><ElementName>geometry</ElementName><required>true</required><Mesh z:Ref="i101"/></URDFElement></ChildElements><ElementName>collision</ElementName><required>false</required><Geometry z:Ref="i100"/><Origin z:Ref="i97"/></URDFElement><URDFElement z:Id="i103" i:type="Joint"><Attributes><Attribute z:Id="i104"><AttributeType>name</AttributeType><IsRequired>true</IsRequired><Value i:type="a:string" xmlns:a="http://www.w3.org/2001/XMLSchema">front_left_wheel_joint</Value></Attribute><Attribute z:Id="i105"><AttributeType>type</AttributeType><IsRequired>true</IsRequired><Value i:type="a:string" xmlns:a="http://www.w3.org/2001/XMLSchema">revolute</Value></Attribute></Attributes><ChildElements><URDFElement z:Id="i106" i:type="Origin"><Attributes><Attribute z:Id="i107"><AttributeType>xyz</AttributeType><IsRequired>true</IsRequired><Value i:type="a:ArrayOfdouble" xmlns:a="http://schemas.microsoft.com/2003/10/Serialization/Arrays"><a:double>0</a:double><a:double>0</a:double><a:double>0</a:double></Value></Attribute><Attribute z:Id="i108"><AttributeType>rpy</AttributeType><IsRequired>true</IsRequired><Value i:type="a:ArrayOfdouble" xmlns:a="http://schemas.microsoft.com/2003/10/Serialization/Arrays"><a:double>0</a:double><a:double>0</a:double><a:double>0</a:double></Value></Attribute></Attributes><ChildElements/><ElementName>origin</ElementName><required>false</required><RPYAttribute z:Ref="i108"/><XYZAttribute z:Ref="i107"/><isCustomized>false</isCustomized></URDFElement><URDFElement z:Id="i109" i:type="ParentLink"><Attributes><Attribute z:Id="i110"><AttributeType>link</AttributeType><IsRequired>true</IsRequired><Value i:type="a:string" xmlns:a="http://www.w3.org/2001/XMLSchema"/></Attribute></Attributes><ChildElements/><ElementName>parent</ElementName><required>true</required><NameAttribute z:Ref="i110"/></URDFElement><URDFElement z:Id="i111" i:type="ChildLink"><Attributes><Attribute z:Id="i112"><AttributeType>link</AttributeType><IsRequired>true</IsRequired><Value i:type="a:string" xmlns:a="http://www.w3.org/2001/XMLSchema"/></Attribute></Attributes><ChildElements/><ElementName>child</ElementName><required>true</required><NameAttribute z:Ref="i112"/></URDFElement><URDFElement z:Id="i113" i:type="Axis"><Attributes><Attribute z:Id="i114"><AttributeType>xyz</AttributeType><IsRequired>true</IsRequired><Value i:type="a:ArrayOfdouble" xmlns:a="http://schemas.microsoft.com/2003/10/Serialization/Arrays"><a:double>0</a:double><a:double>0</a:double><a:double>0</a:double></Value></Attribute></Attributes><ChildElements/><ElementName>axis</ElementName><required>false</required><XYZAttribute z:Ref="i114"/></URDFElement><URDFElement z:Id="i115" i:type="Limit"><Attributes><Attribute z:Id="i116"><AttributeType>lower</AttributeType><IsRequired>false</IsRequired><Value i:nil="true"/></Attribute><Attribute z:Id="i117"><AttributeType>upper</AttributeType><IsRequired>false</IsRequired><Value i:nil="true"/></Attribute><Attribute z:Id="i118"><AttributeType>effort</AttributeType><IsRequired>true</IsRequired><Value i:nil="true"/></Attribute><Attribute z:Id="i119"><AttributeType>velocity</AttributeType><IsRequired>true</IsRequired><Value i:nil="true"/></Attribute></Attributes><ChildElements/><ElementName>limit</ElementName><required>false</required><EffortAttribute z:Ref="i118"/><LowerAttribute z:Ref="i116"/><UpperAttribute z:Ref="i117"/><VelocityAttribute z:Ref="i119"/></URDFElement><URDFElement z:Id="i120" i:type="Calibration"><Attributes><Attribute z:Id="i121"><AttributeType>rising</AttributeType><IsRequired>false</IsRequired><Value i:nil="true"/></Attribute><Attribute z:Id="i122"><AttributeType>falling</AttributeType><IsRequired>false</IsRequired><Value i:nil="true"/></Attribute></Attributes><ChildElements/><ElementName>calibration</ElementName><required>false</required><FallingAttribute z:Ref="i122"/><RisingAttribute z:Ref="i121"/></URDFElement><URDFElement z:Id="i123" i:type="Dynamics"><Attributes><Attribute z:Id="i124"><AttributeType>damping</AttributeType><IsRequired>false</IsRequired><Value i:nil="true"/></Attribute><Attribute z:Id="i125"><AttributeType>friction</AttributeType><IsRequired>false</IsRequired><Value i:nil="true"/></Attribute></Attributes><ChildElements/><ElementName>dynamics</ElementName><required>false</required><DampingAttribute z:Ref="i124"/><FrictionAttribute z:Ref="i125"/></URDFElement><URDFElement z:Id="i126" i:type="SafetyController"><Attributes><Attribute z:Id="i127"><AttributeType>soft_upper_limit</AttributeType><IsRequired>false</IsRequired><Value i:nil="true"/></Attribute><Attribute z:Id="i128"><AttributeType>soft_lower_limit</AttributeType><IsRequired>false</IsRequired><Value i:nil="true"/></Attribute><Attribute z:Id="i129"><AttributeType>k_position</AttributeType><IsRequired>false</IsRequired><Value i:nil="true"/></Attribute><Attribute z:Id="i130"><AttributeType>k_velocity</AttributeType><IsRequired>true</IsRequired><Value i:nil="true"/></Attribute></Attributes><ChildElements/><ElementName>safety_controller</ElementName><required>false</required><KPositionAttribute z:Ref="i129"/><KVelocityAttribute z:Ref="i130"/><SoftLowerAttribute z:Ref="i128"/><SoftUpperAttribute z:Ref="i127"/></URDFElement><URDFElement z:Id="i131" i:type="Mimic"><Attributes><Attribute z:Id="i132"><AttributeType>joint</AttributeType><IsRequired>true</IsRequired><Value i:nil="true"/></Attribute><Attribute z:Id="i133"><AttributeType>multiplier</AttributeType><IsRequired>false</IsRequired><Value i:nil="true"/></Attribute><Attribute z:Id="i134"><AttributeType>offset</AttributeType><IsRequired>false</IsRequired><Value i:nil="true"/></Attribute></Attributes><ChildElements/><ElementName>mimic</ElementName><required>false</required><JointNameAttribute z:Ref="i132"/><MultiplierAttribute z:Ref="i133"/><OffsetAttribute z:Ref="i134"/></URDFElement></ChildElements><ElementName>joint</ElementName><required>false</required><Axis z:Ref="i113"/><AxisName>front_left</AxisName><Calibration z:Ref="i120"/><Child z:Ref="i111"/><CoordinateSystemName>front_right_wheel</CoordinateSystemName><Dynamics z:Ref="i123"/><Limit z:Ref="i115"/><Mimic z:Ref="i131"/><NameAttribute z:Ref="i104"/><Origin z:Ref="i106"/><Parent z:Ref="i109"/><Safety z:Ref="i126"/><TypeAttribute z:Ref="i105"/></URDFElement></ChildElements><ElementName>link</ElementName><required>true</required><Children/><Collision z:Ref="i96"/><Inertial z:Ref="i70"/><Joint z:Ref="i103"/><NameAttribute z:Ref="i69"/><Parent z:Ref="i1"/><STLQualityFine>false</STLQualityFine><SWComponentPIDs xmlns:a="http://schemas.microsoft.com/2003/10/Serialization/Arrays"><a:base64Binary>UEYAAAUAAAD//v9FdwBoAGUAZQBsACAAYQBzAHMAZQBtAGIAbAB5AC0AMwBAAEYAdQBsAGwAIABhAHMAcwBlAG0AYgBsAHkALwBXAGgAZQBlAGwAIAAzAGQAcwBjAGEAbgAgAGIAYQBzAGUAZAAgAFYAMwAtADEAQAB3AGgAZQBlAGwAIABhAHMAcwBlAG0AYgBsAHkABAAAABAAAAABAAAAAgAAAAwBAACFAAAA</a:base64Binary><a:base64Binary>UEYAAAUAAAD//v9OdwBoAGUAZQBsACAAYQBzAHMAZQBtAGIAbAB5AC0AMwBAAEYAdQBsAGwAIABhAHMAcwBlAG0AYgBsAHkALwBXAGgAZQBlAGwAIABoAHUAYgAgAHAAbABhAHQAZQBeAHcAaABlAGUAbAAgAGEAcwBzAGUAbQBiAGwAeQAtADEAQAB3AGgAZQBlAGwAIABhAHMAcwBlAG0AYgBsAHkABAAAABAAAAABAAAAAgAAAAwBAABNAAAA</a:base64Binary><a:base64Binary>UEYAAAUAAAD//v9EdwBoAGUAZQBsACAAYQBzAHMAZQBtAGIAbAB5AC0AMwBAAEYAdQBsAGwAIABhAHMAcwBlAG0AYgBsAHkALwBQAGEAcgB0ADIAXgB3AGgAZQBlAGwAIABhAHMAcwBlAG0AYgBsAHkALQAxAEAAdwBoAGUAZQBsACAAYQBzAHMAZQBtAGIAbAB5AAQAAAAQAAAAAQAAAAIAAAAMAQAAkwAAAA==</a:base64Binary><a:base64Binary>UEYAAAUAAAD//v9QdwBoAGUAZQBsACAAYQBzAHMAZQBtAGIAbAB5AC0AMwBAAEYAdQBsAGwAIABhAHMAcwBlAG0AYgBsAHkALwAxADQAbQBtACAAawBlAHkAdwBhAHkAIABmAGwAYQBuAGcAZQAgAGMAbwB1AHAAbABpAG4AZwAgACgAbQA1ACkALQAxAEAAdwBoAGUAZQBsACAAYQBzAHMAZQBtAGIAbAB5AAQAAAAQAAAAAQAAAAIAAAAMAQAAHgAAAA==</a:base64Binary><a:base64Binary>UEYAAAUAAAD//v9IdwBoAGUAZQBsACAAYQBzAHMAZQBtAGIAbAB5AC0AMwBAAEYAdQBsAGwAIABhAHMAcwBlAG0AYgBsAHkALwBXAGgAZQBlAGwAIABjAHUAcABeAHcAaABlAGUAbAAgAGEAcwBzAGUAbQBiAGwAeQAtADEAQAB3AGgAZQBlAGwAIABhAHMAcwBlAG0AYgBsAHkABAAAABAAAAABAAAAAgAAAAwBAACPAAAA</a:base64Binary></SWComponentPIDs><SWMainComponentPID i:nil="true"/><Visual z:Ref="i83"/><isFixedFrame>false</isFixedFrame><isIncomplete>false</isIncomplete></Link><Link z:Id="i135"><Attributes><Attribute z:Id="i136"><AttributeType>name</AttributeType><IsRequired>true</IsRequired><Value i:type="a:string" xmlns:a="http://www.w3.org/2001/XMLSchema">front_right_wheel</Value></Attribute></Attributes><ChildElements><URDFElement z:Id="i137" i:type="Inertial"><Attributes/><ChildElements><URDFElement z:Id="i138" i:type="Origin"><Attributes><Attribute z:Id="i139"><AttributeType>xyz</AttributeType><IsRequired>true</IsRequired><Value i:type="a:ArrayOfdouble" xmlns:a="http://schemas.microsoft.com/2003/10/Serialization/Arrays"><a:double>0</a:double><a:double>0</a:double><a:double>0</a:double></Value></Attribute><Attribute z:Id="i140"><AttributeType>rpy</AttributeType><IsRequired>true</IsRequired><Value i:type="a:ArrayOfdouble" xmlns:a="http://schemas.microsoft.com/2003/10/Serialization/Arrays"><a:double>0</a:double><a:double>0</a:double><a:double>0</a:double></Value></Attribute></Attributes><ChildElements/><ElementName>origin</ElementName><required>false</required><RPYAttribute z:Ref="i140"/><XYZAttribute z:Ref="i139"/><isCustomized>false</isCustomized></URDFElement><URDFElement z:Id="i141" i:type="Mass"><Attributes><Attribute z:Id="i142"><AttributeType>value</AttributeType><IsRequired>true</IsRequired><Value i:type="a:double" xmlns:a="http://www.w3.org/2001/XMLSchema">0</Value></Attribute></Attributes><ChildElements/><ElementName>mass</ElementName><required>false</required><ValueAttribute z:Ref="i142"/></URDFElement><URDFElement z:Id="i143" i:type="Inertia"><Attributes><Attribute z:Id="i144"><AttributeType>ixx</AttributeType><IsRequired>true</IsRequired><Value i:type="a:double" xmlns:a="http://www.w3.org/2001/XMLSchema">0</Value></Attribute><Attribute z:Id="i145"><AttributeType>ixy</AttributeType><IsRequired>true</IsRequired><Value i:type="a:double" xmlns:a="http://www.w3.org/2001/XMLSchema">0</Value></Attribute><Attribute z:Id="i146"><AttributeType>ixz</AttributeType><IsRequired>true</IsRequired><Value i:type="a:double" xmlns:a="http://www.w3.org/2001/XMLSchema">0</Value></Attribute><Attribute z:Id="i147"><AttributeType>iyy</AttributeType><IsRequired>true</IsRequired><Value i:type="a:double" xmlns:a="http://www.w3.org/2001/XMLSchema">0</Value></Attribute><Attribute z:Id="i148"><AttributeType>iyz</AttributeType><IsRequired>true</IsRequired><Value i:type="a:double" xmlns:a="http://www.w3.org/2001/XMLSchema">0</Value></Attribute><Attribute z:Id="i149"><AttributeType>izz</AttributeType><IsRequired>true</IsRequired><Value i:type="a:double" xmlns:a="http://www.w3.org/2001/XMLSchema">0</Value></Attribute></Attributes><ChildElements/><ElementName>inertia</ElementName><required>false</required><IxxAttribute z:Ref="i144"/><IxyAttribute z:Ref="i145"/><IxzAttribute z:Ref="i146"/><IyyAttribute z:Ref="i147"/><IyzAttribute z:Ref="i148"/><IzzAttribute z:Ref="i149"/></URDFElement></ChildElements><ElementName>inertial</ElementName><required>false</required><Inertia z:Ref="i143"/><Mass z:Ref="i141"/><Origin z:Ref="i138"/></URDFElement><URDFElement z:Id="i150" i:type="Visual"><Attributes/><ChildElements><URDFElement z:Id="i151" i:type="Origin"><Attributes><Attribute z:Id="i152"><AttributeType>xyz</AttributeType><IsRequired>true</IsRequired><Value i:type="a:ArrayOfdouble" xmlns:a="http://schemas.microsoft.com/2003/10/Serialization/Arrays"><a:double>0</a:double><a:double>0</a:double><a:double>0</a:double></Value></Attribute><Attribute z:Id="i153"><AttributeType>rpy</AttributeType><IsRequired>true</IsRequired><Value i:type="a:ArrayOfdouble" xmlns:a="http://schemas.microsoft.com/2003/10/Serialization/Arrays"><a:double>0</a:double><a:double>0</a:double><a:double>0</a:double></Value></Attribute></Attributes><ChildElements/><ElementName>origin</ElementName><required>false</required><RPYAttribute z:Ref="i153"/><XYZAttribute z:Ref="i152"/><isCustomized>false</isCustomized></URDFElement><URDFElement z:Id="i154" i:type="Geometry"><Attributes/><ChildElements><URDFElement z:Id="i155" i:type="Mesh"><Attributes><Attribute z:Id="i156"><AttributeType>filename</AttributeType><IsRequired>true</IsRequired><Value i:nil="true"/></Attribute></Attributes><ChildElements/><ElementName>mesh</ElementName><required>false</required><FilenameAttribute z:Ref="i156"/></URDFElement></ChildElements><ElementName>geometry</ElementName><required>true</required><Mesh z:Ref="i155"/></URDFElement><URDFElement z:Id="i157" i:type="Material"><Attributes><Attribute z:Id="i158"><AttributeType>name</AttributeType><IsRequired>true</IsRequired><Value i:type="a:string" xmlns:a="http://www.w3.org/2001/XMLSchema"/></Attribute></Attributes><ChildElements><URDFElement z:Id="i159" i:type="Color"><Attributes><Attribute z:Id="i160"><AttributeType>rgba</AttributeType><IsRequired>true</IsRequired><Value i:type="a:ArrayOfdouble" xmlns:a="http://schemas.microsoft.com/2003/10/Serialization/Arrays"><a:double>1</a:double><a:double>1</a:double><a:double>1</a:double><a:double>1</a:double></Value></Attribute></Attributes><ChildElements/><ElementName>color</ElementName><required>false</required><RGBAAttribute z:Ref="i160"/></URDFElement><URDFElement z:Id="i161" i:type="Texture"><Attributes><Attribute z:Id="i162"><AttributeType>filename</AttributeType><IsRequired>true</IsRequired><Value i:nil="true"/></Attribute></Attributes><ChildElements/><ElementName>texture</ElementName><required>false</required><FilenameAttribute z:Ref="i162"/><wFilename/></URDFElement></ChildElements><ElementName>material</ElementName><required>false</required><Color z:Ref="i159"/><NameAttribute z:Ref="i158"/><Texture z:Ref="i161"/></URDFElement></ChildElements><ElementName>visual</ElementName><required>false</required><Geometry z:Ref="i154"/><Material z:Ref="i157"/><Origin z:Ref="i151"/></URDFElement><URDFElement z:Id="i163" i:type="Collision"><Attributes/><ChildElements><URDFElement z:Id="i164" i:type="Origin"><Attributes><Attribute z:Id="i165"><AttributeType>xyz</AttributeType><IsRequired>true</IsRequired><Value i:type="a:ArrayOfdouble" xmlns:a="http://schemas.microsoft.com/2003/10/Serialization/Arrays"><a:double>0</a:double><a:double>0</a:double><a:double>0</a:double></Value></Attribute><Attribute z:Id="i166"><AttributeType>rpy</AttributeType><IsRequired>true</IsRequired><Value i:type="a:ArrayOfdouble" xmlns:a="http://schemas.microsoft.com/2003/10/Serialization/Arrays"><a:double>0</a:double><a:double>0</a:double><a:double>0</a:double></Value></Attribute></Attributes><ChildElements/><ElementName>origin</ElementName><required>false</required><RPYAttribute z:Ref="i166"/><XYZAttribute z:Ref="i165"/><isCustomized>false</isCustomized></URDFElement><URDFElement z:Id="i167" i:type="Geometry"><Attributes/><ChildElements><URDFElement z:Id="i168" i:type="Mesh"><Attributes><Attribute z:Id="i169"><AttributeType>filename</AttributeType><IsRequired>true</IsRequired><Value i:nil="true"/></Attribute></Attributes><ChildElements/><ElementName>mesh</ElementName><required>false</required><FilenameAttribute z:Ref="i169"/></URDFElement></ChildElements><ElementName>geometry</ElementName><required>true</required><Mesh z:Ref="i168"/></URDFElement></ChildElements><ElementName>collision</ElementName><required>false</required><Geometry z:Ref="i167"/><Origin z:Ref="i164"/></URDFElement><URDFElement z:Id="i170" i:type="Joint"><Attributes><Attribute z:Id="i171"><AttributeType>name</AttributeType><IsRequired>true</IsRequired><Value i:type="a:string" xmlns:a="http://www.w3.org/2001/XMLSchema">front_right_wheel_joint</Value></Attribute><Attribute z:Id="i172"><AttributeType>type</AttributeType><IsRequired>true</IsRequired><Value i:type="a:string" xmlns:a="http://www.w3.org/2001/XMLSchema">prismatic</Value></Attribute></Attributes><ChildElements><URDFElement z:Id="i173" i:type="Origin"><Attributes><Attribute z:Id="i174"><AttributeType>xyz</AttributeType><IsRequired>true</IsRequired><Value i:type="a:ArrayOfdouble" xmlns:a="http://schemas.microsoft.com/2003/10/Serialization/Arrays"><a:double>0</a:double><a:double>0</a:double><a:double>0</a:double></Value></Attribute><Attribute z:Id="i175"><AttributeType>rpy</AttributeType><IsRequired>true</IsRequired><Value i:type="a:ArrayOfdouble" xmlns:a="http://schemas.microsoft.com/2003/10/Serialization/Arrays"><a:double>0</a:double><a:double>0</a:double><a:double>0</a:double></Value></Attribute></Attributes><ChildElements/><ElementName>origin</ElementName><required>false</required><RPYAttribute z:Ref="i175"/><XYZAttribute z:Ref="i174"/><isCustomized>false</isCustomized></URDFElement><URDFElement z:Id="i176" i:type="ParentLink"><Attributes><Attribute z:Id="i177"><AttributeType>link</AttributeType><IsRequired>true</IsRequired><Value i:type="a:string" xmlns:a="http://www.w3.org/2001/XMLSchema"/></Attribute></Attributes><ChildElements/><ElementName>parent</ElementName><required>true</required><NameAttribute z:Ref="i177"/></URDFElement><URDFElement z:Id="i178" i:type="ChildLink"><Attributes><Attribute z:Id="i179"><AttributeType>link</AttributeType><IsRequired>true</IsRequired><Value i:type="a:string" xmlns:a="http://www.w3.org/2001/XMLSchema"/></Attribute></Attributes><ChildElements/><ElementName>child</ElementName><required>true</required><NameAttribute z:Ref="i179"/></URDFElement><URDFElement z:Id="i180" i:type="Axis"><Attributes><Attribute z:Id="i181"><AttributeType>xyz</AttributeType><IsRequired>true</IsRequired><Value i:type="a:ArrayOfdouble" xmlns:a="http://schemas.microsoft.com/2003/10/Serialization/Arrays"><a:double>0</a:double><a:double>0</a:double><a:double>0</a:double></Value></Attribute></Attributes><ChildElements/><ElementName>axis</ElementName><required>false</required><XYZAttribute z:Ref="i181"/></URDFElement><URDFElement z:Id="i182" i:type="Limit"><Attributes><Attribute z:Id="i183"><AttributeType>lower</AttributeType><IsRequired>false</IsRequired><Value i:nil="true"/></Attribute><Attribute z:Id="i184"><AttributeType>upper</AttributeType><IsRequired>false</IsRequired><Value i:nil="true"/></Attribute><Attribute z:Id="i185"><AttributeType>effort</AttributeType><IsRequired>true</IsRequired><Value i:nil="true"/></Attribute><Attribute z:Id="i186"><AttributeType>velocity</AttributeType><IsRequired>true</IsRequired><Value i:nil="true"/></Attribute></Attributes><ChildElements/><ElementName>limit</ElementName><required>false</required><EffortAttribute z:Ref="i185"/><LowerAttribute z:Ref="i183"/><UpperAttribute z:Ref="i184"/><VelocityAttribute z:Ref="i186"/></URDFElement><URDFElement z:Id="i187" i:type="Calibration"><Attributes><Attribute z:Id="i188"><AttributeType>rising</AttributeType><IsRequired>false</IsRequired><Value i:nil="true"/></Attribute><Attribute z:Id="i189"><AttributeType>falling</AttributeType><IsRequired>false</IsRequired><Value i:nil="true"/></Attribute></Attributes><ChildElements/><ElementName>calibration</ElementName><required>false</required><FallingAttribute z:Ref="i189"/><RisingAttribute z:Ref="i188"/></URDFElement><URDFElement z:Id="i190" i:type="Dynamics"><Attributes><Attribute z:Id="i191"><AttributeType>damping</AttributeType><IsRequired>false</IsRequired><Value i:nil="true"/></Attribute><Attribute z:Id="i192"><AttributeType>friction</AttributeType><IsRequired>false</IsRequired><Value i:nil="true"/></Attribute></Attributes><ChildElements/><ElementName>dynamics</ElementName><required>false</required><DampingAttribute z:Ref="i191"/><FrictionAttribute z:Ref="i192"/></URDFElement><URDFElement z:Id="i193" i:type="SafetyController"><Attributes><Attribute z:Id="i194"><AttributeType>soft_upper_limit</AttributeType><IsRequired>false</IsRequired><Value i:nil="true"/></Attribute><Attribute z:Id="i195"><AttributeType>soft_lower_limit</AttributeType><IsRequired>false</IsRequired><Value i:nil="true"/></Attribute><Attribute z:Id="i196"><AttributeType>k_position</AttributeType><IsRequired>false</IsRequired><Value i:nil="true"/></Attribute><Attribute z:Id="i197"><AttributeType>k_velocity</AttributeType><IsRequired>true</IsRequired><Value i:nil="true"/></Attribute></Attributes><ChildElements/><ElementName>safety_controller</ElementName><required>false</required><KPositionAttribute z:Ref="i196"/><KVelocityAttribute z:Ref="i197"/><SoftLowerAttribute z:Ref="i195"/><SoftUpperAttribute z:Ref="i194"/></URDFElement><URDFElement z:Id="i198" i:type="Mimic"><Attributes><Attribute z:Id="i199"><AttributeType>joint</AttributeType><IsRequired>true</IsRequired><Value i:nil="true"/></Attribute><Attribute z:Id="i200"><AttributeType>multiplier</AttributeType><IsRequired>false</IsRequired><Value i:nil="true"/></Attribute><Attribute z:Id="i201"><AttributeType>offset</AttributeType><IsRequired>false</IsRequired><Value i:nil="true"/></Attribute></Attributes><ChildElements/><ElementName>mimic</ElementName><required>false</required><JointNameAttribute z:Ref="i199"/><MultiplierAttribute z:Ref="i200"/><OffsetAttribute z:Ref="i201"/></URDFElement></ChildElements><ElementName>joint</ElementName><required>false</required><Axis z:Ref="i180"/><AxisName>front_right</AxisName><Calibration z:Ref="i187"/><Child z:Ref="i178"/><CoordinateSystemName>front_right_wheel</CoordinateSystemName><Dynamics z:Ref="i190"/><Limit z:Ref="i182"/><Mimic z:Ref="i198"/><NameAttribute z:Ref="i171"/><Origin z:Ref="i173"/><Parent z:Ref="i176"/><Safety z:Ref="i193"/><TypeAttribute z:Ref="i172"/></URDFElement></ChildElements><ElementName>link</ElementName><required>true</required><Children/><Collision z:Ref="i163"/><Inertial z:Ref="i137"/><Joint z:Ref="i170"/><NameAttribute z:Ref="i136"/><Parent z:Ref="i1"/><STLQualityFine>false</STLQualityFine><SWComponentPIDs xmlns:a="http://schemas.microsoft.com/2003/10/Serialization/Arrays"><a:base64Binary>UEYAAAUAAAD//v9FdwBoAGUAZQBsACAAYQBzAHMAZQBtAGIAbAB5AC0AMQBAAEYAdQBsAGwAIABhAHMAcwBlAG0AYgBsAHkALwBXAGgAZQBlAGwAIAAzAGQAcwBjAGEAbgAgAGIAYQBzAGUAZAAgAFYAMwAtADEAQAB3AGgAZQBlAGwAIABhAHMAcwBlAG0AYgBsAHkABAAAABAAAAABAAAAAgAAAAIBAACFAAAA</a:base64Binary><a:base64Binary>UEYAAAUAAAD//v9OdwBoAGUAZQBsACAAYQBzAHMAZQBtAGIAbAB5AC0AMQBAAEYAdQBsAGwAIABhAHMAcwBlAG0AYgBsAHkALwBXAGgAZQBlAGwAIABoAHUAYgAgAHAAbABhAHQAZQBeAHcAaABlAGUAbAAgAGEAcwBzAGUAbQBiAGwAeQAtADEAQAB3AGgAZQBlAGwAIABhAHMAcwBlAG0AYgBsAHkABAAAABAAAAABAAAAAgAAAAIBAABNAAAA</a:base64Binary><a:base64Binary>UEYAAAUAAAD//v9EdwBoAGUAZQBsACAAYQBzAHMAZQBtAGIAbAB5AC0AMQBAAEYAdQBsAGwAIABhAHMAcwBlAG0AYgBsAHkALwBQAGEAcgB0ADIAXgB3AGgAZQBlAGwAIABhAHMAcwBlAG0AYgBsAHkALQAxAEAAdwBoAGUAZQBsACAAYQBzAHMAZQBtAGIAbAB5AAQAAAAQAAAAAQAAAAIAAAACAQAAkwAAAA==</a:base64Binary><a:base64Binary>UEYAAAUAAAD//v9QdwBoAGUAZQBsACAAYQBzAHMAZQBtAGIAbAB5AC0AMQBAAEYAdQBsAGwAIABhAHMAcwBlAG0AYgBsAHkALwAxADQAbQBtACAAawBlAHkAdwBhAHkAIABmAGwAYQBuAGcAZQAgAGMAbwB1AHAAbABpAG4AZwAgACgAbQA1ACkALQAxAEAAdwBoAGUAZQBsACAAYQBzAHMAZQBtAGIAbAB5AAQAAAAQAAAAAQAAAAIAAAACAQAAHgAAAA==</a:base64Binary><a:base64Binary>UEYAAAUAAAD//v9IdwBoAGUAZQBsACAAYQBzAHMAZQBtAGIAbAB5AC0AMQBAAEYAdQBsAGwAIABhAHMAcwBlAG0AYgBsAHkALwBXAGgAZQBlAGwAIABjAHUAcABeAHcAaABlAGUAbAAgAGEAcwBzAGUAbQBiAGwAeQAtADEAQAB3AGgAZQBlAGwAIABhAHMAcwBlAG0AYgBsAHkABAAAABAAAAABAAAAAgAAAAIBAACPAAAA</a:base64Binary></SWComponentPIDs><SWMainComponentPID i:nil="true"/><Visual z:Ref="i150"/><isFixedFrame>false</isFixedFrame><isIncomplete>false</isIncomplete></Link><Link z:Id="i202"><Attributes><Attribute z:Id="i203"><AttributeType>name</AttributeType><IsRequired>true</IsRequired><Value i:type="a:string" xmlns:a="http://www.w3.org/2001/XMLSchema">rear_left_wheel</Value></Attribute></Attributes><ChildElements><URDFElement z:Id="i204" i:type="Inertial"><Attributes/><ChildElements><URDFElement z:Id="i205" i:type="Origin"><Attributes><Attribute z:Id="i206"><AttributeType>xyz</AttributeType><IsRequired>true</IsRequired><Value i:type="a:ArrayOfdouble" xmlns:a="http://schemas.microsoft.com/2003/10/Serialization/Arrays"><a:double>0</a:double><a:double>0</a:double><a:double>0</a:double></Value></Attribute><Attribute z:Id="i207"><AttributeType>rpy</AttributeType><IsRequired>true</IsRequired><Value i:type="a:ArrayOfdouble" xmlns:a="http://schemas.microsoft.com/2003/10/Serialization/Arrays"><a:double>0</a:double><a:double>0</a:double><a:double>0</a:double></Value></Attribute></Attributes><ChildElements/><ElementName>origin</ElementName><required>false</required><RPYAttribute z:Ref="i207"/><XYZAttribute z:Ref="i206"/><isCustomized>false</isCustomized></URDFElement><URDFElement z:Id="i208" i:type="Mass"><Attributes><Attribute z:Id="i209"><AttributeType>value</AttributeType><IsRequired>true</IsRequired><Value i:type="a:double" xmlns:a="http://www.w3.org/2001/XMLSchema">0</Value></Attribute></Attributes><ChildElements/><ElementName>mass</ElementName><required>false</required><ValueAttribute z:Ref="i209"/></URDFElement><URDFElement z:Id="i210" i:type="Inertia"><Attributes><Attribute z:Id="i211"><AttributeType>ixx</AttributeType><IsRequired>true</IsRequired><Value i:type="a:double" xmlns:a="http://www.w3.org/2001/XMLSchema">0</Value></Attribute><Attribute z:Id="i212"><AttributeType>ixy</AttributeType><IsRequired>true</IsRequired><Value i:type="a:double" xmlns:a="http://www.w3.org/2001/XMLSchema">0</Value></Attribute><Attribute z:Id="i213"><AttributeType>ixz</AttributeType><IsRequired>true</IsRequired><Value i:type="a:double" xmlns:a="http://www.w3.org/2001/XMLSchema">0</Value></Attribute><Attribute z:Id="i214"><AttributeType>iyy</AttributeType><IsRequired>true</IsRequired><Value i:type="a:double" xmlns:a="http://www.w3.org/2001/XMLSchema">0</Value></Attribute><Attribute z:Id="i215"><AttributeType>iyz</AttributeType><IsRequired>true</IsRequired><Value i:type="a:double" xmlns:a="http://www.w3.org/2001/XMLSchema">0</Value></Attribute><Attribute z:Id="i216"><AttributeType>izz</AttributeType><IsRequired>true</IsRequired><Value i:type="a:double" xmlns:a="http://www.w3.org/2001/XMLSchema">0</Value></Attribute></Attributes><ChildElements/><ElementName>inertia</ElementName><required>false</required><IxxAttribute z:Ref="i211"/><IxyAttribute z:Ref="i212"/><IxzAttribute z:Ref="i213"/><IyyAttribute z:Ref="i214"/><IyzAttribute z:Ref="i215"/><IzzAttribute z:Ref="i216"/></URDFElement></ChildElements><ElementName>inertial</ElementName><required>false</required><Inertia z:Ref="i210"/><Mass z:Ref="i208"/><Origin z:Ref="i205"/></URDFElement><URDFElement z:Id="i217" i:type="Visual"><Attributes/><ChildElements><URDFElement z:Id="i218" i:type="Origin"><Attributes><Attribute z:Id="i219"><AttributeType>xyz</AttributeType><IsRequired>true</IsRequired><Value i:type="a:ArrayOfdouble" xmlns:a="http://schemas.microsoft.com/2003/10/Serialization/Arrays"><a:double>0</a:double><a:double>0</a:double><a:double>0</a:double></Value></Attribute><Attribute z:Id="i220"><AttributeType>rpy</AttributeType><IsRequired>true</IsRequired><Value i:type="a:ArrayOfdouble" xmlns:a="http://schemas.microsoft.com/2003/10/Serialization/Arrays"><a:double>0</a:double><a:double>0</a:double><a:double>0</a:double></Value></Attribute></Attributes><ChildElements/><ElementName>origin</ElementName><required>false</required><RPYAttribute z:Ref="i220"/><XYZAttribute z:Ref="i219"/><isCustomized>false</isCustomized></URDFElement><URDFElement z:Id="i221" i:type="Geometry"><Attributes/><ChildElements><URDFElement z:Id="i222" i:type="Mesh"><Attributes><Attribute z:Id="i223"><AttributeType>filename</AttributeType><IsRequired>true</IsRequired><Value i:nil="true"/></Attribute></Attributes><ChildElements/><ElementName>mesh</ElementName><required>false</required><FilenameAttribute z:Ref="i223"/></URDFElement></ChildElements><ElementName>geometry</ElementName><required>true</required><Mesh z:Ref="i222"/></URDFElement><URDFElement z:Id="i224" i:type="Material"><Attributes><Attribute z:Id="i225"><AttributeType>name</AttributeType><IsRequired>true</IsRequired><Value i:type="a:string" xmlns:a="http://www.w3.org/2001/XMLSchema"/></Attribute></Attributes><ChildElements><URDFElement z:Id="i226" i:type="Color"><Attributes><Attribute z:Id="i227"><AttributeType>rgba</AttributeType><IsRequired>true</IsRequired><Value i:type="a:ArrayOfdouble" xmlns:a="http://schemas.microsoft.com/2003/10/Serialization/Arrays"><a:double>1</a:double><a:double>1</a:double><a:double>1</a:double><a:double>1</a:double></Value></Attribute></Attributes><ChildElements/><ElementName>color</ElementName><required>false</required><RGBAAttribute z:Ref="i227"/></URDFElement><URDFElement z:Id="i228" i:type="Texture"><Attributes><Attribute z:Id="i229"><AttributeType>filename</AttributeType><IsRequired>true</IsRequired><Value i:nil="true"/></Attribute></Attributes><ChildElements/><ElementName>texture</ElementName><required>false</required><FilenameAttribute z:Ref="i229"/><wFilename/></URDFElement></ChildElements><ElementName>material</ElementName><required>false</required><Color z:Ref="i226"/><NameAttribute z:Ref="i225"/><Texture z:Ref="i228"/></URDFElement></ChildElements><ElementName>visual</ElementName><required>false</required><Geometry z:Ref="i221"/><Material z:Ref="i224"/><Origin z:Ref="i218"/></URDFElement><URDFElement z:Id="i230" i:type="Collision"><Attributes/><ChildElements><URDFElement z:Id="i231" i:type="Origin"><Attributes><Attribute z:Id="i232"><AttributeType>xyz</AttributeType><IsRequired>true</IsRequired><Value i:type="a:ArrayOfdouble" xmlns:a="http://schemas.microsoft.com/2003/10/Serialization/Arrays"><a:double>0</a:double><a:double>0</a:double><a:double>0</a:double></Value></Attribute><Attribute z:Id="i233"><AttributeType>rpy</AttributeType><IsRequired>true</IsRequired><Value i:type="a:ArrayOfdouble" xmlns:a="http://schemas.microsoft.com/2003/10/Serialization/Arrays"><a:double>0</a:double><a:double>0</a:double><a:double>0</a:double></Value></Attribute></Attributes><ChildElements/><ElementName>origin</ElementName><required>false</required><RPYAttribute z:Ref="i233"/><XYZAttribute z:Ref="i232"/><isCustomized>false</isCustomized></URDFElement><URDFElement z:Id="i234" i:type="Geometry"><Attributes/><ChildElements><URDFElement z:Id="i235" i:type="Mesh"><Attributes><Attribute z:Id="i236"><AttributeType>filename</AttributeType><IsRequired>true</IsRequired><Value i:nil="true"/></Attribute></Attributes><ChildElements/><ElementName>mesh</ElementName><required>false</required><FilenameAttribute z:Ref="i236"/></URDFElement></ChildElements><ElementName>geometry</ElementName><required>true</required><Mesh z:Ref="i235"/></URDFElement></ChildElements><ElementName>collision</ElementName><required>false</required><Geometry z:Ref="i234"/><Origin z:Ref="i231"/></URDFElement><URDFElement z:Id="i237" i:type="Joint"><Attributes><Attribute z:Id="i238"><AttributeType>name</AttributeType><IsRequired>true</IsRequired><Value i:type="a:string" xmlns:a="http://www.w3.org/2001/XMLSchema">rear_left_wheel_joint</Value></Attribute><Attribute z:Id="i239"><AttributeType>type</AttributeType><IsRequired>true</IsRequired><Value i:type="a:string" xmlns:a="http://www.w3.org/2001/XMLSchema">revolute</Value></Attribute></Attributes><ChildElements><URDFElement z:Id="i240" i:type="Origin"><Attributes><Attribute z:Id="i241"><AttributeType>xyz</AttributeType><IsRequired>true</IsRequired><Value i:type="a:ArrayOfdouble" xmlns:a="http://schemas.microsoft.com/2003/10/Serialization/Arrays"><a:double>0</a:double><a:double>0</a:double><a:double>0</a:double></Value></Attribute><Attribute z:Id="i242"><AttributeType>rpy</AttributeType><IsRequired>true</IsRequired><Value i:type="a:ArrayOfdouble" xmlns:a="http://schemas.microsoft.com/2003/10/Serialization/Arrays"><a:double>0</a:double><a:double>0</a:double><a:double>0</a:double></Value></Attribute></Attributes><ChildElements/><ElementName>origin</ElementName><required>false</required><RPYAttribute z:Ref="i242"/><XYZAttribute z:Ref="i241"/><isCustomized>false</isCustomized></URDFElement><URDFElement z:Id="i243" i:type="ParentLink"><Attributes><Attribute z:Id="i244"><AttributeType>link</AttributeType><IsRequired>true</IsRequired><Value i:type="a:string" xmlns:a="http://www.w3.org/2001/XMLSchema"/></Attribute></Attributes><ChildElements/><ElementName>parent</ElementName><required>true</required><NameAttribute z:Ref="i244"/></URDFElement><URDFElement z:Id="i245" i:type="ChildLink"><Attributes><Attribute z:Id="i246"><AttributeType>link</AttributeType><IsRequired>true</IsRequired><Value i:type="a:string" xmlns:a="http://www.w3.org/2001/XMLSchema"/></Attribute></Attributes><ChildElements/><ElementName>child</ElementName><required>true</required><NameAttribute z:Ref="i246"/></URDFElement><URDFElement z:Id="i247" i:type="Axis"><Attributes><Attribute z:Id="i248"><AttributeType>xyz</AttributeType><IsRequired>true</IsRequired><Value i:type="a:ArrayOfdouble" xmlns:a="http://schemas.microsoft.com/2003/10/Serialization/Arrays"><a:double>0</a:double><a:double>0</a:double><a:double>0</a:double></Value></Attribute></Attributes><ChildElements/><ElementName>axis</ElementName><required>false</required><XYZAttribute z:Ref="i248"/></URDFElement><URDFElement z:Id="i249" i:type="Limit"><Attributes><Attribute z:Id="i250"><AttributeType>lower</AttributeType><IsRequired>false</IsRequired><Value i:nil="true"/></Attribute><Attribute z:Id="i251"><AttributeType>upper</AttributeType><IsRequired>false</IsRequired><Value i:nil="true"/></Attribute><Attribute z:Id="i252"><AttributeType>effort</AttributeType><IsRequired>true</IsRequired><Value i:nil="true"/></Attribute><Attribute z:Id="i253"><AttributeType>velocity</AttributeType><IsRequired>true</IsRequired><Value i:nil="true"/></Attribute></Attributes><ChildElements/><ElementName>limit</ElementName><required>false</required><EffortAttribute z:Ref="i252"/><LowerAttribute z:Ref="i250"/><UpperAttribute z:Ref="i251"/><VelocityAttribute z:Ref="i253"/></URDFElement><URDFElement z:Id="i254" i:type="Calibration"><Attributes><Attribute z:Id="i255"><AttributeType>rising</AttributeType><IsRequired>false</IsRequired><Value i:nil="true"/></Attribute><Attribute z:Id="i256"><AttributeType>falling</AttributeType><IsRequired>false</IsRequired><Value i:nil="true"/></Attribute></Attributes><ChildElements/><ElementName>calibration</ElementName><required>false</required><FallingAttribute z:Ref="i256"/><RisingAttribute z:Ref="i255"/></URDFElement><URDFElement z:Id="i257" i:type="Dynamics"><Attributes><Attribute z:Id="i258"><AttributeType>damping</AttributeType><IsRequired>false</IsRequired><Value i:nil="true"/></Attribute><Attribute z:Id="i259"><AttributeType>friction</AttributeType><IsRequired>false</IsRequired><Value i:nil="true"/></Attribute></Attributes><ChildElements/><ElementName>dynamics</ElementName><required>false</required><DampingAttribute z:Ref="i258"/><FrictionAttribute z:Ref="i259"/></URDFElement><URDFElement z:Id="i260" i:type="SafetyController"><Attributes><Attribute z:Id="i261"><AttributeType>soft_upper_limit</AttributeType><IsRequired>false</IsRequired><Value i:nil="true"/></Attribute><Attribute z:Id="i262"><AttributeType>soft_lower_limit</AttributeType><IsRequired>false</IsRequired><Value i:nil="true"/></Attribute><Attribute z:Id="i263"><AttributeType>k_position</AttributeType><IsRequired>false</IsRequired><Value i:nil="true"/></Attribute><Attribute z:Id="i264"><AttributeType>k_velocity</AttributeType><IsRequired>true</IsRequired><Value i:nil="true"/></Attribute></Attributes><ChildElements/><ElementName>safety_controller</ElementName><required>false</required><KPositionAttribute z:Ref="i263"/><KVelocityAttribute z:Ref="i264"/><SoftLowerAttribute z:Ref="i262"/><SoftUpperAttribute z:Ref="i261"/></URDFElement><URDFElement z:Id="i265" i:type="Mimic"><Attributes><Attribute z:Id="i266"><AttributeType>joint</AttributeType><IsRequired>true</IsRequired><Value i:nil="true"/></Attribute><Attribute z:Id="i267"><AttributeType>multiplier</AttributeType><IsRequired>false</IsRequired><Value i:nil="true"/></Attribute><Attribute z:Id="i268"><AttributeType>offset</AttributeType><IsRequired>false</IsRequired><Value i:nil="true"/></Attribute></Attributes><ChildElements/><ElementName>mimic</ElementName><required>false</required><JointNameAttribute z:Ref="i266"/><MultiplierAttribute z:Ref="i267"/><OffsetAttribute z:Ref="i268"/></URDFElement></ChildElements><ElementName>joint</ElementName><required>false</required><Axis z:Ref="i247"/><AxisName>rear_left</AxisName><Calibration z:Ref="i254"/><Child z:Ref="i245"/><CoordinateSystemName>rear__left_wheel</CoordinateSystemName><Dynamics z:Ref="i257"/><Limit z:Ref="i249"/><Mimic z:Ref="i265"/><NameAttribute z:Ref="i238"/><Origin z:Ref="i240"/><Parent z:Ref="i243"/><Safety z:Ref="i260"/><TypeAttribute z:Ref="i239"/></URDFElement></ChildElements><ElementName>link</ElementName><required>true</required><Children/><Collision z:Ref="i230"/><Inertial z:Ref="i204"/><Joint z:Ref="i237"/><NameAttribute z:Ref="i203"/><Parent z:Ref="i1"/><STLQualityFine>false</STLQualityFine><SWComponentPIDs xmlns:a="http://schemas.microsoft.com/2003/10/Serialization/Arrays"><a:base64Binary>UEYAAAUAAAD//v9FdwBoAGUAZQBsACAAYQBzAHMAZQBtAGIAbAB5AC0AMgBAAEYAdQBsAGwAIABhAHMAcwBlAG0AYgBsAHkALwBXAGgAZQBlAGwAIAAzAGQAcwBjAGEAbgAgAGIAYQBzAGUAZAAgAFYAMwAtADEAQAB3AGgAZQBlAGwAIABhAHMAcwBlAG0AYgBsAHkABAAAABAAAAABAAAAAgAAAAkBAACFAAAA</a:base64Binary><a:base64Binary>UEYAAAUAAAD//v9OdwBoAGUAZQBsACAAYQBzAHMAZQBtAGIAbAB5AC0AMgBAAEYAdQBsAGwAIABhAHMAcwBlAG0AYgBsAHkALwBXAGgAZQBlAGwAIABoAHUAYgAgAHAAbABhAHQAZQBeAHcAaABlAGUAbAAgAGEAcwBzAGUAbQBiAGwAeQAtADEAQAB3AGgAZQBlAGwAIABhAHMAcwBlAG0AYgBsAHkABAAAABAAAAABAAAAAgAAAAkBAABNAAAA</a:base64Binary><a:base64Binary>UEYAAAUAAAD//v9EdwBoAGUAZQBsACAAYQBzAHMAZQBtAGIAbAB5AC0AMgBAAEYAdQBsAGwAIABhAHMAcwBlAG0AYgBsAHkALwBQAGEAcgB0ADIAXgB3AGgAZQBlAGwAIABhAHMAcwBlAG0AYgBsAHkALQAxAEAAdwBoAGUAZQBsACAAYQBzAHMAZQBtAGIAbAB5AAQAAAAQAAAAAQAAAAIAAAAJAQAAkwAAAA==</a:base64Binary><a:base64Binary>UEYAAAUAAAD//v9QdwBoAGUAZQBsACAAYQBzAHMAZQBtAGIAbAB5AC0AMgBAAEYAdQBsAGwAIABhAHMAcwBlAG0AYgBsAHkALwAxADQAbQBtACAAawBlAHkAdwBhAHkAIABmAGwAYQBuAGcAZQAgAGMAbwB1AHAAbABpAG4AZwAgACgAbQA1ACkALQAxAEAAdwBoAGUAZQBsACAAYQBzAHMAZQBtAGIAbAB5AAQAAAAQAAAAAQAAAAIAAAAJAQAAHgAAAA==</a:base64Binary><a:base64Binary>UEYAAAUAAAD//v9IdwBoAGUAZQBsACAAYQBzAHMAZQBtAGIAbAB5AC0AMgBAAEYAdQBsAGwAIABhAHMAcwBlAG0AYgBsAHkALwBXAGgAZQBlAGwAIABjAHUAcABeAHcAaABlAGUAbAAgAGEAcwBzAGUAbQBiAGwAeQAtADEAQAB3AGgAZQBlAGwAIABhAHMAcwBlAG0AYgBsAHkABAAAABAAAAABAAAAAgAAAAkBAACPAAAA</a:base64Binary></SWComponentPIDs><SWMainComponentPID i:nil="true"/><Visual z:Ref="i217"/><isFixedFrame>false</isFixedFrame><isIncomplete>false</isIncomplete></Link><Link z:Id="i269"><Attributes><Attribute z:Id="i270"><AttributeType>name</AttributeType><IsRequired>true</IsRequired><Value i:type="a:string" xmlns:a="http://www.w3.org/2001/XMLSchema">rear_right_wheel</Value></Attribute></Attributes><ChildElements><URDFElement z:Id="i271" i:type="Inertial"><Attributes/><ChildElements><URDFElement z:Id="i272" i:type="Origin"><Attributes><Attribute z:Id="i273"><AttributeType>xyz</AttributeType><IsRequired>true</IsRequired><Value i:type="a:ArrayOfdouble" xmlns:a="http://schemas.microsoft.com/2003/10/Serialization/Arrays"><a:double>0</a:double><a:double>0</a:double><a:double>0</a:double></Value></Attribute><Attribute z:Id="i274"><AttributeType>rpy</AttributeType><IsRequired>true</IsRequired><Value i:type="a:ArrayOfdouble" xmlns:a="http://schemas.microsoft.com/2003/10/Serialization/Arrays"><a:double>0</a:double><a:double>0</a:double><a:double>0</a:double></Value></Attribute></Attributes><ChildElements/><ElementName>origin</ElementName><required>false</required><RPYAttribute z:Ref="i274"/><XYZAttribute z:Ref="i273"/><isCustomized>false</isCustomized></URDFElement><URDFElement z:Id="i275" i:type="Mass"><Attributes><Attribute z:Id="i276"><AttributeType>value</AttributeType><IsRequired>true</IsRequired><Value i:type="a:double" xmlns:a="http://www.w3.org/2001/XMLSchema">0</Value></Attribute></Attributes><ChildElements/><ElementName>mass</ElementName><required>false</required><ValueAttribute z:Ref="i276"/></URDFElement><URDFElement z:Id="i277" i:type="Inertia"><Attributes><Attribute z:Id="i278"><AttributeType>ixx</AttributeType><IsRequired>true</IsRequired><Value i:type="a:double" xmlns:a="http://www.w3.org/2001/XMLSchema">0</Value></Attribute><Attribute z:Id="i279"><AttributeType>ixy</AttributeType><IsRequired>true</IsRequired><Value i:type="a:double" xmlns:a="http://www.w3.org/2001/XMLSchema">0</Value></Attribute><Attribute z:Id="i280"><AttributeType>ixz</AttributeType><IsRequired>true</IsRequired><Value i:type="a:double" xmlns:a="http://www.w3.org/2001/XMLSchema">0</Value></Attribute><Attribute z:Id="i281"><AttributeType>iyy</AttributeType><IsRequired>true</IsRequired><Value i:type="a:double" xmlns:a="http://www.w3.org/2001/XMLSchema">0</Value></Attribute><Attribute z:Id="i282"><AttributeType>iyz</AttributeType><IsRequired>true</IsRequired><Value i:type="a:double" xmlns:a="http://www.w3.org/2001/XMLSchema">0</Value></Attribute><Attribute z:Id="i283"><AttributeType>izz</AttributeType><IsRequired>true</IsRequired><Value i:type="a:double" xmlns:a="http://www.w3.org/2001/XMLSchema">0</Value></Attribute></Attributes><ChildElements/><ElementName>inertia</ElementName><required>false</required><IxxAttribute z:Ref="i278"/><IxyAttribute z:Ref="i279"/><IxzAttribute z:Ref="i280"/><IyyAttribute z:Ref="i281"/><IyzAttribute z:Ref="i282"/><IzzAttribute z:Ref="i283"/></URDFElement></ChildElements><ElementName>inertial</ElementName><required>false</required><Inertia z:Ref="i277"/><Mass z:Ref="i275"/><Origin z:Ref="i272"/></URDFElement><URDFElement z:Id="i284" i:type="Visual"><Attributes/><ChildElements><URDFElement z:Id="i285" i:type="Origin"><Attributes><Attribute z:Id="i286"><AttributeType>xyz</AttributeType><IsRequired>true</IsRequired><Value i:type="a:ArrayOfdouble" xmlns:a="http://schemas.microsoft.com/2003/10/Serialization/Arrays"><a:double>0</a:double><a:double>0</a:double><a:double>0</a:double></Value></Attribute><Attribute z:Id="i287"><AttributeType>rpy</AttributeType><IsRequired>true</IsRequired><Value i:type="a:ArrayOfdouble" xmlns:a="http://schemas.microsoft.com/2003/10/Serialization/Arrays"><a:double>0</a:double><a:double>0</a:double><a:double>0</a:double></Value></Attribute></Attributes><ChildElements/><ElementName>origin</ElementName><required>false</required><RPYAttribute z:Ref="i287"/><XYZAttribute z:Ref="i286"/><isCustomized>false</isCustomized></URDFElement><URDFElement z:Id="i288" i:type="Geometry"><Attributes/><ChildElements><URDFElement z:Id="i289" i:type="Mesh"><Attributes><Attribute z:Id="i290"><AttributeType>filename</AttributeType><IsRequired>true</IsRequired><Value i:nil="true"/></Attribute></Attributes><ChildElements/><ElementName>mesh</ElementName><required>false</required><FilenameAttribute z:Ref="i290"/></URDFElement></ChildElements><ElementName>geometry</ElementName><required>true</required><Mesh z:Ref="i289"/></URDFElement><URDFElement z:Id="i291" i:type="Material"><Attributes><Attribute z:Id="i292"><AttributeType>name</AttributeType><IsRequired>true</IsRequired><Value i:type="a:string" xmlns:a="http://www.w3.org/2001/XMLSchema"/></Attribute></Attributes><ChildElements><URDFElement z:Id="i293" i:type="Color"><Attributes><Attribute z:Id="i294"><AttributeType>rgba</AttributeType><IsRequired>true</IsRequired><Value i:type="a:ArrayOfdouble" xmlns:a="http://schemas.microsoft.com/2003/10/Serialization/Arrays"><a:double>1</a:double><a:double>1</a:double><a:double>1</a:double><a:double>1</a:double></Value></Attribute></Attributes><ChildElements/><ElementName>color</ElementName><required>false</required><RGBAAttribute z:Ref="i294"/></URDFElement><URDFElement z:Id="i295" i:type="Texture"><Attributes><Attribute z:Id="i296"><AttributeType>filename</AttributeType><IsRequired>true</IsRequired><Value i:nil="true"/></Attribute></Attributes><ChildElements/><ElementName>texture</ElementName><required>false</required><FilenameAttribute z:Ref="i296"/><wFilename/></URDFElement></ChildElements><ElementName>material</ElementName><required>false</required><Color z:Ref="i293"/><NameAttribute z:Ref="i292"/><Texture z:Ref="i295"/></URDFElement></ChildElements><ElementName>visual</ElementName><required>false</required><Geometry z:Ref="i288"/><Material z:Ref="i291"/><Origin z:Ref="i285"/></URDFElement><URDFElement z:Id="i297" i:type="Collision"><Attributes/><ChildElements><URDFElement z:Id="i298" i:type="Origin"><Attributes><Attribute z:Id="i299"><AttributeType>xyz</AttributeType><IsRequired>true</IsRequired><Value i:type="a:ArrayOfdouble" xmlns:a="http://schemas.microsoft.com/2003/10/Serialization/Arrays"><a:double>0</a:double><a:double>0</a:double><a:double>0</a:double></Value></Attribute><Attribute z:Id="i300"><AttributeType>rpy</AttributeType><IsRequired>true</IsRequired><Value i:type="a:ArrayOfdouble" xmlns:a="http://schemas.microsoft.com/2003/10/Serialization/Arrays"><a:double>0</a:double><a:double>0</a:double><a:double>0</a:double></Value></Attribute></Attributes><ChildElements/><ElementName>origin</ElementName><required>false</required><RPYAttribute z:Ref="i300"/><XYZAttribute z:Ref="i299"/><isCustomized>false</isCustomized></URDFElement><URDFElement z:Id="i301" i:type="Geometry"><Attributes/><ChildElements><URDFElement z:Id="i302" i:type="Mesh"><Attributes><Attribute z:Id="i303"><AttributeType>filename</AttributeType><IsRequired>true</IsRequired><Value i:nil="true"/></Attribute></Attributes><ChildElements/><ElementName>mesh</ElementName><required>false</required><FilenameAttribute z:Ref="i303"/></URDFElement></ChildElements><ElementName>geometry</ElementName><required>true</required><Mesh z:Ref="i302"/></URDFElement></ChildElements><ElementName>collision</ElementName><required>false</required><Geometry z:Ref="i301"/><Origin z:Ref="i298"/></URDFElement><URDFElement z:Id="i304" i:type="Joint"><Attributes><Attribute z:Id="i305"><AttributeType>name</AttributeType><IsRequired>true</IsRequired><Value i:type="a:string" xmlns:a="http://www.w3.org/2001/XMLSchema">rear_right_wheel_joint</Value></Attribute><Attribute z:Id="i306"><AttributeType>type</AttributeType><IsRequired>true</IsRequired><Value i:type="a:string" xmlns:a="http://www.w3.org/2001/XMLSchema">revolute</Value></Attribute></Attributes><ChildElements><URDFElement z:Id="i307" i:type="Origin"><Attributes><Attribute z:Id="i308"><AttributeType>xyz</AttributeType><IsRequired>true</IsRequired><Value i:type="a:ArrayOfdouble" xmlns:a="http://schemas.microsoft.com/2003/10/Serialization/Arrays"><a:double>0</a:double><a:double>0</a:double><a:double>0</a:double></Value></Attribute><Attribute z:Id="i309"><AttributeType>rpy</AttributeType><IsRequired>true</IsRequired><Value i:type="a:ArrayOfdouble" xmlns:a="http://schemas.microsoft.com/2003/10/Serialization/Arrays"><a:double>0</a:double><a:double>0</a:double><a:double>0</a:double></Value></Attribute></Attributes><ChildElements/><ElementName>origin</ElementName><required>false</required><RPYAttribute z:Ref="i309"/><XYZAttribute z:Ref="i308"/><isCustomized>false</isCustomized></URDFElement><URDFElement z:Id="i310" i:type="ParentLink"><Attributes><Attribute z:Id="i311"><AttributeType>link</AttributeType><IsRequired>true</IsRequired><Value i:type="a:string" xmlns:a="http://www.w3.org/2001/XMLSchema"/></Attribute></Attributes><ChildElements/><ElementName>parent</ElementName><required>true</required><NameAttribute z:Ref="i311"/></URDFElement><URDFElement z:Id="i312" i:type="ChildLink"><Attributes><Attribute z:Id="i313"><AttributeType>link</AttributeType><IsRequired>true</IsRequired><Value i:type="a:string" xmlns:a="http://www.w3.org/2001/XMLSchema"/></Attribute></Attributes><ChildElements/><ElementName>child</ElementName><required>true</required><NameAttribute z:Ref="i313"/></URDFElement><URDFElement z:Id="i314" i:type="Axis"><Attributes><Attribute z:Id="i315"><AttributeType>xyz</AttributeType><IsRequired>true</IsRequired><Value i:type="a:ArrayOfdouble" xmlns:a="http://schemas.microsoft.com/2003/10/Serialization/Arrays"><a:double>0</a:double><a:double>0</a:double><a:double>0</a:double></Value></Attribute></Attributes><ChildElements/><ElementName>axis</ElementName><required>false</required><XYZAttribute z:Ref="i315"/></URDFElement><URDFElement z:Id="i316" i:type="Limit"><Attributes><Attribute z:Id="i317"><AttributeType>lower</AttributeType><IsRequired>false</IsRequired><Value i:nil="true"/></Attribute><Attribute z:Id="i318"><AttributeType>upper</AttributeType><IsRequired>false</IsRequired><Value i:nil="true"/></Attribute><Attribute z:Id="i319"><AttributeType>effort</AttributeType><IsRequired>true</IsRequired><Value i:nil="true"/></Attribute><Attribute z:Id="i320"><AttributeType>velocity</AttributeType><IsRequired>true</IsRequired><Value i:nil="true"/></Attribute></Attributes><ChildElements/><ElementName>limit</ElementName><required>false</required><EffortAttribute z:Ref="i319"/><LowerAttribute z:Ref="i317"/><UpperAttribute z:Ref="i318"/><VelocityAttribute z:Ref="i320"/></URDFElement><URDFElement z:Id="i321" i:type="Calibration"><Attributes><Attribute z:Id="i322"><AttributeType>rising</AttributeType><IsRequired>false</IsRequired><Value i:nil="true"/></Attribute><Attribute z:Id="i323"><AttributeType>falling</AttributeType><IsRequired>false</IsRequired><Value i:nil="true"/></Attribute></Attributes><ChildElements/><ElementName>calibration</ElementName><required>false</required><FallingAttribute z:Ref="i323"/><RisingAttribute z:Ref="i322"/></URDFElement><URDFElement z:Id="i324" i:type="Dynamics"><Attributes><Attribute z:Id="i325"><AttributeType>damping</AttributeType><IsRequired>false</IsRequired><Value i:nil="true"/></Attribute><Attribute z:Id="i326"><AttributeType>friction</AttributeType><IsRequired>false</IsRequired><Value i:nil="true"/></Attribute></Attributes><ChildElements/><ElementName>dynamics</ElementName><required>false</required><DampingAttribute z:Ref="i325"/><FrictionAttribute z:Ref="i326"/></URDFElement><URDFElement z:Id="i327" i:type="SafetyController"><Attributes><Attribute z:Id="i328"><AttributeType>soft_upper_limit</AttributeType><IsRequired>false</IsRequired><Value i:nil="true"/></Attribute><Attribute z:Id="i329"><AttributeType>soft_lower_limit</AttributeType><IsRequired>false</IsRequired><Value i:nil="true"/></Attribute><Attribute z:Id="i330"><AttributeType>k_position</AttributeType><IsRequired>false</IsRequired><Value i:nil="true"/></Attribute><Attribute z:Id="i331"><AttributeType>k_velocity</AttributeType><IsRequired>true</IsRequired><Value i:nil="true"/></Attribute></Attributes><ChildElements/><ElementName>safety_controller</ElementName><required>false</required><KPositionAttribute z:Ref="i330"/><KVelocityAttribute z:Ref="i331"/><SoftLowerAttribute z:Ref="i329"/><SoftUpperAttribute z:Ref="i328"/></URDFElement><URDFElement z:Id="i332" i:type="Mimic"><Attributes><Attribute z:Id="i333"><AttributeType>joint</AttributeType><IsRequired>true</IsRequired><Value i:nil="true"/></Attribute><Attribute z:Id="i334"><AttributeType>multiplier</AttributeType><IsRequired>false</IsRequired><Value i:nil="true"/></Attribute><Attribute z:Id="i335"><AttributeType>offset</AttributeType><IsRequired>false</IsRequired><Value i:nil="true"/></Attribute></Attributes><ChildElements/><ElementName>mimic</ElementName><required>false</required><JointNameAttribute z:Ref="i333"/><MultiplierAttribute z:Ref="i334"/><OffsetAttribute z:Ref="i335"/></URDFElement></ChildElements><ElementName>joint</ElementName><required>false</required><Axis z:Ref="i314"/><AxisName>rear_right</AxisName><Calibration z:Ref="i321"/><Child z:Ref="i312"/><CoordinateSystemName>rear_right_wheel</CoordinateSystemName><Dynamics z:Ref="i324"/><Limit z:Ref="i316"/><Mimic z:Ref="i332"/><NameAttribute z:Ref="i305"/><Origin z:Ref="i307"/><Parent z:Ref="i310"/><Safety z:Ref="i327"/><TypeAttribute z:Ref="i306"/></URDFElement></ChildElements><ElementName>link</ElementName><required>true</required><Children/><Collision z:Ref="i297"/><Inertial z:Ref="i271"/><Joint z:Ref="i304"/><NameAttribute z:Ref="i270"/><Parent z:Ref="i1"/><STLQualityFine>false</STLQualityFine><SWComponentPIDs xmlns:a="http://schemas.microsoft.com/2003/10/Serialization/Arrays"><a:base64Binary>UEYAAAUAAAD//v9FdwBoAGUAZQBsACAAYQBzAHMAZQBtAGIAbAB5AC0ANABAAEYAdQBsAGwAIABhAHMAcwBlAG0AYgBsAHkALwBXAGgAZQBlAGwAIAAzAGQAcwBjAGEAbgAgAGIAYQBzAGUAZAAgAFYAMwAtADEAQAB3AGgAZQBlAGwAIABhAHMAcwBlAG0AYgBsAHkABAAAABAAAAABAAAAAgAAAA0BAACFAAAA</a:base64Binary><a:base64Binary>UEYAAAUAAAD//v9OdwBoAGUAZQBsACAAYQBzAHMAZQBtAGIAbAB5AC0ANABAAEYAdQBsAGwAIABhAHMAcwBlAG0AYgBsAHkALwBXAGgAZQBlAGwAIABoAHUAYgAgAHAAbABhAHQAZQBeAHcAaABlAGUAbAAgAGEAcwBzAGUAbQBiAGwAeQAtADEAQAB3AGgAZQBlAGwAIABhAHMAcwBlAG0AYgBsAHkABAAAABAAAAABAAAAAgAAAA0BAABNAAAA</a:base64Binary><a:base64Binary>UEYAAAUAAAD//v9EdwBoAGUAZQBsACAAYQBzAHMAZQBtAGIAbAB5AC0ANABAAEYAdQBsAGwAIABhAHMAcwBlAG0AYgBsAHkALwBQAGEAcgB0ADIAXgB3AGgAZQBlAGwAIABhAHMAcwBlAG0AYgBsAHkALQAxAEAAdwBoAGUAZQBsACAAYQBzAHMAZQBtAGIAbAB5AAQAAAAQAAAAAQAAAAIAAAANAQAAkwAAAA==</a:base64Binary><a:base64Binary>UEYAAAUAAAD//v9QdwBoAGUAZQBsACAAYQBzAHMAZQBtAGIAbAB5AC0ANABAAEYAdQBsAGwAIABhAHMAcwBlAG0AYgBsAHkALwAxADQAbQBtACAAawBlAHkAdwBhAHkAIABmAGwAYQBuAGcAZQAgAGMAbwB1AHAAbABpAG4AZwAgACgAbQA1ACkALQAxAEAAdwBoAGUAZQBsACAAYQBzAHMAZQBtAGIAbAB5AAQAAAAQAAAAAQAAAAIAAAANAQAAHgAAAA==</a:base64Binary><a:base64Binary>UEYAAAUAAAD//v9IdwBoAGUAZQBsACAAYQBzAHMAZQBtAGIAbAB5AC0ANABAAEYAdQBsAGwAIABhAHMAcwBlAG0AYgBsAHkALwBXAGgAZQBlAGwAIABjAHUAcABeAHcAaABlAGUAbAAgAGEAcwBzAGUAbQBiAGwAeQAtADEAQAB3AGgAZQBlAGwAIABhAHMAcwBlAG0AYgBsAHkABAAAABAAAAABAAAAAgAAAA0BAACPAAAA</a:base64Binary></SWComponentPIDs><SWMainComponentPID i:nil="true"/><Visual z:Ref="i284"/><isFixedFrame>false</isFixedFrame><isIncomplete>false</isIncomplete></Link><Link z:Id="i336"><Attributes><Attribute z:Id="i337"><AttributeType>name</AttributeType><IsRequired>true</IsRequired><Value i:type="a:string" xmlns:a="http://www.w3.org/2001/XMLSchema">front_lidar</Value></Attribute></Attributes><ChildElements><URDFElement z:Id="i338" i:type="Inertial"><Attributes/><ChildElements><URDFElement z:Id="i339" i:type="Origin"><Attributes><Attribute z:Id="i340"><AttributeType>xyz</AttributeType><IsRequired>true</IsRequired><Value i:type="a:ArrayOfdouble" xmlns:a="http://schemas.microsoft.com/2003/10/Serialization/Arrays"><a:double>0</a:double><a:double>0</a:double><a:double>0</a:double></Value></Attribute><Attribute z:Id="i341"><AttributeType>rpy</AttributeType><IsRequired>true</IsRequired><Value i:type="a:ArrayOfdouble" xmlns:a="http://schemas.microsoft.com/2003/10/Serialization/Arrays"><a:double>0</a:double><a:double>0</a:double><a:double>0</a:double></Value></Attribute></Attributes><ChildElements/><ElementName>origin</ElementName><required>false</required><RPYAttribute z:Ref="i341"/><XYZAttribute z:Ref="i340"/><isCustomized>false</isCustomized></URDFElement><URDFElement z:Id="i342" i:type="Mass"><Attributes><Attribute z:Id="i343"><AttributeType>value</AttributeType><IsRequired>true</IsRequired><Value i:type="a:double" xmlns:a="http://www.w3.org/2001/XMLSchema">0</Value></Attribute></Attributes><ChildElements/><ElementName>mass</ElementName><required>false</required><ValueAttribute z:Ref="i343"/></URDFElement><URDFElement z:Id="i344" i:type="Inertia"><Attributes><Attribute z:Id="i345"><AttributeType>ixx</AttributeType><IsRequired>true</IsRequired><Value i:type="a:double" xmlns:a="http://www.w3.org/2001/XMLSchema">0</Value></Attribute><Attribute z:Id="i346"><AttributeType>ixy</AttributeType><IsRequired>true</IsRequired><Value i:type="a:double" xmlns:a="http://www.w3.org/2001/XMLSchema">0</Value></Attribute><Attribute z:Id="i347"><AttributeType>ixz</AttributeType><IsRequired>true</IsRequired><Value i:type="a:double" xmlns:a="http://www.w3.org/2001/XMLSchema">0</Value></Attribute><Attribute z:Id="i348"><AttributeType>iyy</AttributeType><IsRequired>true</IsRequired><Value i:type="a:double" xmlns:a="http://www.w3.org/2001/XMLSchema">0</Value></Attribute><Attribute z:Id="i349"><AttributeType>iyz</AttributeType><IsRequired>true</IsRequired><Value i:type="a:double" xmlns:a="http://www.w3.org/2001/XMLSchema">0</Value></Attribute><Attribute z:Id="i350"><AttributeType>izz</AttributeType><IsRequired>true</IsRequired><Value i:type="a:double" xmlns:a="http://www.w3.org/2001/XMLSchema">0</Value></Attribute></Attributes><ChildElements/><ElementName>inertia</ElementName><required>false</required><IxxAttribute z:Ref="i345"/><IxyAttribute z:Ref="i346"/><IxzAttribute z:Ref="i347"/><IyyAttribute z:Ref="i348"/><IyzAttribute z:Ref="i349"/><IzzAttribute z:Ref="i350"/></URDFElement></ChildElements><ElementName>inertial</ElementName><required>false</required><Inertia z:Ref="i344"/><Mass z:Ref="i342"/><Origin z:Ref="i339"/></URDFElement><URDFElement z:Id="i351" i:type="Visual"><Attributes/><ChildElements><URDFElement z:Id="i352" i:type="Origin"><Attributes><Attribute z:Id="i353"><AttributeType>xyz</AttributeType><IsRequired>true</IsRequired><Value i:type="a:ArrayOfdouble" xmlns:a="http://schemas.microsoft.com/2003/10/Serialization/Arrays"><a:double>0</a:double><a:double>0</a:double><a:double>0</a:double></Value></Attribute><Attribute z:Id="i354"><AttributeType>rpy</AttributeType><IsRequired>true</IsRequired><Value i:type="a:ArrayOfdouble" xmlns:a="http://schemas.microsoft.com/2003/10/Serialization/Arrays"><a:double>0</a:double><a:double>0</a:double><a:double>0</a:double></Value></Attribute></Attributes><ChildElements/><ElementName>origin</ElementName><required>false</required><RPYAttribute z:Ref="i354"/><XYZAttribute z:Ref="i353"/><isCustomized>false</isCustomized></URDFElement><URDFElement z:Id="i355" i:type="Geometry"><Attributes/><ChildElements><URDFElement z:Id="i356" i:type="Mesh"><Attributes><Attribute z:Id="i357"><AttributeType>filename</AttributeType><IsRequired>true</IsRequired><Value i:nil="true"/></Attribute></Attributes><ChildElements/><ElementName>mesh</ElementName><required>false</required><FilenameAttribute z:Ref="i357"/></URDFElement></ChildElements><ElementName>geometry</ElementName><required>true</required><Mesh z:Ref="i356"/></URDFElement><URDFElement z:Id="i358" i:type="Material"><Attributes><Attribute z:Id="i359"><AttributeType>name</AttributeType><IsRequired>true</IsRequired><Value i:type="a:string" xmlns:a="http://www.w3.org/2001/XMLSchema"/></Attribute></Attributes><ChildElements><URDFElement z:Id="i360" i:type="Color"><Attributes><Attribute z:Id="i361"><AttributeType>rgba</AttributeType><IsRequired>true</IsRequired><Value i:type="a:ArrayOfdouble" xmlns:a="http://schemas.microsoft.com/2003/10/Serialization/Arrays"><a:double>1</a:double><a:double>1</a:double><a:double>1</a:double><a:double>1</a:double></Value></Attribute></Attributes><ChildElements/><ElementName>color</ElementName><required>false</required><RGBAAttribute z:Ref="i361"/></URDFElement><URDFElement z:Id="i362" i:type="Texture"><Attributes><Attribute z:Id="i363"><AttributeType>filename</AttributeType><IsRequired>true</IsRequired><Value i:nil="true"/></Attribute></Attributes><ChildElements/><ElementName>texture</ElementName><required>false</required><FilenameAttribute z:Ref="i363"/><wFilename/></URDFElement></ChildElements><ElementName>material</ElementName><required>false</required><Color z:Ref="i360"/><NameAttribute z:Ref="i359"/><Texture z:Ref="i362"/></URDFElement></ChildElements><ElementName>visual</ElementName><required>false</required><Geometry z:Ref="i355"/><Material z:Ref="i358"/><Origin z:Ref="i352"/></URDFElement><URDFElement z:Id="i364" i:type="Collision"><Attributes/><ChildElements><URDFElement z:Id="i365" i:type="Origin"><Attributes><Attribute z:Id="i366"><AttributeType>xyz</AttributeType><IsRequired>true</IsRequired><Value i:type="a:ArrayOfdouble" xmlns:a="http://schemas.microsoft.com/2003/10/Serialization/Arrays"><a:double>0</a:double><a:double>0</a:double><a:double>0</a:double></Value></Attribute><Attribute z:Id="i367"><AttributeType>rpy</AttributeType><IsRequired>true</IsRequired><Value i:type="a:ArrayOfdouble" xmlns:a="http://schemas.microsoft.com/2003/10/Serialization/Arrays"><a:double>0</a:double><a:double>0</a:double><a:double>0</a:double></Value></Attribute></Attributes><ChildElements/><ElementName>origin</ElementName><required>false</required><RPYAttribute z:Ref="i367"/><XYZAttribute z:Ref="i366"/><isCustomized>false</isCustomized></URDFElement><URDFElement z:Id="i368" i:type="Geometry"><Attributes/><ChildElements><URDFElement z:Id="i369" i:type="Mesh"><Attributes><Attribute z:Id="i370"><AttributeType>filename</AttributeType><IsRequired>true</IsRequired><Value i:nil="true"/></Attribute></Attributes><ChildElements/><ElementName>mesh</ElementName><required>false</required><FilenameAttribute z:Ref="i370"/></URDFElement></ChildElements><ElementName>geometry</ElementName><required>true</required><Mesh z:Ref="i369"/></URDFElement></ChildElements><ElementName>collision</ElementName><required>false</required><Geometry z:Ref="i368"/><Origin z:Ref="i365"/></URDFElement><URDFElement z:Id="i371" i:type="Joint"><Attributes><Attribute z:Id="i372"><AttributeType>name</AttributeType><IsRequired>true</IsRequired><Value i:type="a:string" xmlns:a="http://www.w3.org/2001/XMLSchema">front_lidar_joint</Value></Attribute><Attribute z:Id="i373"><AttributeType>type</AttributeType><IsRequired>true</IsRequired><Value i:type="a:string" xmlns:a="http://www.w3.org/2001/XMLSchema">fixed</Value></Attribute></Attributes><ChildElements><URDFElement z:Id="i374" i:type="Origin"><Attributes><Attribute z:Id="i375"><AttributeType>xyz</AttributeType><IsRequired>true</IsRequired><Value i:type="a:ArrayOfdouble" xmlns:a="http://schemas.microsoft.com/2003/10/Serialization/Arrays"><a:double>0</a:double><a:double>0</a:double><a:double>0</a:double></Value></Attribute><Attribute z:Id="i376"><AttributeType>rpy</AttributeType><IsRequired>true</IsRequired><Value i:type="a:ArrayOfdouble" xmlns:a="http://schemas.microsoft.com/2003/10/Serialization/Arrays"><a:double>0</a:double><a:double>0</a:double><a:double>0</a:double></Value></Attribute></Attributes><ChildElements/><ElementName>origin</ElementName><required>false</required><RPYAttribute z:Ref="i376"/><XYZAttribute z:Ref="i375"/><isCustomized>false</isCustomized></URDFElement><URDFElement z:Id="i377" i:type="ParentLink"><Attributes><Attribute z:Id="i378"><AttributeType>link</AttributeType><IsRequired>true</IsRequired><Value i:type="a:string" xmlns:a="http://www.w3.org/2001/XMLSchema"/></Attribute></Attributes><ChildElements/><ElementName>parent</ElementName><required>true</required><NameAttribute z:Ref="i378"/></URDFElement><URDFElement z:Id="i379" i:type="ChildLink"><Attributes><Attribute z:Id="i380"><AttributeType>link</AttributeType><IsRequired>true</IsRequired><Value i:type="a:string" xmlns:a="http://www.w3.org/2001/XMLSchema"/></Attribute></Attributes><ChildElements/><ElementName>child</ElementName><required>true</required><NameAttribute z:Ref="i380"/></URDFElement><URDFElement z:Id="i381" i:type="Axis"><Attributes><Attribute z:Id="i382"><AttributeType>xyz</AttributeType><IsRequired>true</IsRequired><Value i:type="a:ArrayOfdouble" xmlns:a="http://schemas.microsoft.com/2003/10/Serialization/Arrays"><a:double>0</a:double><a:double>0</a:double><a:double>0</a:double></Value></Attribute></Attributes><ChildElements/><ElementName>axis</ElementName><required>false</required><XYZAttribute z:Ref="i382"/></URDFElement><URDFElement z:Id="i383" i:type="Limit"><Attributes><Attribute z:Id="i384"><AttributeType>lower</AttributeType><IsRequired>false</IsRequired><Value i:nil="true"/></Attribute><Attribute z:Id="i385"><AttributeType>upper</AttributeType><IsRequired>false</IsRequired><Value i:nil="true"/></Attribute><Attribute z:Id="i386"><AttributeType>effort</AttributeType><IsRequired>true</IsRequired><Value i:nil="true"/></Attribute><Attribute z:Id="i387"><AttributeType>velocity</AttributeType><IsRequired>true</IsRequired><Value i:nil="true"/></Attribute></Attributes><ChildElements/><ElementName>limit</ElementName><required>false</required><EffortAttribute z:Ref="i386"/><LowerAttribute z:Ref="i384"/><UpperAttribute z:Ref="i385"/><VelocityAttribute z:Ref="i387"/></URDFElement><URDFElement z:Id="i388" i:type="Calibration"><Attributes><Attribute z:Id="i389"><AttributeType>rising</AttributeType><IsRequired>false</IsRequired><Value i:nil="true"/></Attribute><Attribute z:Id="i390"><AttributeType>falling</AttributeType><IsRequired>false</IsRequired><Value i:nil="true"/></Attribute></Attributes><ChildElements/><ElementName>calibration</ElementName><required>false</required><FallingAttribute z:Ref="i390"/><RisingAttribute z:Ref="i389"/></URDFElement><URDFElement z:Id="i391" i:type="Dynamics"><Attributes><Attribute z:Id="i392"><AttributeType>damping</AttributeType><IsRequired>false</IsRequired><Value i:nil="true"/></Attribute><Attribute z:Id="i393"><AttributeType>friction</AttributeType><IsRequired>false</IsRequired><Value i:nil="true"/></Attribute></Attributes><ChildElements/><ElementName>dynamics</ElementName><required>false</required><DampingAttribute z:Ref="i392"/><FrictionAttribute z:Ref="i393"/></URDFElement><URDFElement z:Id="i394" i:type="SafetyController"><Attributes><Attribute z:Id="i395"><AttributeType>soft_upper_limit</AttributeType><IsRequired>false</IsRequired><Value i:nil="true"/></Attribute><Attribute z:Id="i396"><AttributeType>soft_lower_limit</AttributeType><IsRequired>false</IsRequired><Value i:nil="true"/></Attribute><Attribute z:Id="i397"><AttributeType>k_position</AttributeType><IsRequired>false</IsRequired><Value i:nil="true"/></Attribute><Attribute z:Id="i398"><AttributeType>k_velocity</AttributeType><IsRequired>true</IsRequired><Value i:nil="true"/></Attribute></Attributes><ChildElements/><ElementName>safety_controller</ElementName><required>false</required><KPositionAttribute z:Ref="i397"/><KVelocityAttribute z:Ref="i398"/><SoftLowerAttribute z:Ref="i396"/><SoftUpperAttribute z:Ref="i395"/></URDFElement><URDFElement z:Id="i399" i:type="Mimic"><Attributes><Attribute z:Id="i400"><AttributeType>joint</AttributeType><IsRequired>true</IsRequired><Value i:nil="true"/></Attribute><Attribute z:Id="i401"><AttributeType>multiplier</AttributeType><IsRequired>false</IsRequired><Value i:nil="true"/></Attribute><Attribute z:Id="i402"><AttributeType>offset</AttributeType><IsRequired>false</IsRequired><Value i:nil="true"/></Attribute></Attributes><ChildElements/><ElementName>mimic</ElementName><required>false</required><JointNameAttribute z:Ref="i400"/><MultiplierAttribute z:Ref="i401"/><OffsetAttribute z:Ref="i402"/></URDFElement></ChildElements><ElementName>joint</ElementName><required>false</required><Axis z:Ref="i381"/><AxisName>lidar axis</AxisName><Calibration z:Ref="i388"/><Child z:Ref="i379"/><CoordinateSystemName>front_lidar</CoordinateSystemName><Dynamics z:Ref="i391"/><Limit z:Ref="i383"/><Mimic z:Ref="i399"/><NameAttribute z:Ref="i372"/><Origin z:Ref="i374"/><Parent z:Ref="i377"/><Safety z:Ref="i394"/><TypeAttribute z:Ref="i373"/></URDFElement></ChildElements><ElementName>link</ElementName><required>true</required><Children/><Collision z:Ref="i364"/><Inertial z:Ref="i338"/><Joint z:Ref="i371"/><NameAttribute z:Ref="i337"/><Parent z:Ref="i1"/><STLQualityFine>false</STLQualityFine><SWComponentPIDs xmlns:a="http://schemas.microsoft.com/2003/10/Serialization/Arrays"><a:base64Binary>UEYAAAUAAAD//v+KcgBvAGIAbwBzAGUAbgBzAGUAIABhAGkAcgB5AC4AcwB0AGUAcAAtADEAQABGAHUAbABsACAAYQBzAHMAZQBtAGIAbAB5AC8AMAAzADUAMABfAF8AXwBfAC0AXwBGAE8AVgAgAF8AMQBfAC4AcwB0AGUAcAAtADEAQAByAG8AYgBvAHMAZQBuAHMAZQAgAGEAaQByAHkALgBzAHQAZQBwAC8AUgBTAC0ARAAxADAAMwAtADAAMAA5ADIALQAwADAAXwBfAF8AXwBfAF8AXwBfAF8AXwBfADEALgBzAHQAZQBwAC0AMQBAADAAMwA1ADAAXwBfAF8AXwAtAF8ARgBPAFYAIABfADEAXwAuAHMAdABlAHAABAAAABAAAAABAAAAAwAAAKURAAAYAAAAHQAAAA==</a:base64Binary></SWComponentPIDs><SWMainComponentPID i:nil="true"/><Visual z:Ref="i351"/><isFixedFrame>false</isFixedFrame><isIncomplete>false</isIncomplete></Link><Link z:Id="i403"><Attributes><Attribute z:Id="i404"><AttributeType>name</AttributeType><IsRequired>true</IsRequired><Value i:type="a:string" xmlns:a="http://www.w3.org/2001/XMLSchema">rear_lidar</Value></Attribute></Attributes><ChildElements><URDFElement z:Id="i405" i:type="Inertial"><Attributes/><ChildElements><URDFElement z:Id="i406" i:type="Origin"><Attributes><Attribute z:Id="i407"><AttributeType>xyz</AttributeType><IsRequired>true</IsRequired><Value i:type="a:ArrayOfdouble" xmlns:a="http://schemas.microsoft.com/2003/10/Serialization/Arrays"><a:double>0</a:double><a:double>0</a:double><a:double>0</a:double></Value></Attribute><Attribute z:Id="i408"><AttributeType>rpy</AttributeType><IsRequired>true</IsRequired><Value i:type="a:ArrayOfdouble" xmlns:a="http://schemas.microsoft.com/2003/10/Serialization/Arrays"><a:double>0</a:double><a:double>0</a:double><a:double>0</a:double></Value></Attribute></Attributes><ChildElements/><ElementName>origin</ElementName><required>false</required><RPYAttribute z:Ref="i408"/><XYZAttribute z:Ref="i407"/><isCustomized>false</isCustomized></URDFElement><URDFElement z:Id="i409" i:type="Mass"><Attributes><Attribute z:Id="i410"><AttributeType>value</AttributeType><IsRequired>true</IsRequired><Value i:type="a:double" xmlns:a="http://www.w3.org/2001/XMLSchema">0</Value></Attribute></Attributes><ChildElements/><ElementName>mass</ElementName><required>false</required><ValueAttribute z:Ref="i410"/></URDFElement><URDFElement z:Id="i411" i:type="Inertia"><Attributes><Attribute z:Id="i412"><AttributeType>ixx</AttributeType><IsRequired>true</IsRequired><Value i:type="a:double" xmlns:a="http://www.w3.org/2001/XMLSchema">0</Value></Attribute><Attribute z:Id="i413"><AttributeType>ixy</AttributeType><IsRequired>true</IsRequired><Value i:type="a:double" xmlns:a="http://www.w3.org/2001/XMLSchema">0</Value></Attribute><Attribute z:Id="i414"><AttributeType>ixz</AttributeType><IsRequired>true</IsRequired><Value i:type="a:double" xmlns:a="http://www.w3.org/2001/XMLSchema">0</Value></Attribute><Attribute z:Id="i415"><AttributeType>iyy</AttributeType><IsRequired>true</IsRequired><Value i:type="a:double" xmlns:a="http://www.w3.org/2001/XMLSchema">0</Value></Attribute><Attribute z:Id="i416"><AttributeType>iyz</AttributeType><IsRequired>true</IsRequired><Value i:type="a:double" xmlns:a="http://www.w3.org/2001/XMLSchema">0</Value></Attribute><Attribute z:Id="i417"><AttributeType>izz</AttributeType><IsRequired>true</IsRequired><Value i:type="a:double" xmlns:a="http://www.w3.org/2001/XMLSchema">0</Value></Attribute></Attributes><ChildElements/><ElementName>inertia</ElementName><required>false</required><IxxAttribute z:Ref="i412"/><IxyAttribute z:Ref="i413"/><IxzAttribute z:Ref="i414"/><IyyAttribute z:Ref="i415"/><IyzAttribute z:Ref="i416"/><IzzAttribute z:Ref="i417"/></URDFElement></ChildElements><ElementName>inertial</ElementName><required>false</required><Inertia z:Ref="i411"/><Mass z:Ref="i409"/><Origin z:Ref="i406"/></URDFElement><URDFElement z:Id="i418" i:type="Visual"><Attributes/><ChildElements><URDFElement z:Id="i419" i:type="Origin"><Attributes><Attribute z:Id="i420"><AttributeType>xyz</AttributeType><IsRequired>true</IsRequired><Value i:type="a:ArrayOfdouble" xmlns:a="http://schemas.microsoft.com/2003/10/Serialization/Arrays"><a:double>0</a:double><a:double>0</a:double><a:double>0</a:double></Value></Attribute><Attribute z:Id="i421"><AttributeType>rpy</AttributeType><IsRequired>true</IsRequired><Value i:type="a:ArrayOfdouble" xmlns:a="http://schemas.microsoft.com/2003/10/Serialization/Arrays"><a:double>0</a:double><a:double>0</a:double><a:double>0</a:double></Value></Attribute></Attributes><ChildElements/><ElementName>origin</ElementName><required>false</required><RPYAttribute z:Ref="i421"/><XYZAttribute z:Ref="i420"/><isCustomized>false</isCustomized></URDFElement><URDFElement z:Id="i422" i:type="Geometry"><Attributes/><ChildElements><URDFElement z:Id="i423" i:type="Mesh"><Attributes><Attribute z:Id="i424"><AttributeType>filename</AttributeType><IsRequired>true</IsRequired><Value i:nil="true"/></Attribute></Attributes><ChildElements/><ElementName>mesh</ElementName><required>false</required><FilenameAttribute z:Ref="i424"/></URDFElement></ChildElements><ElementName>geometry</ElementName><required>true</required><Mesh z:Ref="i423"/></URDFElement><URDFElement z:Id="i425" i:type="Material"><Attributes><Attribute z:Id="i426"><AttributeType>name</AttributeType><IsRequired>true</IsRequired><Value i:type="a:string" xmlns:a="http://www.w3.org/2001/XMLSchema"/></Attribute></Attributes><ChildElements><URDFElement z:Id="i427" i:type="Color"><Attributes><Attribute z:Id="i428"><AttributeType>rgba</AttributeType><IsRequired>true</IsRequired><Value i:type="a:ArrayOfdouble" xmlns:a="http://schemas.microsoft.com/2003/10/Serialization/Arrays"><a:double>1</a:double><a:double>1</a:double><a:double>1</a:double><a:double>1</a:double></Value></Attribute></Attributes><ChildElements/><ElementName>color</ElementName><required>false</required><RGBAAttribute z:Ref="i428"/></URDFElement><URDFElement z:Id="i429" i:type="Texture"><Attributes><Attribute z:Id="i430"><AttributeType>filename</AttributeType><IsRequired>true</IsRequired><Value i:nil="true"/></Attribute></Attributes><ChildElements/><ElementName>texture</ElementName><required>false</required><FilenameAttribute z:Ref="i430"/><wFilename/></URDFElement></ChildElements><ElementName>material</ElementName><required>false</required><Color z:Ref="i427"/><NameAttribute z:Ref="i426"/><Texture z:Ref="i429"/></URDFElement></ChildElements><ElementName>visual</ElementName><required>false</required><Geometry z:Ref="i422"/><Material z:Ref="i425"/><Origin z:Ref="i419"/></URDFElement><URDFElement z:Id="i431" i:type="Collision"><Attributes/><ChildElements><URDFElement z:Id="i432" i:type="Origin"><Attributes><Attribute z:Id="i433"><AttributeType>xyz</AttributeType><IsRequired>true</IsRequired><Value i:type="a:ArrayOfdouble" xmlns:a="http://schemas.microsoft.com/2003/10/Serialization/Arrays"><a:double>0</a:double><a:double>0</a:double><a:double>0</a:double></Value></Attribute><Attribute z:Id="i434"><AttributeType>rpy</AttributeType><IsRequired>true</IsRequired><Value i:type="a:ArrayOfdouble" xmlns:a="http://schemas.microsoft.com/2003/10/Serialization/Arrays"><a:double>0</a:double><a:double>0</a:double><a:double>0</a:double></Value></Attribute></Attributes><ChildElements/><ElementName>origin</ElementName><required>false</required><RPYAttribute z:Ref="i434"/><XYZAttribute z:Ref="i433"/><isCustomized>false</isCustomized></URDFElement><URDFElement z:Id="i435" i:type="Geometry"><Attributes/><ChildElements><URDFElement z:Id="i436" i:type="Mesh"><Attributes><Attribute z:Id="i437"><AttributeType>filename</AttributeType><IsRequired>true</IsRequired><Value i:nil="true"/></Attribute></Attributes><ChildElements/><ElementName>mesh</ElementName><required>false</required><FilenameAttribute z:Ref="i437"/></URDFElement></ChildElements><ElementName>geometry</ElementName><required>true</required><Mesh z:Ref="i436"/></URDFElement></ChildElements><ElementName>collision</ElementName><required>false</required><Geometry z:Ref="i435"/><Origin z:Ref="i432"/></URDFElement><URDFElement z:Id="i438" i:type="Joint"><Attributes><Attribute z:Id="i439"><AttributeType>name</AttributeType><IsRequired>true</IsRequired><Value i:type="a:string" xmlns:a="http://www.w3.org/2001/XMLSchema">rear_lidar_joint</Value></Attribute><Attribute z:Id="i440"><AttributeType>type</AttributeType><IsRequired>true</IsRequired><Value i:type="a:string" xmlns:a="http://www.w3.org/2001/XMLSchema">fixed</Value></Attribute></Attributes><ChildElements><URDFElement z:Id="i441" i:type="Origin"><Attributes><Attribute z:Id="i442"><AttributeType>xyz</AttributeType><IsRequired>true</IsRequired><Value i:type="a:ArrayOfdouble" xmlns:a="http://schemas.microsoft.com/2003/10/Serialization/Arrays"><a:double>0</a:double><a:double>0</a:double><a:double>0</a:double></Value></Attribute><Attribute z:Id="i443"><AttributeType>rpy</AttributeType><IsRequired>true</IsRequired><Value i:type="a:ArrayOfdouble" xmlns:a="http://schemas.microsoft.com/2003/10/Serialization/Arrays"><a:double>0</a:double><a:double>0</a:double><a:double>0</a:double></Value></Attribute></Attributes><ChildElements/><ElementName>origin</ElementName><required>false</required><RPYAttribute z:Ref="i443"/><XYZAttribute z:Ref="i442"/><isCustomized>false</isCustomized></URDFElement><URDFElement z:Id="i444" i:type="ParentLink"><Attributes><Attribute z:Id="i445"><AttributeType>link</AttributeType><IsRequired>true</IsRequired><Value i:type="a:string" xmlns:a="http://www.w3.org/2001/XMLSchema"/></Attribute></Attributes><ChildElements/><ElementName>parent</ElementName><required>true</required><NameAttribute z:Ref="i445"/></URDFElement><URDFElement z:Id="i446" i:type="ChildLink"><Attributes><Attribute z:Id="i447"><AttributeType>link</AttributeType><IsRequired>true</IsRequired><Value i:type="a:string" xmlns:a="http://www.w3.org/2001/XMLSchema"/></Attribute></Attributes><ChildElements/><ElementName>child</ElementName><required>true</required><NameAttribute z:Ref="i447"/></URDFElement><URDFElement z:Id="i448" i:type="Axis"><Attributes><Attribute z:Id="i449"><AttributeType>xyz</AttributeType><IsRequired>true</IsRequired><Value i:type="a:ArrayOfdouble" xmlns:a="http://schemas.microsoft.com/2003/10/Serialization/Arrays"><a:double>0</a:double><a:double>0</a:double><a:double>0</a:double></Value></Attribute></Attributes><ChildElements/><ElementName>axis</ElementName><required>false</required><XYZAttribute z:Ref="i449"/></URDFElement><URDFElement z:Id="i450" i:type="Limit"><Attributes><Attribute z:Id="i451"><AttributeType>lower</AttributeType><IsRequired>false</IsRequired><Value i:nil="true"/></Attribute><Attribute z:Id="i452"><AttributeType>upper</AttributeType><IsRequired>false</IsRequired><Value i:nil="true"/></Attribute><Attribute z:Id="i453"><AttributeType>effort</AttributeType><IsRequired>true</IsRequired><Value i:nil="true"/></Attribute><Attribute z:Id="i454"><AttributeType>velocity</AttributeType><IsRequired>true</IsRequired><Value i:nil="true"/></Attribute></Attributes><ChildElements/><ElementName>limit</ElementName><required>false</required><EffortAttribute z:Ref="i453"/><LowerAttribute z:Ref="i451"/><UpperAttribute z:Ref="i452"/><VelocityAttribute z:Ref="i454"/></URDFElement><URDFElement z:Id="i455" i:type="Calibration"><Attributes><Attribute z:Id="i456"><AttributeType>rising</AttributeType><IsRequired>false</IsRequired><Value i:nil="true"/></Attribute><Attribute z:Id="i457"><AttributeType>falling</AttributeType><IsRequired>false</IsRequired><Value i:nil="true"/></Attribute></Attributes><ChildElements/><ElementName>calibration</ElementName><required>false</required><FallingAttribute z:Ref="i457"/><RisingAttribute z:Ref="i456"/></URDFElement><URDFElement z:Id="i458" i:type="Dynamics"><Attributes><Attribute z:Id="i459"><AttributeType>damping</AttributeType><IsRequired>false</IsRequired><Value i:nil="true"/></Attribute><Attribute z:Id="i460"><AttributeType>friction</AttributeType><IsRequired>false</IsRequired><Value i:nil="true"/></Attribute></Attributes><ChildElements/><ElementName>dynamics</ElementName><required>false</required><DampingAttribute z:Ref="i459"/><FrictionAttribute z:Ref="i460"/></URDFElement><URDFElement z:Id="i461" i:type="SafetyController"><Attributes><Attribute z:Id="i462"><AttributeType>soft_upper_limit</AttributeType><IsRequired>false</IsRequired><Value i:nil="true"/></Attribute><Attribute z:Id="i463"><AttributeType>soft_lower_limit</AttributeType><IsRequired>false</IsRequired><Value i:nil="true"/></Attribute><Attribute z:Id="i464"><AttributeType>k_position</AttributeType><IsRequired>false</IsRequired><Value i:nil="true"/></Attribute><Attribute z:Id="i465"><AttributeType>k_velocity</AttributeType><IsRequired>true</IsRequired><Value i:nil="true"/></Attribute></Attributes><ChildElements/><ElementName>safety_controller</ElementName><required>false</required><KPositionAttribute z:Ref="i464"/><KVelocityAttribute z:Ref="i465"/><SoftLowerAttribute z:Ref="i463"/><SoftUpperAttribute z:Ref="i462"/></URDFElement><URDFElement z:Id="i466" i:type="Mimic"><Attributes><Attribute z:Id="i467"><AttributeType>joint</AttributeType><IsRequired>true</IsRequired><Value i:nil="true"/></Attribute><Attribute z:Id="i468"><AttributeType>multiplier</AttributeType><IsRequired>false</IsRequired><Value i:nil="true"/></Attribute><Attribute z:Id="i469"><AttributeType>offset</AttributeType><IsRequired>false</IsRequired><Value i:nil="true"/></Attribute></Attributes><ChildElements/><ElementName>mimic</ElementName><required>false</required><JointNameAttribute z:Ref="i467"/><MultiplierAttribute z:Ref="i468"/><OffsetAttribute z:Ref="i469"/></URDFElement></ChildElements><ElementName>joint</ElementName><required>false</required><Axis z:Ref="i448"/><AxisName>None</AxisName><Calibration z:Ref="i455"/><Child z:Ref="i446"/><CoordinateSystemName>rear_lidar</CoordinateSystemName><Dynamics z:Ref="i458"/><Limit z:Ref="i450"/><Mimic z:Ref="i466"/><NameAttribute z:Ref="i439"/><Origin z:Ref="i441"/><Parent z:Ref="i444"/><Safety z:Ref="i461"/><TypeAttribute z:Ref="i440"/></URDFElement></ChildElements><ElementName>link</ElementName><required>true</required><Children/><Collision z:Ref="i431"/><Inertial z:Ref="i405"/><Joint z:Ref="i438"/><NameAttribute z:Ref="i404"/><Parent z:Ref="i1"/><STLQualityFine>false</STLQualityFine><SWComponentPIDs xmlns:a="http://schemas.microsoft.com/2003/10/Serialization/Arrays"><a:base64Binary>UEYAAAUAAAD//v8jWQBEAEwAaQBEAEEAUgAgAFQALQBtAGkAbgBpACAAUABsAHUAcwAtADMAQABGAHUAbABsACAAYQBzAHMAZQBtAGIAbAB5AAQAAAAQAAAAAQAAAAEAAACTAwAA</a:base64Binary></SWComponentPIDs><SWMainComponentPID i:nil="true"/><Visual z:Ref="i418"/><isFixedFrame>false</isFixedFrame><isIncomplete>false</isIncomplete></Link><Link z:Id="i470"><Attributes><Attribute z:Id="i471"><AttributeType>name</AttributeType><IsRequired>true</IsRequired><Value i:type="a:string" xmlns:a="http://www.w3.org/2001/XMLSchema">camera</Value></Attribute></Attributes><ChildElements><URDFElement z:Id="i472" i:type="Inertial"><Attributes/><ChildElements><URDFElement z:Id="i473" i:type="Origin"><Attributes><Attribute z:Id="i474"><AttributeType>xyz</AttributeType><IsRequired>true</IsRequired><Value i:type="a:ArrayOfdouble" xmlns:a="http://schemas.microsoft.com/2003/10/Serialization/Arrays"><a:double>0</a:double><a:double>0</a:double><a:double>0</a:double></Value></Attribute><Attribute z:Id="i475"><AttributeType>rpy</AttributeType><IsRequired>true</IsRequired><Value i:type="a:ArrayOfdouble" xmlns:a="http://schemas.microsoft.com/2003/10/Serialization/Arrays"><a:double>0</a:double><a:double>0</a:double><a:double>0</a:double></Value></Attribute></Attributes><ChildElements/><ElementName>origin</ElementName><required>false</required><RPYAttribute z:Ref="i475"/><XYZAttribute z:Ref="i474"/><isCustomized>false</isCustomized></URDFElement><URDFElement z:Id="i476" i:type="Mass"><Attributes><Attribute z:Id="i477"><AttributeType>value</AttributeType><IsRequired>true</IsRequired><Value i:type="a:double" xmlns:a="http://www.w3.org/2001/XMLSchema">0</Value></Attribute></Attributes><ChildElements/><ElementName>mass</ElementName><required>false</required><ValueAttribute z:Ref="i477"/></URDFElement><URDFElement z:Id="i478" i:type="Inertia"><Attributes><Attribute z:Id="i479"><AttributeType>ixx</AttributeType><IsRequired>true</IsRequired><Value i:type="a:double" xmlns:a="http://www.w3.org/2001/XMLSchema">0</Value></Attribute><Attribute z:Id="i480"><AttributeType>ixy</AttributeType><IsRequired>true</IsRequired><Value i:type="a:double" xmlns:a="http://www.w3.org/2001/XMLSchema">0</Value></Attribute><Attribute z:Id="i481"><AttributeType>ixz</AttributeType><IsRequired>true</IsRequired><Value i:type="a:double" xmlns:a="http://www.w3.org/2001/XMLSchema">0</Value></Attribute><Attribute z:Id="i482"><AttributeType>iyy</AttributeType><IsRequired>true</IsRequired><Value i:type="a:double" xmlns:a="http://www.w3.org/2001/XMLSchema">0</Value></Attribute><Attribute z:Id="i483"><AttributeType>iyz</AttributeType><IsRequired>true</IsRequired><Value i:type="a:double" xmlns:a="http://www.w3.org/2001/XMLSchema">0</Value></Attribute><Attribute z:Id="i484"><AttributeType>izz</AttributeType><IsRequired>true</IsRequired><Value i:type="a:double" xmlns:a="http://www.w3.org/2001/XMLSchema">0</Value></Attribute></Attributes><ChildElements/><ElementName>inertia</ElementName><required>false</required><IxxAttribute z:Ref="i479"/><IxyAttribute z:Ref="i480"/><IxzAttribute z:Ref="i481"/><IyyAttribute z:Ref="i482"/><IyzAttribute z:Ref="i483"/><IzzAttribute z:Ref="i484"/></URDFElement></ChildElements><ElementName>inertial</ElementName><required>false</required><Inertia z:Ref="i478"/><Mass z:Ref="i476"/><Origin z:Ref="i473"/></URDFElement><URDFElement z:Id="i485" i:type="Visual"><Attributes/><ChildElements><URDFElement z:Id="i486" i:type="Origin"><Attributes><Attribute z:Id="i487"><AttributeType>xyz</AttributeType><IsRequired>true</IsRequired><Value i:type="a:ArrayOfdouble" xmlns:a="http://schemas.microsoft.com/2003/10/Serialization/Arrays"><a:double>0</a:double><a:double>0</a:double><a:double>0</a:double></Value></Attribute><Attribute z:Id="i488"><AttributeType>rpy</AttributeType><IsRequired>true</IsRequired><Value i:type="a:ArrayOfdouble" xmlns:a="http://schemas.microsoft.com/2003/10/Serialization/Arrays"><a:double>0</a:double><a:double>0</a:double><a:double>0</a:double></Value></Attribute></Attributes><ChildElements/><ElementName>origin</ElementName><required>false</required><RPYAttribute z:Ref="i488"/><XYZAttribute z:Ref="i487"/><isCustomized>false</isCustomized></URDFElement><URDFElement z:Id="i489" i:type="Geometry"><Attributes/><ChildElements><URDFElement z:Id="i490" i:type="Mesh"><Attributes><Attribute z:Id="i491"><AttributeType>filename</AttributeType><IsRequired>true</IsRequired><Value i:nil="true"/></Attribute></Attributes><ChildElements/><ElementName>mesh</ElementName><required>false</required><FilenameAttribute z:Ref="i491"/></URDFElement></ChildElements><ElementName>geometry</ElementName><required>true</required><Mesh z:Ref="i490"/></URDFElement><URDFElement z:Id="i492" i:type="Material"><Attributes><Attribute z:Id="i493"><AttributeType>name</AttributeType><IsRequired>true</IsRequired><Value i:type="a:string" xmlns:a="http://www.w3.org/2001/XMLSchema"/></Attribute></Attributes><ChildElements><URDFElement z:Id="i494" i:type="Color"><Attributes><Attribute z:Id="i495"><AttributeType>rgba</AttributeType><IsRequired>true</IsRequired><Value i:type="a:ArrayOfdouble" xmlns:a="http://schemas.microsoft.com/2003/10/Serialization/Arrays"><a:double>1</a:double><a:double>1</a:double><a:double>1</a:double><a:double>1</a:double></Value></Attribute></Attributes><ChildElements/><ElementName>color</ElementName><required>false</required><RGBAAttribute z:Ref="i495"/></URDFElement><URDFElement z:Id="i496" i:type="Texture"><Attributes><Attribute z:Id="i497"><AttributeType>filename</AttributeType><IsRequired>true</IsRequired><Value i:nil="true"/></Attribute></Attributes><ChildElements/><ElementName>texture</ElementName><required>false</required><FilenameAttribute z:Ref="i497"/><wFilename/></URDFElement></ChildElements><ElementName>material</ElementName><required>false</required><Color z:Ref="i494"/><NameAttribute z:Ref="i493"/><Texture z:Ref="i496"/></URDFElement></ChildElements><ElementName>visual</ElementName><required>false</required><Geometry z:Ref="i489"/><Material z:Ref="i492"/><Origin z:Ref="i486"/></URDFElement><URDFElement z:Id="i498" i:type="Collision"><Attributes/><ChildElements><URDFElement z:Id="i499" i:type="Origin"><Attributes><Attribute z:Id="i500"><AttributeType>xyz</AttributeType><IsRequired>true</IsRequired><Value i:type="a:ArrayOfdouble" xmlns:a="http://schemas.microsoft.com/2003/10/Serialization/Arrays"><a:double>0</a:double><a:double>0</a:double><a:double>0</a:double></Value></Attribute><Attribute z:Id="i501"><AttributeType>rpy</AttributeType><IsRequired>true</IsRequired><Value i:type="a:ArrayOfdouble" xmlns:a="http://schemas.microsoft.com/2003/10/Serialization/Arrays"><a:double>0</a:double><a:double>0</a:double><a:double>0</a:double></Value></Attribute></Attributes><ChildElements/><ElementName>origin</ElementName><required>false</required><RPYAttribute z:Ref="i501"/><XYZAttribute z:Ref="i500"/><isCustomized>false</isCustomized></URDFElement><URDFElement z:Id="i502" i:type="Geometry"><Attributes/><ChildElements><URDFElement z:Id="i503" i:type="Mesh"><Attributes><Attribute z:Id="i504"><AttributeType>filename</AttributeType><IsRequired>true</IsRequired><Value i:nil="true"/></Attribute></Attributes><ChildElements/><ElementName>mesh</ElementName><required>false</required><FilenameAttribute z:Ref="i504"/></URDFElement></ChildElements><ElementName>geometry</ElementName><required>true</required><Mesh z:Ref="i503"/></URDFElement></ChildElements><ElementName>collision</ElementName><required>false</required><Geometry z:Ref="i502"/><Origin z:Ref="i499"/></URDFElement><URDFElement z:Id="i505" i:type="Joint"><Attributes><Attribute z:Id="i506"><AttributeType>name</AttributeType><IsRequired>true</IsRequired><Value i:type="a:string" xmlns:a="http://www.w3.org/2001/XMLSchema">camera_joint</Value></Attribute><Attribute z:Id="i507"><AttributeType>type</AttributeType><IsRequired>true</IsRequired><Value i:type="a:string" xmlns:a="http://www.w3.org/2001/XMLSchema">fixed</Value></Attribute></Attributes><ChildElements><URDFElement z:Id="i508" i:type="Origin"><Attributes><Attribute z:Id="i509"><AttributeType>xyz</AttributeType><IsRequired>true</IsRequired><Value i:type="a:ArrayOfdouble" xmlns:a="http://schemas.microsoft.com/2003/10/Serialization/Arrays"><a:double>0</a:double><a:double>0</a:double><a:double>0</a:double></Value></Attribute><Attribute z:Id="i510"><AttributeType>rpy</AttributeType><IsRequired>true</IsRequired><Value i:type="a:ArrayOfdouble" xmlns:a="http://schemas.microsoft.com/2003/10/Serialization/Arrays"><a:double>0</a:double><a:double>0</a:double><a:double>0</a:double></Value></Attribute></Attributes><ChildElements/><ElementName>origin</ElementName><required>false</required><RPYAttribute z:Ref="i510"/><XYZAttribute z:Ref="i509"/><isCustomized>false</isCustomized></URDFElement><URDFElement z:Id="i511" i:type="ParentLink"><Attributes><Attribute z:Id="i512"><AttributeType>link</AttributeType><IsRequired>true</IsRequired><Value i:type="a:string" xmlns:a="http://www.w3.org/2001/XMLSchema"/></Attribute></Attributes><ChildElements/><ElementName>parent</ElementName><required>true</required><NameAttribute z:Ref="i512"/></URDFElement><URDFElement z:Id="i513" i:type="ChildLink"><Attributes><Attribute z:Id="i514"><AttributeType>link</AttributeType><IsRequired>true</IsRequired><Value i:type="a:string" xmlns:a="http://www.w3.org/2001/XMLSchema"/></Attribute></Attributes><ChildElements/><ElementName>child</ElementName><required>true</required><NameAttribute z:Ref="i514"/></URDFElement><URDFElement z:Id="i515" i:type="Axis"><Attributes><Attribute z:Id="i516"><AttributeType>xyz</AttributeType><IsRequired>true</IsRequired><Value i:type="a:ArrayOfdouble" xmlns:a="http://schemas.microsoft.com/2003/10/Serialization/Arrays"><a:double>0</a:double><a:double>0</a:double><a:double>0</a:double></Value></Attribute></Attributes><ChildElements/><ElementName>axis</ElementName><required>false</required><XYZAttribute z:Ref="i516"/></URDFElement><URDFElement z:Id="i517" i:type="Limit"><Attributes><Attribute z:Id="i518"><AttributeType>lower</AttributeType><IsRequired>false</IsRequired><Value i:nil="true"/></Attribute><Attribute z:Id="i519"><AttributeType>upper</AttributeType><IsRequired>false</IsRequired><Value i:nil="true"/></Attribute><Attribute z:Id="i520"><AttributeType>effort</AttributeType><IsRequired>true</IsRequired><Value i:nil="true"/></Attribute><Attribute z:Id="i521"><AttributeType>velocity</AttributeType><IsRequired>true</IsRequired><Value i:nil="true"/></Attribute></Attributes><ChildElements/><ElementName>limit</ElementName><required>false</required><EffortAttribute z:Ref="i520"/><LowerAttribute z:Ref="i518"/><UpperAttribute z:Ref="i519"/><VelocityAttribute z:Ref="i521"/></URDFElement><URDFElement z:Id="i522" i:type="Calibration"><Attributes><Attribute z:Id="i523"><AttributeType>rising</AttributeType><IsRequired>false</IsRequired><Value i:nil="true"/></Attribute><Attribute z:Id="i524"><AttributeType>falling</AttributeType><IsRequired>false</IsRequired><Value i:nil="true"/></Attribute></Attributes><ChildElements/><ElementName>calibration</ElementName><required>false</required><FallingAttribute z:Ref="i524"/><RisingAttribute z:Ref="i523"/></URDFElement><URDFElement z:Id="i525" i:type="Dynamics"><Attributes><Attribute z:Id="i526"><AttributeType>damping</AttributeType><IsRequired>false</IsRequired><Value i:nil="true"/></Attribute><Attribute z:Id="i527"><AttributeType>friction</AttributeType><IsRequired>false</IsRequired><Value i:nil="true"/></Attribute></Attributes><ChildElements/><ElementName>dynamics</ElementName><required>false</required><DampingAttribute z:Ref="i526"/><FrictionAttribute z:Ref="i527"/></URDFElement><URDFElement z:Id="i528" i:type="SafetyController"><Attributes><Attribute z:Id="i529"><AttributeType>soft_upper_limit</AttributeType><IsRequired>false</IsRequired><Value i:nil="true"/></Attribute><Attribute z:Id="i530"><AttributeType>soft_lower_limit</AttributeType><IsRequired>false</IsRequired><Value i:nil="true"/></Attribute><Attribute z:Id="i531"><AttributeType>k_position</AttributeType><IsRequired>false</IsRequired><Value i:nil="true"/></Attribute><Attribute z:Id="i532"><AttributeType>k_velocity</AttributeType><IsRequired>true</IsRequired><Value i:nil="true"/></Attribute></Attributes><ChildElements/><ElementName>safety_controller</ElementName><required>false</required><KPositionAttribute z:Ref="i531"/><KVelocityAttribute z:Ref="i532"/><SoftLowerAttribute z:Ref="i530"/><SoftUpperAttribute z:Ref="i529"/></URDFElement><URDFElement z:Id="i533" i:type="Mimic"><Attributes><Attribute z:Id="i534"><AttributeType>joint</AttributeType><IsRequired>true</IsRequired><Value i:nil="true"/></Attribute><Attribute z:Id="i535"><AttributeType>multiplier</AttributeType><IsRequired>false</IsRequired><Value i:nil="true"/></Attribute><Attribute z:Id="i536"><AttributeType>offset</AttributeType><IsRequired>false</IsRequired><Value i:nil="true"/></Attribute></Attributes><ChildElements/><ElementName>mimic</ElementName><required>false</required><JointNameAttribute z:Ref="i534"/><MultiplierAttribute z:Ref="i535"/><OffsetAttribute z:Ref="i536"/></URDFElement></ChildElements><ElementName>joint</ElementName><required>false</required><Axis z:Ref="i515"/><AxisName>None</AxisName><Calibration z:Ref="i522"/><Child z:Ref="i513"/><CoordinateSystemName>realsense_camera</CoordinateSystemName><Dynamics z:Ref="i525"/><Limit z:Ref="i517"/><Mimic z:Ref="i533"/><NameAttribute z:Ref="i506"/><Origin z:Ref="i508"/><Parent z:Ref="i511"/><Safety z:Ref="i528"/><TypeAttribute z:Ref="i507"/></URDFElement></ChildElements><ElementName>link</ElementName><required>true</required><Children/><Collision z:Ref="i498"/><Inertial z:Ref="i472"/><Joint z:Ref="i505"/><NameAttribute z:Ref="i471"/><Parent z:Ref="i1"/><STLQualityFine>false</STLQualityFine><SWComponentPIDs xmlns:a="http://schemas.microsoft.com/2003/10/Serialization/Arrays"><a:base64Binary>UEYAAAUAAAD//v8kRAA0ADMANQBJAEYAIAB3AGkAdABoAG8AdQB0ACAAYwBvAHYAZQByAC0AMgBAAEYAdQBsAGwAIABhAHMAcwBlAG0AYgBsAHkABAAAABAAAAABAAAAAQAAAM8RAAA=</a:base64Binary></SWComponentPIDs><SWMainComponentPID i:nil="true"/><Visual z:Ref="i485"/><isFixedFrame>false</isFixedFrame><isIncomplete>false</isIncomplete></Link><Link z:Id="i537"><Attributes><Attribute z:Id="i538"><AttributeType>name</AttributeType><IsRequired>true</IsRequired><Value i:type="a:string" xmlns:a="http://www.w3.org/2001/XMLSchema">imu</Value></Attribute></Attributes><ChildElements><URDFElement z:Id="i539" i:type="Inertial"><Attributes/><ChildElements><URDFElement z:Id="i540" i:type="Origin"><Attributes><Attribute z:Id="i541"><AttributeType>xyz</AttributeType><IsRequired>true</IsRequired><Value i:type="a:ArrayOfdouble" xmlns:a="http://schemas.microsoft.com/2003/10/Serialization/Arrays"><a:double>0</a:double><a:double>0</a:double><a:double>0</a:double></Value></Attribute><Attribute z:Id="i542"><AttributeType>rpy</AttributeType><IsRequired>true</IsRequired><Value i:type="a:ArrayOfdouble" xmlns:a="http://schemas.microsoft.com/2003/10/Serialization/Arrays"><a:double>0</a:double><a:double>0</a:double><a:double>0</a:double></Value></Attribute></Attributes><ChildElements/><ElementName>origin</ElementName><required>false</required><RPYAttribute z:Ref="i542"/><XYZAttribute z:Ref="i541"/><isCustomized>false</isCustomized></URDFElement><URDFElement z:Id="i543" i:type="Mass"><Attributes><Attribute z:Id="i544"><AttributeType>value</AttributeType><IsRequired>true</IsRequired><Value i:type="a:double" xmlns:a="http://www.w3.org/2001/XMLSchema">0</Value></Attribute></Attributes><ChildElements/><ElementName>mass</ElementName><required>false</required><ValueAttribute z:Ref="i544"/></URDFElement><URDFElement z:Id="i545" i:type="Inertia"><Attributes><Attribute z:Id="i546"><AttributeType>ixx</AttributeType><IsRequired>true</IsRequired><Value i:type="a:double" xmlns:a="http://www.w3.org/2001/XMLSchema">0</Value></Attribute><Attribute z:Id="i547"><AttributeType>ixy</AttributeType><IsRequired>true</IsRequired><Value i:type="a:double" xmlns:a="http://www.w3.org/2001/XMLSchema">0</Value></Attribute><Attribute z:Id="i548"><AttributeType>ixz</AttributeType><IsRequired>true</IsRequired><Value i:type="a:double" xmlns:a="http://www.w3.org/2001/XMLSchema">0</Value></Attribute><Attribute z:Id="i549"><AttributeType>iyy</AttributeType><IsRequired>true</IsRequired><Value i:type="a:double" xmlns:a="http://www.w3.org/2001/XMLSchema">0</Value></Attribute><Attribute z:Id="i550"><AttributeType>iyz</AttributeType><IsRequired>true</IsRequired><Value i:type="a:double" xmlns:a="http://www.w3.org/2001/XMLSchema">0</Value></Attribute><Attribute z:Id="i551"><AttributeType>izz</AttributeType><IsRequired>true</IsRequired><Value i:type="a:double" xmlns:a="http://www.w3.org/2001/XMLSchema">0</Value></Attribute></Attributes><ChildElements/><ElementName>inertia</ElementName><required>false</required><IxxAttribute z:Ref="i546"/><IxyAttribute z:Ref="i547"/><IxzAttribute z:Ref="i548"/><IyyAttribute z:Ref="i549"/><IyzAttribute z:Ref="i550"/><IzzAttribute z:Ref="i551"/></URDFElement></ChildElements><ElementName>inertial</ElementName><required>false</required><Inertia z:Ref="i545"/><Mass z:Ref="i543"/><Origin z:Ref="i540"/></URDFElement><URDFElement z:Id="i552" i:type="Visual"><Attributes/><ChildElements><URDFElement z:Id="i553" i:type="Origin"><Attributes><Attribute z:Id="i554"><AttributeType>xyz</AttributeType><IsRequired>true</IsRequired><Value i:type="a:ArrayOfdouble" xmlns:a="http://schemas.microsoft.com/2003/10/Serialization/Arrays"><a:double>0</a:double><a:double>0</a:double><a:double>0</a:double></Value></Attribute><Attribute z:Id="i555"><AttributeType>rpy</AttributeType><IsRequired>true</IsRequired><Value i:type="a:ArrayOfdouble" xmlns:a="http://schemas.microsoft.com/2003/10/Serialization/Arrays"><a:double>0</a:double><a:double>0</a:double><a:double>0</a:double></Value></Attribute></Attributes><ChildElements/><ElementName>origin</ElementName><required>false</required><RPYAttribute z:Ref="i555"/><XYZAttribute z:Ref="i554"/><isCustomized>false</isCustomized></URDFElement><URDFElement z:Id="i556" i:type="Geometry"><Attributes/><ChildElements><URDFElement z:Id="i557" i:type="Mesh"><Attributes><Attribute z:Id="i558"><AttributeType>filename</AttributeType><IsRequired>true</IsRequired><Value i:nil="true"/></Attribute></Attributes><ChildElements/><ElementName>mesh</ElementName><required>false</required><FilenameAttribute z:Ref="i558"/></URDFElement></ChildElements><ElementName>geometry</ElementName><required>true</required><Mesh z:Ref="i557"/></URDFElement><URDFElement z:Id="i559" i:type="Material"><Attributes><Attribute z:Id="i560"><AttributeType>name</AttributeType><IsRequired>true</IsRequired><Value i:type="a:string" xmlns:a="http://www.w3.org/2001/XMLSchema"/></Attribute></Attributes><ChildElements><URDFElement z:Id="i561" i:type="Color"><Attributes><Attribute z:Id="i562"><AttributeType>rgba</AttributeType><IsRequired>true</IsRequired><Value i:type="a:ArrayOfdouble" xmlns:a="http://schemas.microsoft.com/2003/10/Serialization/Arrays"><a:double>1</a:double><a:double>1</a:double><a:double>1</a:double><a:double>1</a:double></Value></Attribute></Attributes><ChildElements/><ElementName>color</ElementName><required>false</required><RGBAAttribute z:Ref="i562"/></URDFElement><URDFElement z:Id="i563" i:type="Texture"><Attributes><Attribute z:Id="i564"><AttributeType>filename</AttributeType><IsRequired>true</IsRequired><Value i:nil="true"/></Attribute></Attributes><ChildElements/><ElementName>texture</ElementName><required>false</required><FilenameAttribute z:Ref="i564"/><wFilename/></URDFElement></ChildElements><ElementName>material</ElementName><required>false</required><Color z:Ref="i561"/><NameAttribute z:Ref="i560"/><Texture z:Ref="i563"/></URDFElement></ChildElements><ElementName>visual</ElementName><required>false</required><Geometry z:Ref="i556"/><Material z:Ref="i559"/><Origin z:Ref="i553"/></URDFElement><URDFElement z:Id="i565" i:type="Collision"><Attributes/><ChildElements><URDFElement z:Id="i566" i:type="Origin"><Attributes><Attribute z:Id="i567"><AttributeType>xyz</AttributeType><IsRequired>true</IsRequired><Value i:type="a:ArrayOfdouble" xmlns:a="http://schemas.microsoft.com/2003/10/Serialization/Arrays"><a:double>0</a:double><a:double>0</a:double><a:double>0</a:double></Value></Attribute><Attribute z:Id="i568"><AttributeType>rpy</AttributeType><IsRequired>true</IsRequired><Value i:type="a:ArrayOfdouble" xmlns:a="http://schemas.microsoft.com/2003/10/Serialization/Arrays"><a:double>0</a:double><a:double>0</a:double><a:double>0</a:double></Value></Attribute></Attributes><ChildElements/><ElementName>origin</ElementName><required>false</required><RPYAttribute z:Ref="i568"/><XYZAttribute z:Ref="i567"/><isCustomized>false</isCustomized></URDFElement><URDFElement z:Id="i569" i:type="Geometry"><Attributes/><ChildElements><URDFElement z:Id="i570" i:type="Mesh"><Attributes><Attribute z:Id="i571"><AttributeType>filename</AttributeType><IsRequired>true</IsRequired><Value i:nil="true"/></Attribute></Attributes><ChildElements/><ElementName>mesh</ElementName><required>false</required><FilenameAttribute z:Ref="i571"/></URDFElement></ChildElements><ElementName>geometry</ElementName><required>true</required><Mesh z:Ref="i570"/></URDFElement></ChildElements><ElementName>collision</ElementName><required>false</required><Geometry z:Ref="i569"/><Origin z:Ref="i566"/></URDFElement><URDFElement z:Id="i572" i:type="Joint"><Attributes><Attribute z:Id="i573"><AttributeType>name</AttributeType><IsRequired>true</IsRequired><Value i:type="a:string" xmlns:a="http://www.w3.org/2001/XMLSchema">imu_joint</Value></Attribute><Attribute z:Id="i574"><AttributeType>type</AttributeType><IsRequired>true</IsRequired><Value i:type="a:string" xmlns:a="http://www.w3.org/2001/XMLSchema">Automatically Detect</Value></Attribute></Attributes><ChildElements><URDFElement z:Id="i575" i:type="Origin"><Attributes><Attribute z:Id="i576"><AttributeType>xyz</AttributeType><IsRequired>true</IsRequired><Value i:type="a:ArrayOfdouble" xmlns:a="http://schemas.microsoft.com/2003/10/Serialization/Arrays"><a:double>0</a:double><a:double>0</a:double><a:double>0</a:double></Value></Attribute><Attribute z:Id="i577"><AttributeType>rpy</AttributeType><IsRequired>true</IsRequired><Value i:type="a:ArrayOfdouble" xmlns:a="http://schemas.microsoft.com/2003/10/Serialization/Arrays"><a:double>0</a:double><a:double>0</a:double><a:double>0</a:double></Value></Attribute></Attributes><ChildElements/><ElementName>origin</ElementName><required>false</required><RPYAttribute z:Ref="i577"/><XYZAttribute z:Ref="i576"/><isCustomized>false</isCustomized></URDFElement><URDFElement z:Id="i578" i:type="ParentLink"><Attributes><Attribute z:Id="i579"><AttributeType>link</AttributeType><IsRequired>true</IsRequired><Value i:type="a:string" xmlns:a="http://www.w3.org/2001/XMLSchema"/></Attribute></Attributes><ChildElements/><ElementName>parent</ElementName><required>true</required><NameAttribute z:Ref="i579"/></URDFElement><URDFElement z:Id="i580" i:type="ChildLink"><Attributes><Attribute z:Id="i581"><AttributeType>link</AttributeType><IsRequired>true</IsRequired><Value i:type="a:string" xmlns:a="http://www.w3.org/2001/XMLSchema"/></Attribute></Attributes><ChildElements/><ElementName>child</ElementName><required>true</required><NameAttribute z:Ref="i581"/></URDFElement><URDFElement z:Id="i582" i:type="Axis"><Attributes><Attribute z:Id="i583"><AttributeType>xyz</AttributeType><IsRequired>true</IsRequired><Value i:type="a:ArrayOfdouble" xmlns:a="http://schemas.microsoft.com/2003/10/Serialization/Arrays"><a:double>0</a:double><a:double>0</a:double><a:double>0</a:double></Value></Attribute></Attributes><ChildElements/><ElementName>axis</ElementName><required>false</required><XYZAttribute z:Ref="i583"/></URDFElement><URDFElement z:Id="i584" i:type="Limit"><Attributes><Attribute z:Id="i585"><AttributeType>lower</AttributeType><IsRequired>false</IsRequired><Value i:nil="true"/></Attribute><Attribute z:Id="i586"><AttributeType>upper</AttributeType><IsRequired>false</IsRequired><Value i:nil="true"/></Attribute><Attribute z:Id="i587"><AttributeType>effort</AttributeType><IsRequired>true</IsRequired><Value i:nil="true"/></Attribute><Attribute z:Id="i588"><AttributeType>velocity</AttributeType><IsRequired>true</IsRequired><Value i:nil="true"/></Attribute></Attributes><ChildElements/><ElementName>limit</ElementName><required>false</required><EffortAttribute z:Ref="i587"/><LowerAttribute z:Ref="i585"/><UpperAttribute z:Ref="i586"/><VelocityAttribute z:Ref="i588"/></URDFElement><URDFElement z:Id="i589" i:type="Calibration"><Attributes><Attribute z:Id="i590"><AttributeType>rising</AttributeType><IsRequired>false</IsRequired><Value i:nil="true"/></Attribute><Attribute z:Id="i591"><AttributeType>falling</AttributeType><IsRequired>false</IsRequired><Value i:nil="true"/></Attribute></Attributes><ChildElements/><ElementName>calibration</ElementName><required>false</required><FallingAttribute z:Ref="i591"/><RisingAttribute z:Ref="i590"/></URDFElement><URDFElement z:Id="i592" i:type="Dynamics"><Attributes><Attribute z:Id="i593"><AttributeType>damping</AttributeType><IsRequired>false</IsRequired><Value i:nil="true"/></Attribute><Attribute z:Id="i594"><AttributeType>friction</AttributeType><IsRequired>false</IsRequired><Value i:nil="true"/></Attribute></Attributes><ChildElements/><ElementName>dynamics</ElementName><required>false</required><DampingAttribute z:Ref="i593"/><FrictionAttribute z:Ref="i594"/></URDFElement><URDFElement z:Id="i595" i:type="SafetyController"><Attributes><Attribute z:Id="i596"><AttributeType>soft_upper_limit</AttributeType><IsRequired>false</IsRequired><Value i:nil="true"/></Attribute><Attribute z:Id="i597"><AttributeType>soft_lower_limit</AttributeType><IsRequired>false</IsRequired><Value i:nil="true"/></Attribute><Attribute z:Id="i598"><AttributeType>k_position</AttributeType><IsRequired>false</IsRequired><Value i:nil="true"/></Attribute><Attribute z:Id="i599"><AttributeType>k_velocity</AttributeType><IsRequired>true</IsRequired><Value i:nil="true"/></Attribute></Attributes><ChildElements/><ElementName>safety_controller</ElementName><required>false</required><KPositionAttribute z:Ref="i598"/><KVelocityAttribute z:Ref="i599"/><SoftLowerAttribute z:Ref="i597"/><SoftUpperAttribute z:Ref="i596"/></URDFElement><URDFElement z:Id="i600" i:type="Mimic"><Attributes><Attribute z:Id="i601"><AttributeType>joint</AttributeType><IsRequired>true</IsRequired><Value i:nil="true"/></Attribute><Attribute z:Id="i602"><AttributeType>multiplier</AttributeType><IsRequired>false</IsRequired><Value i:nil="true"/></Attribute><Attribute z:Id="i603"><AttributeType>offset</AttributeType><IsRequired>false</IsRequired><Value i:nil="true"/></Attribute></Attributes><ChildElements/><ElementName>mimic</ElementName><required>false</required><JointNameAttribute z:Ref="i601"/><MultiplierAttribute z:Ref="i602"/><OffsetAttribute z:Ref="i603"/></URDFElement></ChildElements><ElementName>joint</ElementName><required>false</required><Axis z:Ref="i582"/><AxisName>None</AxisName><Calibration z:Ref="i589"/><Child z:Ref="i580"/><CoordinateSystemName>imu</CoordinateSystemName><Dynamics z:Ref="i592"/><Limit z:Ref="i584"/><Mimic z:Ref="i600"/><NameAttribute z:Ref="i573"/><Origin z:Ref="i575"/><Parent z:Ref="i578"/><Safety z:Ref="i595"/><TypeAttribute z:Ref="i574"/></URDFElement></ChildElements><ElementName>link</ElementName><required>true</required><Children/><Collision z:Ref="i565"/><Inertial z:Ref="i539"/><Joint z:Ref="i572"/><NameAttribute z:Ref="i538"/><Parent z:Ref="i1"/><STLQualityFine>false</STLQualityFine><SWComponentPIDs xmlns:a="http://schemas.microsoft.com/2003/10/Serialization/Arrays"><a:base64Binary>UEYAAAUAAAD//v8jQQBEAEEARgBSAFUASQBUACAAYgBuAG8AMAA4ADUAIABJAE0AVQAtADEAQABGAHUAbABsACAAYQBzAHMAZQBtAGIAbAB5AAQAAAAQAAAAAQAAAAEAAAD6AwAA</a:base64Binary></SWComponentPIDs><SWMainComponentPID i:nil="true"/><Visual z:Ref="i552"/><isFixedFrame>false</isFixedFrame><isIncomplete>false</isIncomplete></Link></Children><Collision z:Ref="i29"/><Inertial z:Ref="i3"/><Joint z:Ref="i36"/><NameAttribute z:Ref="i2"/><Parent i:nil="true"/><STLQualityFine>false</STLQualityFine><SWComponentPIDs xmlns:a="http://schemas.microsoft.com/2003/10/Serialization/Arrays"><a:base64Binary>UEYAAAUAAAD//v8lQwBCADMAOQAxADQAOAA5ADUARQBBAC0ANQAwAEEAaAAgAEMAZQBsAGwALQAxAEAARgB1AGwAbAAgAGEAcwBzAGUAbQBiAGwAeQAEAAAAEAAAAAEAAAABAAAAGAAAAA==</a:base64Binary><a:base64Binary>UEYAAAUAAAD//v8hQgBTAEIAIAAzADAAeAAzADAALQA4ACAANAA0ADQAbQBtAC0ANABAAEYAdQBsAGwAIABhAHMAcwBlAG0AYgBsAHkABAAAABAAAAABAAAAAQAAAGQAAAA=</a:base64Binary><a:base64Binary>UEYAAAUAAAD//v8hQgBTAEIAIAAzADAAeAAzADAALQA4ACAAMwAyADQAbQBtAC0AMQBAAEYAdQBsAGwAIABhAHMAcwBlAG0AYgBsAHkABAAAABAAAAABAAAAAQAAAGgAAAA=</a:base64Binary><a:base64Binary>UEYAAAUAAAD//v8hQgBTAEIAIAAzADAAeAAzADAALQA4ACAAMwAyADQAbQBtAC0AMgBAAEYAdQBsAGwAIABhAHMAcwBlAG0AYgBsAHkABAAAABAAAAABAAAAAQAAAMEAAAA=</a:base64Binary><a:base64Binary>UEYAAAUAAAD//v8hQgBTAEIAIAAzADAAeAAzADAALQA4ACAANAA0ADQAbQBtAC0ANwBAAEYAdQBsAGwAIABhAHMAcwBlAG0AYgBsAHkABAAAABAAAAABAAAAAQAAAMsAAAA=</a:base64Binary><a:base64Binary>UEYAAAUAAAD//v8hQgBTAEIAIAAzADAAeAAzADAALQA4ACAAMgA2ADIAbQBtAC0AMQBAAEYAdQBsAGwAIABhAHMAcwBlAG0AYgBsAHkABAAAABAAAAABAAAAAQAAAOYAAAA=</a:base64Binary><a:base64Binary>UEYAAAUAAAD//v8hQgBTAEIAIAAzADAAeAAzADAALQA4ACAAMgA2ADIAbQBtAC0AMgBAAEYAdQBsAGwAIABhAHMAcwBlAG0AYgBsAHkABAAAABAAAAABAAAAAQAAAP0AAAA=</a:base64Binary><a:base64Binary>UEYAAAUAAAD//v8hQgBTAEIAIAAzADAAeAAzADAALQA4ACAAMQA2ADIAbQBtAC0AMQBAAEYAdQBsAGwAIABhAHMAcwBlAG0AYgBsAHkABAAAABAAAAABAAAAAQAAABcBAAA=</a:base64Binary><a:base64Binary>UEYAAAUAAAD//v8vQgBTAEIAIAAzADAAeAAzADAALQA4ACAAMwAyADIAbQBtACAAKAB0AGEAcABwAGUAZAAgAGUAbgBkAHMAKQAtADEAQABGAHUAbABsACAAYQBzAHMAZQBtAGIAbAB5AAQAAAAQAAAAAQAAAAEAAAArAQAA</a:base64Binary><a:base64Binary>UEYAAAUAAAD//v8hQgBTAEIAIAAzADAAeAAzADAALQA4ACAAMQA2ADIAbQBtAC0AMwBAAEYAdQBsAGwAIABhAHMAcwBlAG0AYgBsAHkABAAAABAAAAABAAAAAQAAADABAAA=</a:base64Binary><a:base64Binary>UEYAAAUAAAD//v8gQgBTAEIAIAAzADAAeAAzADAALQA4ACAAOQAwAG0AbQAtADEAQABGAHUAbABsACAAYQBzAHMAZQBtAGIAbAB5AAQAAAAQAAAAAQAAAAEAAAA1AQAA</a:base64Binary><a:base64Binary>UEYAAAUAAAD//v8iQgBTAEIAIAAzADAAeAAzADAALQA4ACAAMQA2ADIAbQBtAC0AMQAwAEAARgB1AGwAbAAgAGEAcwBzAGUAbQBiAGwAeQAEAAAAEAAAAAEAAAABAAAA6gEAAA==</a:base64Binary><a:base64Binary>UEYAAAUAAAD//v8iQgBTAEIAIAAzADAAeAAzADAALQA4ACAANgA4ADQAbQBtAC0AMQA0AEAARgB1AGwAbAAgAGEAcwBzAGUAbQBiAGwAeQAEAAAAEAAAAAEAAAABAAAA/QEAAA==</a:base64Binary><a:base64Binary>UEYAAAUAAAD//v8hQgBTAEIAIAAzADAAeAAzADAALQA4ACAAMgA2ADIAbQBtAC0AMwBAAEYAdQBsAGwAIABhAHMAcwBlAG0AYgBsAHkABAAAABAAAAABAAAAAQAAACMCAAA=</a:base64Binary><a:base64Binary>UEYAAAUAAAD//v8hQgBTAEIAIAAzADAAeAAzADAALQA4ACAAMgA2ADIAbQBtAC0ANABAAEYAdQBsAGwAIABhAHMAcwBlAG0AYgBsAHkABAAAABAAAAABAAAAAQAAADQCAAA=</a:base64Binary><a:base64Binary>UEYAAAUAAAD//v8hQgBTAEIAIAAzADAAeAAzADAALQA4ACAAMwAyADQAbQBtAC0AMwBAAEYAdQBsAGwAIABhAHMAcwBlAG0AYgBsAHkABAAAABAAAAABAAAAAQAAAFgCAAA=</a:base64Binary><a:base64Binary>UEYAAAUAAAD//v8yOQAwAGQAZQBnAHIAZQBlACAAYQBuAGcAbABlACAAYgByAGEAYwBrAGUAdAAgADMAMAB4ADMAMAAtADgAKABNADYAKQAtADEAQABGAHUAbABsACAAYQBzAHMAZQBtAGIAbAB5AAQAAAAQAAAAAQAAAAEAAAByAgAA</a:base64Binary><a:base64Binary>UEYAAAUAAAD//v8yOQAwAGQAZQBnAHIAZQBlACAAYQBuAGcAbABlACAAYgByAGEAYwBrAGUAdAAgADMAMAB4ADMAMAAtADgAKABNADYAKQAtADIAQABGAHUAbABsACAAYQBzAHMAZQBtAGIAbAB5AAQAAAAQAAAAAQAAAAEAAAB2AgAA</a:base64Binary><a:base64Binary>UEYAAAUAAAD//v8yOQAwAGQAZQBnAHIAZQBlACAAYQBuAGcAbABlACAAYgByAGEAYwBrAGUAdAAgADMAMAB4ADMAMAAtADgAKABNADYAKQAtADMAQABGAHUAbABsACAAYQBzAHMAZQBtAGIAbAB5AAQAAAAQAAAAAQAAAAEAAAB6AgAA</a:base64Binary><a:base64Binary>UEYAAAUAAAD//v8yOQAwAGQAZQBnAHIAZQBlACAAYQBuAGcAbABlACAAYgByAGEAYwBrAGUAdAAgADMAMAB4ADMAMAAtADgAKABNADYAKQAtADUAQABGAHUAbABsACAAYQBzAHMAZQBtAGIAbAB5AAQAAAAQAAAAAQAAAAEAAACDAgAA</a:base64Binary><a:base64Binary>UEYAAAUAAAD//v8yOQAwAGQAZQBnAHIAZQBlACAAYQBuAGcAbABlACAAYgByAGEAYwBrAGUAdAAgADMAMAB4ADMAMAAtADgAKABNADYAKQAtADQAQABGAHUAbABsACAAYQBzAHMAZQBtAGIAbAB5AAQAAAAQAAAAAQAAAAEAAAB+AgAA</a:base64Binary><a:base64Binary>UEYAAAUAAAD//v8yOQAwAGQAZQBnAHIAZQBlACAAYQBuAGcAbABlACAAYgByAGEAYwBrAGUAdAAgADMAMAB4ADMAMAAtADgAKABNADYAKQAtADcAQABGAHUAbABsACAAYQBzAHMAZQBtAGIAbAB5AAQAAAAQAAAAAQAAAAEAAACIAgAA</a:base64Binary><a:base64Binary>UEYAAAUAAAD//v8yOQAwAGQAZQBnAHIAZQBlACAAYQBuAGcAbABlACAAYgByAGEAYwBrAGUAdAAgADMAMAB4ADMAMAAtADgAKABNADYAKQAtADgAQABGAHUAbABsACAAYQBzAHMAZQBtAGIAbAB5AAQAAAAQAAAAAQAAAAEAAACMAgAA</a:base64Binary><a:base64Binary>UEYAAAUAAAD//v8yOQAwAGQAZQBnAHIAZQBlACAAYQBuAGcAbABlACAAYgByAGEAYwBrAGUAdAAgADMAMAB4ADMAMAAtADgAKABNADYAKQAtADkAQABGAHUAbABsACAAYQBzAHMAZQBtAGIAbAB5AAQAAAAQAAAAAQAAAAEAAACRAgAA</a:base64Binary><a:base64Binary>UEYAAAUAAAD//v8zOQAwAGQAZQBnAHIAZQBlACAAYQBuAGcAbABlACAAYgByAGEAYwBrAGUAdAAgADMAMAB4ADMAMAAtADgAKABNADYAKQAtADEAMABAAEYAdQBsAGwAIABhAHMAcwBlAG0AYgBsAHkABAAAABAAAAABAAAAAQAAAJUCAAA=</a:base64Binary><a:base64Binary>UEYAAAUAAAD//v8zOQAwAGQAZQBnAHIAZQBlACAAYQBuAGcAbABlACAAYgByAGEAYwBrAGUAdAAgADMAMAB4ADMAMAAtADgAKABNADYAKQAtADEAMQBAAEYAdQBsAGwAIABhAHMAcwBlAG0AYgBsAHkABAAAABAAAAABAAAAAQAAAJkCAAA=</a:base64Binary><a:base64Binary>UEYAAAUAAAD//v8zOQAwAGQAZQBnAHIAZQBlACAAYQBuAGcAbABlACAAYgByAGEAYwBrAGUAdAAgADMAMAB4ADMAMAAtADgAKABNADYAKQAtADEAMgBAAEYAdQBsAGwAIABhAHMAcwBlAG0AYgBsAHkABAAAABAAAAABAAAAAQAAAJ4CAAA=</a:base64Binary><a:base64Binary>UEYAAAUAAAD//v8zOQAwAGQAZQBnAHIAZQBlACAAYQBuAGcAbABlACAAYgByAGEAYwBrAGUAdAAgADMAMAB4ADMAMAAtADgAKABNADYAKQAtADEAMwBAAEYAdQBsAGwAIABhAHMAcwBlAG0AYgBsAHkABAAAABAAAAABAAAAAQAAAKICAAA=</a:base64Binary><a:base64Binary>UEYAAAUAAAD//v8zOQAwAGQAZQBnAHIAZQBlACAAYQBuAGcAbABlACAAYgByAGEAYwBrAGUAdAAgADMAMAB4ADMAMAAtADgAKABNADYAKQAtADEANABAAEYAdQBsAGwAIABhAHMAcwBlAG0AYgBsAHkABAAAABAAAAABAAAAAQAAAKYCAAA=</a:base64Binary><a:base64Binary>UEYAAAUAAAD//v8zOQAwAGQAZQBnAHIAZQBlACAAYQBuAGcAbABlACAAYgByAGEAYwBrAGUAdAAgADMAMAB4ADMAMAAtADgAKABNADYAKQAtADEANgBAAEYAdQBsAGwAIABhAHMAcwBlAG0AYgBsAHkABAAAABAAAAABAAAAAQAAALECAAA=</a:base64Binary><a:base64Binary>UEYAAAUAAAD//v8zOQAwAGQAZQBnAHIAZQBlACAAYQBuAGcAbABlACAAYgByAGEAYwBrAGUAdAAgADMAMAB4ADMAMAAtADgAKABNADYAKQAtADEANwBAAEYAdQBsAGwAIABhAHMAcwBlAG0AYgBsAHkABAAAABAAAAABAAAAAQAAALUCAAA=</a:base64Binary><a:base64Binary>UEYAAAUAAAD//v8XSABDAC0AUwBSADAANAAtADUAQABGAHUAbABsACAAYQBzAHMAZQBtAGIAbAB5AAQAAAAQAAAAAQAAAAEAAADXEQAA</a:base64Binary><a:base64Binary>UEYAAAUAAAD//v8iUwBpAGQAZQBeAEYAdQBsAGwAIABhAHMAcwBlAG0AYgBsAHkALQAxAEAARgB1AGwAbAAgAGEAcwBzAGUAbQBiAGwAeQAEAAAAEAAAAAEAAAABAAAAVAMAAA==</a:base64Binary><a:base64Binary>UEYAAAUAAAD//v8nUwBpAGQAZQBwAGwAYQB0AGUAXgBGAHUAbABsACAAYQBzAHMAZQBtAGIAbAB5AC0AMQBAAEYAdQBsAGwAIABhAHMAcwBlAG0AYgBsAHkABAAAABAAAAABAAAAAQAAAGoDAAA=</a:base64Binary><a:base64Binary>UEYAAAUAAAD//v8iQgBTAEIAIAAzADAAeAAzADAALQA4ACAANgA4ADQAbQBtAC0AMQA1AEAARgB1AGwAbAAgAGEAcwBzAGUAbQBiAGwAeQAEAAAAEAAAAAEAAAABAAAAbgIAAA==</a:base64Binary><a:base64Binary>UEYAAAUAAAD//v8nVABvAHAAcABsAGEAdABlAHMAXgBGAHUAbABsACAAYQBzAHMAZQBtAGIAbAB5AC0AMQBAAEYAdQBsAGwAIABhAHMAcwBlAG0AYgBsAHkABAAAABAAAAABAAAAAQAAAHsDAAA=</a:base64Binary><a:base64Binary>UEYAAAUAAAD//v8nUgBlAGEAcgBDAG8AdgBlAHIAXgBGAHUAbABsACAAYQBzAHMAZQBtAGIAbAB5AC0AMgBAAEYAdQBsAGwAIABhAHMAcwBlAG0AYgBsAHkABAAAABAAAAABAAAAAQAAAKUDAAA=</a:base64Binary><a:base64Binary>UEYAAAUAAAD//v8gRABDAE4ATABNADUAMABOAEIAWABYAC4AcwB0AGUAcAAtADEAQABGAHUAbABsACAAYQBzAHMAZQBtAGIAbAB5AAQAAAAQAAAAAQAAAAEAAACsAwAA</a:base64Binary><a:base64Binary>UEYAAAUAAAD//v8hSgBLAC0AQgBEADYAQQAyADAAUwAxADAAUAAgACgAMQApAC0AMQBAAEYAdQBsAGwAIABhAHMAcwBlAG0AYgBsAHkABAAAABAAAAABAAAAAQAAAK8DAAA=</a:base64Binary><a:base64Binary>UEYAAAUAAAD//v8jUABhAHIAdAAzAF4ARgB1AGwAbAAgAGEAcwBzAGUAbQBiAGwAeQAtADEAQABGAHUAbABsACAAYQBzAHMAZQBtAGIAbAB5AAQAAAAQAAAAAQAAAAEAAAC/AwAA</a:base64Binary><a:base64Binary>UEYAAAUAAAD//v8rNQAwAHcAcgA1AGoAIABjAGUAbQBlAG4AdAAgAHIAZQBzAGkAcwB0AG8AcgAuAHMAdABlAHAALQAzAEAARgB1AGwAbAAgAGEAcwBzAGUAbQBiAGwAeQAEAAAAEAAAAAEAAAABAAAAJQQAAA==</a:base64Binary><a:base64Binary>UEYAAAUAAAD//v8rNQAwAHcAcgA1AGoAIABjAGUAbQBlAG4AdAAgAHIAZQBzAGkAcwB0AG8AcgAuAHMAdABlAHAALQA0AEAARgB1AGwAbAAgAGEAcwBzAGUAbQBiAGwAeQAEAAAAEAAAAAEAAAABAAAAJgQAAA==</a:base64Binary><a:base64Binary>UEYAAAUAAAD//v9JTABpAHQAdABlAGwAZgB1AHMAZQAtAFMAbwBsAGUAbgBvAGkAZABzAC0AUgBlAGwAYQB5AHMALQBEAEMATgBFAFYAMgA1ADAALQBTAGUAcgBpAGUAcwAtADMARAAgAE0AbwBkAGUAbAAuAHMAdABlAHAALQAxAEAARgB1AGwAbAAgAGEAcwBzAGUAbQBiAGwAeQAEAAAAEAAAAAEAAAABAAAAhREAAA==</a:base64Binary><a:base64Binary>UEYAAAUAAAD//v8rNQAwAHcAcgA1AGoAIABjAGUAbQBlAG4AdAAgAHIAZQBzAGkAcwB0AG8AcgAuAHMAdABlAHAALQAxAEAARgB1AGwAbAAgAGEAcwBzAGUAbQBiAGwAeQAEAAAAEAAAAAEAAAABAAAA1QMAAA==</a:base64Binary><a:base64Binary>UEYAAAUAAAD//v8rNQAwAHcAcgA1AGoAIABjAGUAbQBlAG4AdAAgAHIAZQBzAGkAcwB0AG8AcgAuAHMAdABlAHAALQAyAEAARgB1AGwAbAAgAGEAcwBzAGUAbQBiAGwAeQAEAAAAEAAAAAEAAAABAAAAJAQAAA==</a:base64Binary><a:base64Binary>UEYAAAUAAAD//v8nMgAwAC0ANgAwAHYAIAAxADIAdgAgADMAYQAgAGMAbwBuAHYAZQByAHQAZQByAC0AMQBAAEYAdQBsAGwAIABhAHMAcwBlAG0AYgBsAHkABAAAABAAAAABAAAAAQAAAOEDAAA=</a:base64Binary><a:base64Binary>UEYAAAUAAAD//v8aSgBlAHQAcwBvAG4AbwByAGkAbgAtADEAQABGAHUAbABsACAAYQBzAHMAZQBtAGIAbAB5AAQAAAAQAAAAAQAAAAEAAADlAwAA</a:base64Binary><a:base64Binary>UEYAAAUAAAD//v8cQQBjAGUAcgAgAFUAUwBCACAASAB1AGIALQAxAEAARgB1AGwAbAAgAGEAcwBzAGUAbQBiAGwAeQAEAAAAEAAAAAEAAAABAAAA+wMAAA==</a:base64Binary><a:base64Binary>UEYAAAUAAAD//v8lUABhAHIAdAAyADUANgBeAEYAdQBsAGwAIABhAHMAcwBlAG0AYgBsAHkALQAxAEAARgB1AGwAbAAgAGEAcwBzAGUAbQBiAGwAeQAEAAAAEAAAAAEAAAABAAAADgQAAA==</a:base64Binary><a:base64Binary>UEYAAAUAAAD//v8tZgByAG8AbgB0ACAAcABsAGEAdABlAHMAIAB2ADIAXgBGAHUAbABsACAAYQBzAHMAZQBtAGIAbAB5AC0AMQBAAEYAdQBsAGwAIABhAHMAcwBlAG0AYgBsAHkABAAAABAAAAABAAAAAQAAAN4RAAA=</a:base64Binary><a:base64Binary>UEYAAAUAAAD//v8pOAAwAHgAOAAwAHgAMgA1ACAAOQAgAGIAbABhAGQAZQAgAGYAYQBuAC4AUwBUAEUAUAAtADEAQABGAHUAbABsACAAYQBzAHMAZQBtAGIAbAB5AAQAAAAQAAAAAQAAAAEAAAD/EQAA</a:base64Binary><a:base64Binary>UEYAAAUAAAD//v8nUwBpAGQAZQBwAGwAYQB0AGUAXgBGAHUAbABsACAAYQBzAHMAZQBtAGIAbAB5AC0AMwBAAEYAdQBsAGwAIABhAHMAcwBlAG0AYgBsAHkABAAAABAAAAABAAAAAQAAAKIDAAA=</a:base64Binary><a:base64Binary>UEYAAAUAAAD//v9OdwBoAGUAZQBsACAAYQBzAHMAZQBtAGIAbAB5AC0AMwBAAEYAdQBsAGwAIABhAHMAcwBlAG0AYgBsAHkALwBNAG8AdQBuAHQAaQBuAGcAIABQAGwAYQB0AGUAcwBeAHcAaABlAGUAbAAgAGEAcwBzAGUAbQBiAGwAeQAtADEAQAB3AGgAZQBlAGwAIABhAHMAcwBlAG0AYgBsAHkABAAAABAAAAABAAAAAgAAAAwBAABcAAAA</a:base64Binary><a:base64Binary>UEYAAAUAAAD//v8iUwBpAGQAZQBeAEYAdQBsAGwAIABhAHMAcwBlAG0AYgBsAHkALQAyAEAARgB1AGwAbAAgAGEAcwBzAGUAbQBiAGwAeQAEAAAAEAAAAAEAAAABAAAAowMAAA==</a:base64Binary><a:base64Binary>UEYAAAUAAAD//v8tTQBpAHIAcgBvAHIAUwBpAGQAZQBwAGwAYQB0AGUAXgBGAHUAbABsACAAYQBzAHMAZQBtAGIAbAB5AC0AMwBAAEYAdQBsAGwAIABhAHMAcwBlAG0AYgBsAHkABAAAABAAAAABAAAAAQAAAKEDAAA=</a:base64Binary><a:base64Binary>UEYAAAUAAAD//v8XSABDAC0AUwBSADAANAAtADQAQABGAHUAbABsACAAYQBzAHMAZQBtAGIAbAB5AAQAAAAQAAAAAQAAAAEAAACkAwAA</a:base64Binary><a:base64Binary>UEYAAAUAAAD//v8XSABDAC0AUwBSADAANAAtADMAQABGAHUAbABsACAAYQBzAHMAZQBtAGIAbAB5AAQAAAAQAAAAAQAAAAEAAABgAwAA</a:base64Binary><a:base64Binary>UEYAAAUAAAD//v8dTQBpAHIAcgBvAHIASABDAC0AUwBSADAANAAtADUAQABGAHUAbABsACAAYQBzAHMAZQBtAGIAbAB5AAQAAAAQAAAAAQAAAAEAAACUAwAA</a:base64Binary><a:base64Binary>UEYAAAUAAAD//v8nUwBpAGQAZQBwAGwAYQB0AGUAXgBGAHUAbABsACAAYQBzAHMAZQBtAGIAbAB5AC0AMgBAAEYAdQBsAGwAIABhAHMAcwBlAG0AYgBsAHkABAAAABAAAAABAAAAAQAAAHMDAAA=</a:base64Binary><a:base64Binary>UEYAAAUAAAD//v9OdwBoAGUAZQBsACAAYQBzAHMAZQBtAGIAbAB5AC0AMQBAAEYAdQBsAGwAIABhAHMAcwBlAG0AYgBsAHkALwBNAG8AdQBuAHQAaQBuAGcAIABQAGwAYQB0AGUAcwBeAHcAaABlAGUAbAAgAGEAcwBzAGUAbQBiAGwAeQAtADEAQAB3AGgAZQBlAGwAIABhAHMAcwBlAG0AYgBsAHkABAAAABAAAAABAAAAAgAAAAIBAABcAAAA</a:base64Binary><a:base64Binary>UEYAAAUAAAD//v9OdwBoAGUAZQBsACAAYQBzAHMAZQBtAGIAbAB5AC0ANABAAEYAdQBsAGwAIABhAHMAcwBlAG0AYgBsAHkALwBNAG8AdQBuAHQAaQBuAGcAIABQAGwAYQB0AGUAcwBeAHcAaABlAGUAbAAgAGEAcwBzAGUAbQBiAGwAeQAtADEAQAB3AGgAZQBlAGwAIABhAHMAcwBlAG0AYgBsAHkABAAAABAAAAABAAAAAgAAAA0BAABcAAAA</a:base64Binary><a:base64Binary>UEYAAAUAAAD//v9OdwBoAGUAZQBsACAAYQBzAHMAZQBtAGIAbAB5AC0AMgBAAEYAdQBsAGwAIABhAHMAcwBlAG0AYgBsAHkALwBNAG8AdQBuAHQAaQBuAGcAIABQAGwAYQB0AGUAcwBeAHcAaABlAGUAbAAgAGEAcwBzAGUAbQBiAGwAeQAtADEAQAB3AGgAZQBlAGwAIABhAHMAcwBlAG0AYgBsAHkABAAAABAAAAABAAAAAgAAAAkBAABcAAAA</a:base64Binary><a:base64Binary>UEYAAAUAAAD//v98dwBoAGUAZQBsACAAYQBzAHMAZQBtAGIAbAB5AC0ANABAAEYAdQBsAGwAIABhAHMAcwBlAG0AYgBsAHkALwA3ADAANwAwACAATQBvAHQAbwByACAAcwB1AGIAYQBzAHMAZQBtAGIAbAB5AC0AMQBAAHcAaABlAGUAbAAgAGEAcwBzAGUAbQBiAGwAeQAvAFAAYQByAHQAMwBeADcAMAA3ADAAIABNAG8AdABvAHIAIABzAHUAYgBhAHMAcwBlAG0AYgBsAHkALQAxAEAANwAwADcAMAAgAE0AbwB0AG8AcgAgAHMAdQBiAGEAcwBzAGUAbQBiAGwAeQAEAAAAEAAAAAEAAAADAAAADQEAAFoAAAAfAAAA</a:base64Binary><a:base64Binary>UEYAAAUAAAD//v9TdwBoAGUAZQBsACAAYQBzAHMAZQBtAGIAbAB5AC0ANABAAEYAdQBsAGwAIABhAHMAcwBlAG0AYgBsAHkALwBPAEQAcgBpAHYAZQAgAFMAMQAgAEgAbwB1AHMAaQBuAGcAIAArACAARAByAGkAdgBlAHIAIABBAHMAcwBlAG0AYgBsAHkALQAxAEAAdwBoAGUAZQBsACAAYQBzAHMAZQBtAGIAbAB5AAQAAAAQAAAAAQAAAAIAAAANAQAAZgAAAA==</a:base64Binary><a:base64Binary>UEYAAAUAAAD//v9NdwBoAGUAZQBsACAAYQBzAHMAZQBtAGIAbAB5AC0ANABAAEYAdQBsAGwAIABhAHMAcwBlAG0AYgBsAHkALwBPAGQAcgBpAHYAZQAgAEIAcgBhAGMAawBlAHQAXgB3AGgAZQBlAGwAIABhAHMAcwBlAG0AYgBsAHkALQAxAEAAdwBoAGUAZQBsACAAYQBzAHMAZQBtAGIAbAB5AAQAAAAQAAAAAQAAAAIAAAANAQAAbAAAAA==</a:base64Binary><a:base64Binary>UEYAAAUAAAD//v98dwBoAGUAZQBsACAAYQBzAHMAZQBtAGIAbAB5AC0ANABAAEYAdQBsAGwAIABhAHMAcwBlAG0AYgBsAHkALwA3ADAANwAwACAATQBvAHQAbwByACAAcwB1AGIAYQBzAHMAZQBtAGIAbAB5AC0AMQBAAHcAaABlAGUAbAAgAGEAcwBzAGUAbQBiAGwAeQAvAFAAYQByAHQAMgBeADcAMAA3ADAAIABNAG8AdABvAHIAIABzAHUAYgBhAHMAcwBlAG0AYgBsAHkALQAxAEAANwAwADcAMAAgAE0AbwB0AG8AcgAgAHMAdQBiAGEAcwBzAGUAbQBiAGwAeQAEAAAAEAAAAAEAAAADAAAADQEAAFoAAAAYAAAA</a:base64Binary><a:base64Binary>UEYAAAUAAAD//v87dwBoAGUAZQBsACAAYQBzAHMAZQBtAGIAbAB5AC0ANABAAEYAdQBsAGwAIABhAHMAcwBlAG0AYgBsAHkALwBFAEcAMgAzAC0ARwAyADAALQBEADgALQAxAEAAdwBoAGUAZQBsACAAYQBzAHMAZQBtAGIAbAB5AAQAAAAQAAAAAQAAAAIAAAANAQAAGAAAAA==</a:base64Binary><a:base64Binary>UEYAAAUAAAD//v98dwBoAGUAZQBsACAAYQBzAHMAZQBtAGIAbAB5AC0AMgBAAEYAdQBsAGwAIABhAHMAcwBlAG0AYgBsAHkALwA3ADAANwAwACAATQBvAHQAbwByACAAcwB1AGIAYQBzAHMAZQBtAGIAbAB5AC0AMQBAAHcAaABlAGUAbAAgAGEAcwBzAGUAbQBiAGwAeQAvAFAAYQByAHQAMwBeADcAMAA3ADAAIABNAG8AdABvAHIAIABzAHUAYgBhAHMAcwBlAG0AYgBsAHkALQAxAEAANwAwADcAMAAgAE0AbwB0AG8AcgAgAHMAdQBiAGEAcwBzAGUAbQBiAGwAeQAEAAAAEAAAAAEAAAADAAAACQEAAFoAAAAfAAAA</a:base64Binary><a:base64Binary>UEYAAAUAAAD//v9NdwBoAGUAZQBsACAAYQBzAHMAZQBtAGIAbAB5AC0AMgBAAEYAdQBsAGwAIABhAHMAcwBlAG0AYgBsAHkALwBPAGQAcgBpAHYAZQAgAEIAcgBhAGMAawBlAHQAXgB3AGgAZQBlAGwAIABhAHMAcwBlAG0AYgBsAHkALQAxAEAAdwBoAGUAZQBsACAAYQBzAHMAZQBtAGIAbAB5AAQAAAAQAAAAAQAAAAIAAAAJAQAAbAAAAA==</a:base64Binary><a:base64Binary>UEYAAAUAAAD//v9TdwBoAGUAZQBsACAAYQBzAHMAZQBtAGIAbAB5AC0AMgBAAEYAdQBsAGwAIABhAHMAcwBlAG0AYgBsAHkALwBPAEQAcgBpAHYAZQAgAFMAMQAgAEgAbwB1AHMAaQBuAGcAIAArACAARAByAGkAdgBlAHIAIABBAHMAcwBlAG0AYgBsAHkALQAxAEAAdwBoAGUAZQBsACAAYQBzAHMAZQBtAGIAbAB5AAQAAAAQAAAAAQAAAAIAAAAJAQAAZgAAAA==</a:base64Binary><a:base64Binary>UEYAAAUAAAD//v98dwBoAGUAZQBsACAAYQBzAHMAZQBtAGIAbAB5AC0AMgBAAEYAdQBsAGwAIABhAHMAcwBlAG0AYgBsAHkALwA3ADAANwAwACAATQBvAHQAbwByACAAcwB1AGIAYQBzAHMAZQBtAGIAbAB5AC0AMQBAAHcAaABlAGUAbAAgAGEAcwBzAGUAbQBiAGwAeQAvAFAAYQByAHQAMgBeADcAMAA3ADAAIABNAG8AdABvAHIAIABzAHUAYgBhAHMAcwBlAG0AYgBsAHkALQAxAEAANwAwADcAMAAgAE0AbwB0AG8AcgAgAHMAdQBiAGEAcwBzAGUAbQBiAGwAeQAEAAAAEAAAAAEAAAADAAAACQEAAFoAAAAYAAAA</a:base64Binary><a:base64Binary>UEYAAAUAAAD//v87dwBoAGUAZQBsACAAYQBzAHMAZQBtAGIAbAB5AC0AMgBAAEYAdQBsAGwAIABhAHMAcwBlAG0AYgBsAHkALwBFAEcAMgAzAC0ARwAyADAALQBEADgALQAxAEAAdwBoAGUAZQBsACAAYQBzAHMAZQBtAGIAbAB5AAQAAAAQAAAAAQAAAAIAAAAJAQAAGAAAAA==</a:base64Binary><a:base64Binary>UEYAAAUAAAD//v9cdwBoAGUAZQBsACAAYQBzAHMAZQBtAGIAbAB5AC0AMgBAAEYAdQBsAGwAIABhAHMAcwBlAG0AYgBsAHkALwBHAGUAYQByAGIAbwB4AGgAbwB1AHMAaQBuAGcAIABiAGUAYQByAGkAbgBnACAAcwBsAGUAZQB2AGUAXgB3AGgAZQBlAGwAIABhAHMAcwBlAG0AYgBsAHkALQAxAEAAdwBoAGUAZQBsACAAYQBzAHMAZQBtAGIAbAB5AAQAAAAQAAAAAQAAAAIAAAAJAQAALgAAAA==</a:base64Binary><a:base64Binary>UEYAAAUAAAD//v9cdwBoAGUAZQBsACAAYQBzAHMAZQBtAGIAbAB5AC0ANABAAEYAdQBsAGwAIABhAHMAcwBlAG0AYgBsAHkALwBHAGUAYQByAGIAbwB4AGgAbwB1AHMAaQBuAGcAIABiAGUAYQByAGkAbgBnACAAcwBsAGUAZQB2AGUAXgB3AGgAZQBlAGwAIABhAHMAcwBlAG0AYgBsAHkALQAxAEAAdwBoAGUAZQBsACAAYQBzAHMAZQBtAGIAbAB5AAQAAAAQAAAAAQAAAAIAAAANAQAALgAAAA==</a:base64Binary><a:base64Binary>UEYAAAUAAAD//v98dwBoAGUAZQBsACAAYQBzAHMAZQBtAGIAbAB5AC0AMwBAAEYAdQBsAGwAIABhAHMAcwBlAG0AYgBsAHkALwA3ADAANwAwACAATQBvAHQAbwByACAAcwB1AGIAYQBzAHMAZQBtAGIAbAB5AC0AMQBAAHcAaABlAGUAbAAgAGEAcwBzAGUAbQBiAGwAeQAvAFAAYQByAHQAMwBeADcAMAA3ADAAIABNAG8AdABvAHIAIABzAHUAYgBhAHMAcwBlAG0AYgBsAHkALQAxAEAANwAwADcAMAAgAE0AbwB0AG8AcgAgAHMAdQBiAGEAcwBzAGUAbQBiAGwAeQAEAAAAEAAAAAEAAAADAAAADAEAAFoAAAAfAAAA</a:base64Binary><a:base64Binary>UEYAAAUAAAD//v9NdwBoAGUAZQBsACAAYQBzAHMAZQBtAGIAbAB5AC0AMwBAAEYAdQBsAGwAIABhAHMAcwBlAG0AYgBsAHkALwBPAGQAcgBpAHYAZQAgAEIAcgBhAGMAawBlAHQAXgB3AGgAZQBlAGwAIABhAHMAcwBlAG0AYgBsAHkALQAxAEAAdwBoAGUAZQBsACAAYQBzAHMAZQBtAGIAbAB5AAQAAAAQAAAAAQAAAAIAAAAMAQAAbAAAAA==</a:base64Binary><a:base64Binary>UEYAAAUAAAD//v9TdwBoAGUAZQBsACAAYQBzAHMAZQBtAGIAbAB5AC0AMwBAAEYAdQBsAGwAIABhAHMAcwBlAG0AYgBsAHkALwBPAEQAcgBpAHYAZQAgAFMAMQAgAEgAbwB1AHMAaQBuAGcAIAArACAARAByAGkAdgBlAHIAIABBAHMAcwBlAG0AYgBsAHkALQAxAEAAdwBoAGUAZQBsACAAYQBzAHMAZQBtAGIAbAB5AAQAAAAQAAAAAQAAAAIAAAAMAQAAZgAAAA==</a:base64Binary><a:base64Binary>UEYAAAUAAAD//v98dwBoAGUAZQBsACAAYQBzAHMAZQBtAGIAbAB5AC0AMwBAAEYAdQBsAGwAIABhAHMAcwBlAG0AYgBsAHkALwA3ADAANwAwACAATQBvAHQAbwByACAAcwB1AGIAYQBzAHMAZQBtAGIAbAB5AC0AMQBAAHcAaABlAGUAbAAgAGEAcwBzAGUAbQBiAGwAeQAvAFAAYQByAHQAMgBeADcAMAA3ADAAIABNAG8AdABvAHIAIABzAHUAYgBhAHMAcwBlAG0AYgBsAHkALQAxAEAANwAwADcAMAAgAE0AbwB0AG8AcgAgAHMAdQBiAGEAcwBzAGUAbQBiAGwAeQAEAAAAEAAAAAEAAAADAAAADAEAAFoAAAAYAAAA</a:base64Binary><a:base64Binary>UEYAAAUAAAD//v87dwBoAGUAZQBsACAAYQBzAHMAZQBtAGIAbAB5AC0AMwBAAEYAdQBsAGwAIABhAHMAcwBlAG0AYgBsAHkALwBFAEcAMgAzAC0ARwAyADAALQBEADgALQAxAEAAdwBoAGUAZQBsACAAYQBzAHMAZQBtAGIAbAB5AAQAAAAQAAAAAQAAAAIAAAAMAQAAGAAAAA==</a:base64Binary><a:base64Binary>UEYAAAUAAAD//v9cdwBoAGUAZQBsACAAYQBzAHMAZQBtAGIAbAB5AC0AMwBAAEYAdQBsAGwAIABhAHMAcwBlAG0AYgBsAHkALwBHAGUAYQByAGIAbwB4AGgAbwB1AHMAaQBuAGcAIABiAGUAYQByAGkAbgBnACAAcwBsAGUAZQB2AGUAXgB3AGgAZQBlAGwAIABhAHMAcwBlAG0AYgBsAHkALQAxAEAAdwBoAGUAZQBsACAAYQBzAHMAZQBtAGIAbAB5AAQAAAAQAAAAAQAAAAIAAAAMAQAALgAAAA==</a:base64Binary><a:base64Binary>UEYAAAUAAAD//v98dwBoAGUAZQBsACAAYQBzAHMAZQBtAGIAbAB5AC0AMQBAAEYAdQBsAGwAIABhAHMAcwBlAG0AYgBsAHkALwA3ADAANwAwACAATQBvAHQAbwByACAAcwB1AGIAYQBzAHMAZQBtAGIAbAB5AC0AMQBAAHcAaABlAGUAbAAgAGEAcwBzAGUAbQBiAGwAeQAvAFAAYQByAHQAMwBeADcAMAA3ADAAIABNAG8AdABvAHIAIABzAHUAYgBhAHMAcwBlAG0AYgBsAHkALQAxAEAANwAwADcAMAAgAE0AbwB0AG8AcgAgAHMAdQBiAGEAcwBzAGUAbQBiAGwAeQAEAAAAEAAAAAEAAAADAAAAAgEAAFoAAAAfAAAA</a:base64Binary><a:base64Binary>UEYAAAUAAAD//v9NdwBoAGUAZQBsACAAYQBzAHMAZQBtAGIAbAB5AC0AMQBAAEYAdQBsAGwAIABhAHMAcwBlAG0AYgBsAHkALwBPAGQAcgBpAHYAZQAgAEIAcgBhAGMAawBlAHQAXgB3AGgAZQBlAGwAIABhAHMAcwBlAG0AYgBsAHkALQAxAEAAdwBoAGUAZQBsACAAYQBzAHMAZQBtAGIAbAB5AAQAAAAQAAAAAQAAAAIAAAACAQAAbAAAAA==</a:base64Binary><a:base64Binary>UEYAAAUAAAD//v9TdwBoAGUAZQBsACAAYQBzAHMAZQBtAGIAbAB5AC0AMQBAAEYAdQBsAGwAIABhAHMAcwBlAG0AYgBsAHkALwBPAEQAcgBpAHYAZQAgAFMAMQAgAEgAbwB1AHMAaQBuAGcAIAArACAARAByAGkAdgBlAHIAIABBAHMAcwBlAG0AYgBsAHkALQAxAEAAdwBoAGUAZQBsACAAYQBzAHMAZQBtAGIAbAB5AAQAAAAQAAAAAQAAAAIAAAACAQAAZgAAAA==</a:base64Binary><a:base64Binary>UEYAAAUAAAD//v98dwBoAGUAZQBsACAAYQBzAHMAZQBtAGIAbAB5AC0AMQBAAEYAdQBsAGwAIABhAHMAcwBlAG0AYgBsAHkALwA3ADAANwAwACAATQBvAHQAbwByACAAcwB1AGIAYQBzAHMAZQBtAGIAbAB5AC0AMQBAAHcAaABlAGUAbAAgAGEAcwBzAGUAbQBiAGwAeQAvAFAAYQByAHQAMgBeADcAMAA3ADAAIABNAG8AdABvAHIAIABzAHUAYgBhAHMAcwBlAG0AYgBsAHkALQAxAEAANwAwADcAMAAgAE0AbwB0AG8AcgAgAHMAdQBiAGEAcwBzAGUAbQBiAGwAeQAEAAAAEAAAAAEAAAADAAAAAgEAAFoAAAAYAAAA</a:base64Binary><a:base64Binary>UEYAAAUAAAD//v87dwBoAGUAZQBsACAAYQBzAHMAZQBtAGIAbAB5AC0AMQBAAEYAdQBsAGwAIABhAHMAcwBlAG0AYgBsAHkALwBFAEcAMgAzAC0ARwAyADAALQBEADgALQAxAEAAdwBoAGUAZQBsACAAYQBzAHMAZQBtAGIAbAB5AAQAAAAQAAAAAQAAAAIAAAACAQAAGAAAAA==</a:base64Binary><a:base64Binary>UEYAAAUAAAD//v9cdwBoAGUAZQBsACAAYQBzAHMAZQBtAGIAbAB5AC0AMQBAAEYAdQBsAGwAIABhAHMAcwBlAG0AYgBsAHkALwBHAGUAYQByAGIAbwB4AGgAbwB1AHMAaQBuAGcAIABiAGUAYQByAGkAbgBnACAAcwBsAGUAZQB2AGUAXgB3AGgAZQBlAGwAIABhAHMAcwBlAG0AYgBsAHkALQAxAEAAdwBoAGUAZQBsACAAYQBzAHMAZQBtAGIAbAB5AAQAAAAQAAAAAQAAAAIAAAACAQAALgAAAA==</a:base64Binary><a:base64Binary>UEYAAAUAAAD//v8vQgBTAEIAIAAzADAAeAAzADAALQA4ACAAMwAyADIAbQBtACAAKAB0AGEAcABwAGUAZAAgAGUAbgBkAHMAKQAtADIAQABGAHUAbABsACAAYQBzAHMAZQBtAGIAbAB5AAQAAAAQAAAAAQAAAAEAAABiAQAA</a:base64Binary><a:base64Binary>UEYAAAUAAAD//v8hQgBTAEIAIAAzADAAeAAzADAALQA4ACAAMgA2ADIAbQBtAC0ANQBAAEYAdQBsAGwAIABhAHMAcwBlAG0AYgBsAHkABAAAABAAAAABAAAAAQAAAHACAAA=</a:base64Binary></SWComponentPIDs><SWMainComponentPID i:nil="true"/><Visual z:Ref="i16"/><isFixedFrame>false</isFixedFrame><isIncomplete>false</isIncomplete></Link>
2026-04-16 19:35:01,529 INFO  ExportHelperExtension.cs: 347 - Creating joint front_left_wheel
2026-04-16 19:35:02,580 WARN  ExportHelperExtension.cs: 351 - Creating joint from parent base_link to child front_left_wheel failed
2026-04-16 19:35:03,010 INFO  ExportHelperExtension.cs: 347 - Creating joint front_right_wheel
2026-04-16 19:35:03,258 WARN  ExportHelperExtension.cs: 351 - Creating joint from parent base_link to child front_right_wheel failed
2026-04-16 19:35:03,670 INFO  ExportHelperExtension.cs: 347 - Creating joint rear_left_wheel
2026-04-16 19:35:03,885 WARN  ExportHelperExtension.cs: 351 - Creating joint from parent base_link to child rear_left_wheel failed
2026-04-16 19:35:04,283 INFO  ExportHelperExtension.cs: 347 - Creating joint rear_right_wheel
2026-04-16 19:35:04,521 WARN  ExportHelperExtension.cs: 351 - Creating joint from parent base_link to child rear_right_wheel failed
2026-04-16 19:35:04,925 INFO  ExportHelperExtension.cs: 347 - Creating joint front_lidar
2026-04-16 19:35:04,937 WARN  ExportHelperExtension.cs: 351 - Creating joint from parent base_link to child front_lidar failed
2026-04-16 19:35:04,945 INFO  ExportHelperExtension.cs: 347 - Creating joint rear_lidar
2026-04-16 19:35:04,958 INFO  ExportHelperExtension.cs: 1397 - Fixing components for base_link
2026-04-16 19:35:04,958 INFO  ExportHelperExtension.cs: 1402 - Fixing 24
2026-04-16 19:35:04,958 INFO  ExportHelperExtension.cs: 1409 - Component 24 is already fixed
2026-04-16 19:35:04,958 INFO  ExportHelperExtension.cs: 1402 - Fixing 100
2026-04-16 19:35:04,958 INFO  ExportHelperExtension.cs: 1402 - Fixing 104
2026-04-16 19:35:04,958 INFO  ExportHelperExtension.cs: 1402 - Fixing 193
2026-04-16 19:35:04,958 INFO  ExportHelperExtension.cs: 1402 - Fixing 203
2026-04-16 19:35:04,958 INFO  ExportHelperExtension.cs: 1402 - Fixing 230
2026-04-16 19:35:04,958 INFO  ExportHelperExtension.cs: 1402 - Fixing 253
2026-04-16 19:35:04,958 INFO  ExportHelperExtension.cs: 1402 - Fixing 279
2026-04-16 19:35:04,966 INFO  ExportHelperExtension.cs: 1402 - Fixing 299
2026-04-16 19:35:04,966 INFO  ExportHelperExtension.cs: 1402 - Fixing 304
2026-04-16 19:35:04,966 INFO  ExportHelperExtension.cs: 1402 - Fixing 309
2026-04-16 19:35:04,966 INFO  ExportHelperExtension.cs: 1402 - Fixing 490
2026-04-16 19:35:04,966 INFO  ExportHelperExtension.cs: 1402 - Fixing 509
2026-04-16 19:35:04,966 INFO  ExportHelperExtension.cs: 1402 - Fixing 547
2026-04-16 19:35:04,966 INFO  ExportHelperExtension.cs: 1402 - Fixing 564
2026-04-16 19:35:04,966 INFO  ExportHelperExtension.cs: 1402 - Fixing 600
2026-04-16 19:35:04,966 INFO  ExportHelperExtension.cs: 1402 - Fixing 626
2026-04-16 19:35:04,966 INFO  ExportHelperExtension.cs: 1402 - Fixing 630
2026-04-16 19:35:04,966 INFO  ExportHelperExtension.cs: 1402 - Fixing 634
2026-04-16 19:35:04,966 INFO  ExportHelperExtension.cs: 1402 - Fixing 643
2026-04-16 19:35:04,966 INFO  ExportHelperExtension.cs: 1402 - Fixing 638
2026-04-16 19:35:04,966 INFO  ExportHelperExtension.cs: 1402 - Fixing 648
2026-04-16 19:35:04,966 INFO  ExportHelperExtension.cs: 1402 - Fixing 652
2026-04-16 19:35:04,966 INFO  ExportHelperExtension.cs: 1402 - Fixing 657
2026-04-16 19:35:04,966 INFO  ExportHelperExtension.cs: 1402 - Fixing 661
2026-04-16 19:35:04,966 INFO  ExportHelperExtension.cs: 1402 - Fixing 665
2026-04-16 19:35:04,966 INFO  ExportHelperExtension.cs: 1402 - Fixing 670
2026-04-16 19:35:04,966 INFO  ExportHelperExtension.cs: 1402 - Fixing 674
2026-04-16 19:35:04,966 INFO  ExportHelperExtension.cs: 1402 - Fixing 678
2026-04-16 19:35:04,966 INFO  ExportHelperExtension.cs: 1402 - Fixing 689
2026-04-16 19:35:04,966 INFO  ExportHelperExtension.cs: 1402 - Fixing 693
2026-04-16 19:35:04,966 INFO  ExportHelperExtension.cs: 1402 - Fixing 4567
2026-04-16 19:35:04,966 INFO  ExportHelperExtension.cs: 1402 - Fixing 852
2026-04-16 19:35:04,966 INFO  ExportHelperExtension.cs: 1402 - Fixing 874
2026-04-16 19:35:04,966 INFO  ExportHelperExtension.cs: 1402 - Fixing 622
2026-04-16 19:35:04,966 INFO  ExportHelperExtension.cs: 1402 - Fixing 891
2026-04-16 19:35:04,966 INFO  ExportHelperExtension.cs: 1402 - Fixing 933
2026-04-16 19:35:04,966 INFO  ExportHelperExtension.cs: 1402 - Fixing 940
2026-04-16 19:35:04,966 INFO  ExportHelperExtension.cs: 1402 - Fixing 943
2026-04-16 19:35:04,966 INFO  ExportHelperExtension.cs: 1402 - Fixing 959
2026-04-16 19:35:04,966 INFO  ExportHelperExtension.cs: 1402 - Fixing 1061
2026-04-16 19:35:04,966 INFO  ExportHelperExtension.cs: 1402 - Fixing 1062
2026-04-16 19:35:04,966 INFO  ExportHelperExtension.cs: 1402 - Fixing 4485
2026-04-16 19:35:04,966 INFO  ExportHelperExtension.cs: 1402 - Fixing 981
2026-04-16 19:35:04,966 INFO  ExportHelperExtension.cs: 1402 - Fixing 1060
2026-04-16 19:35:04,966 INFO  ExportHelperExtension.cs: 1402 - Fixing 993
2026-04-16 19:35:04,966 INFO  ExportHelperExtension.cs: 1402 - Fixing 997
2026-04-16 19:35:04,966 INFO  ExportHelperExtension.cs: 1402 - Fixing 1019
2026-04-16 19:35:04,966 INFO  ExportHelperExtension.cs: 1402 - Fixing 1038
2026-04-16 19:35:04,966 INFO  ExportHelperExtension.cs: 1402 - Fixing 4574
2026-04-16 19:35:04,966 INFO  ExportHelperExtension.cs: 1402 - Fixing 4607
2026-04-16 19:35:04,966 INFO  ExportHelperExtension.cs: 1402 - Fixing 930
2026-04-16 19:35:04,966 INFO  ExportHelperExtension.cs: 1402 - Fixing 92
2026-04-16 19:35:04,966 INFO  ExportHelperExtension.cs: 1402 - Fixing 931
2026-04-16 19:35:04,966 INFO  ExportHelperExtension.cs: 1402 - Fixing 929
2026-04-16 19:35:04,966 INFO  ExportHelperExtension.cs: 1402 - Fixing 932
2026-04-16 19:35:04,966 INFO  ExportHelperExtension.cs: 1402 - Fixing 864
2026-04-16 19:35:04,966 INFO  ExportHelperExtension.cs: 1402 - Fixing 916
2026-04-16 19:35:04,966 INFO  ExportHelperExtension.cs: 1402 - Fixing 883
2026-04-16 19:35:04,976 INFO  ExportHelperExtension.cs: 1402 - Fixing 92
2026-04-16 19:35:04,976 INFO  ExportHelperExtension.cs: 1402 - Fixing 92
2026-04-16 19:35:04,976 INFO  ExportHelperExtension.cs: 1402 - Fixing 92
2026-04-16 19:35:04,976 INFO  ExportHelperExtension.cs: 1402 - Fixing 31
2026-04-16 19:35:04,976 INFO  ExportHelperExtension.cs: 1402 - Fixing 102
2026-04-16 19:35:04,976 INFO  ExportHelperExtension.cs: 1402 - Fixing 108
2026-04-16 19:35:04,976 INFO  ExportHelperExtension.cs: 1402 - Fixing 24
2026-04-16 19:35:04,976 INFO  ExportHelperExtension.cs: 1402 - Fixing 24
2026-04-16 19:35:04,976 INFO  ExportHelperExtension.cs: 1402 - Fixing 31
2026-04-16 19:35:04,976 INFO  ExportHelperExtension.cs: 1402 - Fixing 108
2026-04-16 19:35:04,976 INFO  ExportHelperExtension.cs: 1402 - Fixing 102
2026-04-16 19:35:04,976 INFO  ExportHelperExtension.cs: 1402 - Fixing 24
2026-04-16 19:35:04,976 INFO  ExportHelperExtension.cs: 1402 - Fixing 24
2026-04-16 19:35:04,976 INFO  ExportHelperExtension.cs: 1402 - Fixing 46
2026-04-16 19:35:04,976 INFO  ExportHelperExtension.cs: 1402 - Fixing 46
2026-04-16 19:35:04,976 INFO  ExportHelperExtension.cs: 1402 - Fixing 31
2026-04-16 19:35:04,976 INFO  ExportHelperExtension.cs: 1402 - Fixing 108
2026-04-16 19:35:04,976 INFO  ExportHelperExtension.cs: 1402 - Fixing 102
2026-04-16 19:35:04,976 INFO  ExportHelperExtension.cs: 1402 - Fixing 24
2026-04-16 19:35:04,976 INFO  ExportHelperExtension.cs: 1402 - Fixing 24
2026-04-16 19:35:04,976 INFO  ExportHelperExtension.cs: 1402 - Fixing 46
2026-04-16 19:35:04,976 INFO  ExportHelperExtension.cs: 1402 - Fixing 31
2026-04-16 19:35:04,976 INFO  ExportHelperExtension.cs: 1402 - Fixing 108
2026-04-16 19:35:04,976 INFO  ExportHelperExtension.cs: 1402 - Fixing 102
2026-04-16 19:35:04,976 INFO  ExportHelperExtension.cs: 1402 - Fixing 24
2026-04-16 19:35:04,976 INFO  ExportHelperExtension.cs: 1402 - Fixing 24
2026-04-16 19:35:04,976 INFO  ExportHelperExtension.cs: 1402 - Fixing 46
2026-04-16 19:35:04,976 INFO  ExportHelperExtension.cs: 1402 - Fixing 354
2026-04-16 19:35:04,976 INFO  ExportHelperExtension.cs: 1402 - Fixing 624
2026-04-16 19:35:12,167 INFO  ExportHelperExtension.cs: 832 - R1: 0, 0
2026-04-16 19:35:12,167 INFO  ExportHelperExtension.cs: 841 - R2: 0, 0
2026-04-16 19:35:12,167 INFO  ExportHelperExtension.cs: 849 - L1: 0
2026-04-16 19:35:12,167 INFO  ExportHelperExtension.cs: 857 - L2: 0
2026-04-16 19:35:12,167 INFO  ExportHelperExtension.cs: 1352 - Unfixing component 100
2026-04-16 19:35:12,167 INFO  ExportHelperExtension.cs: 1352 - Unfixing component 104
2026-04-16 19:35:12,167 INFO  ExportHelperExtension.cs: 1352 - Unfixing component 193
2026-04-16 19:35:12,167 INFO  ExportHelperExtension.cs: 1352 - Unfixing component 203
2026-04-16 19:35:12,167 INFO  ExportHelperExtension.cs: 1352 - Unfixing component 230
2026-04-16 19:35:12,167 INFO  ExportHelperExtension.cs: 1352 - Unfixing component 253
2026-04-16 19:35:12,167 INFO  ExportHelperExtension.cs: 1352 - Unfixing component 279
2026-04-16 19:35:12,167 INFO  ExportHelperExtension.cs: 1352 - Unfixing component 299
2026-04-16 19:35:12,167 INFO  ExportHelperExtension.cs: 1352 - Unfixing component 304
2026-04-16 19:35:12,167 INFO  ExportHelperExtension.cs: 1352 - Unfixing component 309
2026-04-16 19:35:12,167 INFO  ExportHelperExtension.cs: 1352 - Unfixing component 490
2026-04-16 19:35:12,167 INFO  ExportHelperExtension.cs: 1352 - Unfixing component 509
2026-04-16 19:35:12,167 INFO  ExportHelperExtension.cs: 1352 - Unfixing component 547
2026-04-16 19:35:12,167 INFO  ExportHelperExtension.cs: 1352 - Unfixing component 564
2026-04-16 19:35:12,167 INFO  ExportHelperExtension.cs: 1352 - Unfixing component 600
2026-04-16 19:35:12,167 INFO  ExportHelperExtension.cs: 1352 - Unfixing component 626
2026-04-16 19:35:12,167 INFO  ExportHelperExtension.cs: 1352 - Unfixing component 630
2026-04-16 19:35:12,167 INFO  ExportHelperExtension.cs: 1352 - Unfixing component 634
2026-04-16 19:35:12,167 INFO  ExportHelperExtension.cs: 1352 - Unfixing component 643
2026-04-16 19:35:12,167 INFO  ExportHelperExtension.cs: 1352 - Unfixing component 638
2026-04-16 19:35:12,167 INFO  ExportHelperExtension.cs: 1352 - Unfixing component 648
2026-04-16 19:35:12,167 INFO  ExportHelperExtension.cs: 1352 - Unfixing component 652
2026-04-16 19:35:12,167 INFO  ExportHelperExtension.cs: 1352 - Unfixing component 657
2026-04-16 19:35:12,167 INFO  ExportHelperExtension.cs: 1352 - Unfixing component 661
2026-04-16 19:35:12,167 INFO  ExportHelperExtension.cs: 1352 - Unfixing component 665
2026-04-16 19:35:12,167 INFO  ExportHelperExtension.cs: 1352 - Unfixing component 670
2026-04-16 19:35:12,167 INFO  ExportHelperExtension.cs: 1352 - Unfixing component 674
2026-04-16 19:35:12,167 INFO  ExportHelperExtension.cs: 1352 - Unfixing component 678
2026-04-16 19:35:12,167 INFO  ExportHelperExtension.cs: 1352 - Unfixing component 689
2026-04-16 19:35:12,167 INFO  ExportHelperExtension.cs: 1352 - Unfixing component 693
2026-04-16 19:35:12,167 INFO  ExportHelperExtension.cs: 1352 - Unfixing component 4567
2026-04-16 19:35:12,167 INFO  ExportHelperExtension.cs: 1352 - Unfixing component 852
2026-04-16 19:35:12,167 INFO  ExportHelperExtension.cs: 1352 - Unfixing component 874
2026-04-16 19:35:12,167 INFO  ExportHelperExtension.cs: 1352 - Unfixing component 622
2026-04-16 19:35:12,167 INFO  ExportHelperExtension.cs: 1352 - Unfixing component 891
2026-04-16 19:35:12,167 INFO  ExportHelperExtension.cs: 1352 - Unfixing component 933
2026-04-16 19:35:12,167 INFO  ExportHelperExtension.cs: 1352 - Unfixing component 940
2026-04-16 19:35:12,167 INFO  ExportHelperExtension.cs: 1352 - Unfixing component 943
2026-04-16 19:35:12,182 INFO  ExportHelperExtension.cs: 1352 - Unfixing component 959
2026-04-16 19:35:12,182 INFO  ExportHelperExtension.cs: 1352 - Unfixing component 1061
2026-04-16 19:35:12,182 INFO  ExportHelperExtension.cs: 1352 - Unfixing component 1062
2026-04-16 19:35:12,182 INFO  ExportHelperExtension.cs: 1352 - Unfixing component 4485
2026-04-16 19:35:12,183 INFO  ExportHelperExtension.cs: 1352 - Unfixing component 981
2026-04-16 19:35:12,183 INFO  ExportHelperExtension.cs: 1352 - Unfixing component 1060
2026-04-16 19:35:12,183 INFO  ExportHelperExtension.cs: 1352 - Unfixing component 993
2026-04-16 19:35:12,183 INFO  ExportHelperExtension.cs: 1352 - Unfixing component 997
2026-04-16 19:35:12,183 INFO  ExportHelperExtension.cs: 1352 - Unfixing component 1019
2026-04-16 19:35:12,183 INFO  ExportHelperExtension.cs: 1352 - Unfixing component 1038
2026-04-16 19:35:12,183 INFO  ExportHelperExtension.cs: 1352 - Unfixing component 4574
2026-04-16 19:35:12,183 INFO  ExportHelperExtension.cs: 1352 - Unfixing component 4607
2026-04-16 19:35:12,183 INFO  ExportHelperExtension.cs: 1352 - Unfixing component 930
2026-04-16 19:35:12,183 INFO  ExportHelperExtension.cs: 1352 - Unfixing component 92
2026-04-16 19:35:12,183 INFO  ExportHelperExtension.cs: 1352 - Unfixing component 931
2026-04-16 19:35:12,183 INFO  ExportHelperExtension.cs: 1352 - Unfixing component 929
2026-04-16 19:35:12,183 INFO  ExportHelperExtension.cs: 1352 - Unfixing component 932
2026-04-16 19:35:12,183 INFO  ExportHelperExtension.cs: 1352 - Unfixing component 864
2026-04-16 19:35:12,183 INFO  ExportHelperExtension.cs: 1352 - Unfixing component 916
2026-04-16 19:35:12,183 INFO  ExportHelperExtension.cs: 1352 - Unfixing component 883
2026-04-16 19:35:12,183 INFO  ExportHelperExtension.cs: 1352 - Unfixing component 92
2026-04-16 19:35:12,183 INFO  ExportHelperExtension.cs: 1352 - Unfixing component 92
2026-04-16 19:35:12,183 INFO  ExportHelperExtension.cs: 1352 - Unfixing component 92
2026-04-16 19:35:12,183 INFO  ExportHelperExtension.cs: 1352 - Unfixing component 31
2026-04-16 19:35:12,183 INFO  ExportHelperExtension.cs: 1352 - Unfixing component 102
2026-04-16 19:35:12,183 INFO  ExportHelperExtension.cs: 1352 - Unfixing component 108
2026-04-16 19:35:12,183 INFO  ExportHelperExtension.cs: 1352 - Unfixing component 24
2026-04-16 19:35:12,183 INFO  ExportHelperExtension.cs: 1352 - Unfixing component 24
2026-04-16 19:35:12,183 INFO  ExportHelperExtension.cs: 1352 - Unfixing component 31
2026-04-16 19:35:12,183 INFO  ExportHelperExtension.cs: 1352 - Unfixing component 108
2026-04-16 19:35:12,183 INFO  ExportHelperExtension.cs: 1352 - Unfixing component 102
2026-04-16 19:35:12,183 INFO  ExportHelperExtension.cs: 1352 - Unfixing component 24
2026-04-16 19:35:12,183 INFO  ExportHelperExtension.cs: 1352 - Unfixing component 24
2026-04-16 19:35:12,183 INFO  ExportHelperExtension.cs: 1352 - Unfixing component 46
2026-04-16 19:35:12,183 INFO  ExportHelperExtension.cs: 1352 - Unfixing component 46
2026-04-16 19:35:12,183 INFO  ExportHelperExtension.cs: 1352 - Unfixing component 31
2026-04-16 19:35:12,183 INFO  ExportHelperExtension.cs: 1352 - Unfixing component 108
2026-04-16 19:35:12,183 INFO  ExportHelperExtension.cs: 1352 - Unfixing component 102
2026-04-16 19:35:12,183 INFO  ExportHelperExtension.cs: 1352 - Unfixing component 24
2026-04-16 19:35:12,183 INFO  ExportHelperExtension.cs: 1352 - Unfixing component 24
2026-04-16 19:35:12,183 INFO  ExportHelperExtension.cs: 1352 - Unfixing component 46
2026-04-16 19:35:12,183 INFO  ExportHelperExtension.cs: 1352 - Unfixing component 31
2026-04-16 19:35:12,183 INFO  ExportHelperExtension.cs: 1352 - Unfixing component 108
2026-04-16 19:35:12,183 INFO  ExportHelperExtension.cs: 1352 - Unfixing component 102
2026-04-16 19:35:12,183 INFO  ExportHelperExtension.cs: 1352 - Unfixing component 24
2026-04-16 19:35:12,183 INFO  ExportHelperExtension.cs: 1352 - Unfixing component 24
2026-04-16 19:35:12,183 INFO  ExportHelperExtension.cs: 1352 - Unfixing component 46
2026-04-16 19:35:12,183 INFO  ExportHelperExtension.cs: 1352 - Unfixing component 354
2026-04-16 19:35:12,183 INFO  ExportHelperExtension.cs: 1352 - Unfixing component 624
2026-04-16 19:35:16,121 WARN  ExportHelperExtension.cs: 351 - Creating joint from parent base_link to child rear_lidar failed
2026-04-16 19:35:16,135 INFO  ExportHelperExtension.cs: 347 - Creating joint camera
2026-04-16 19:35:16,135 INFO  ExportHelperExtension.cs: 1397 - Fixing components for base_link
2026-04-16 19:35:16,135 INFO  ExportHelperExtension.cs: 1402 - Fixing 24
2026-04-16 19:35:16,135 INFO  ExportHelperExtension.cs: 1409 - Component 24 is already fixed
2026-04-16 19:35:16,135 INFO  ExportHelperExtension.cs: 1402 - Fixing 100
2026-04-16 19:35:16,135 INFO  ExportHelperExtension.cs: 1402 - Fixing 104
2026-04-16 19:35:16,135 INFO  ExportHelperExtension.cs: 1402 - Fixing 193
2026-04-16 19:35:16,135 INFO  ExportHelperExtension.cs: 1402 - Fixing 203
2026-04-16 19:35:16,135 INFO  ExportHelperExtension.cs: 1402 - Fixing 230
2026-04-16 19:35:16,135 INFO  ExportHelperExtension.cs: 1402 - Fixing 253
2026-04-16 19:35:16,135 INFO  ExportHelperExtension.cs: 1402 - Fixing 279
2026-04-16 19:35:16,135 INFO  ExportHelperExtension.cs: 1402 - Fixing 299
2026-04-16 19:35:16,135 INFO  ExportHelperExtension.cs: 1402 - Fixing 304
2026-04-16 19:35:16,135 INFO  ExportHelperExtension.cs: 1402 - Fixing 309
2026-04-16 19:35:16,135 INFO  ExportHelperExtension.cs: 1402 - Fixing 490
2026-04-16 19:35:16,135 INFO  ExportHelperExtension.cs: 1402 - Fixing 509
2026-04-16 19:35:16,135 INFO  ExportHelperExtension.cs: 1402 - Fixing 547
2026-04-16 19:35:16,135 INFO  ExportHelperExtension.cs: 1402 - Fixing 564
2026-04-16 19:35:16,135 INFO  ExportHelperExtension.cs: 1402 - Fixing 600
2026-04-16 19:35:16,135 INFO  ExportHelperExtension.cs: 1402 - Fixing 626
2026-04-16 19:35:16,135 INFO  ExportHelperExtension.cs: 1402 - Fixing 630
2026-04-16 19:35:16,135 INFO  ExportHelperExtension.cs: 1402 - Fixing 634
2026-04-16 19:35:16,135 INFO  ExportHelperExtension.cs: 1402 - Fixing 643
2026-04-16 19:35:16,135 INFO  ExportHelperExtension.cs: 1402 - Fixing 638
2026-04-16 19:35:16,135 INFO  ExportHelperExtension.cs: 1402 - Fixing 648
2026-04-16 19:35:16,135 INFO  ExportHelperExtension.cs: 1402 - Fixing 652
2026-04-16 19:35:16,135 INFO  ExportHelperExtension.cs: 1402 - Fixing 657
2026-04-16 19:35:16,135 INFO  ExportHelperExtension.cs: 1402 - Fixing 661
2026-04-16 19:35:16,135 INFO  ExportHelperExtension.cs: 1402 - Fixing 665
2026-04-16 19:35:16,135 INFO  ExportHelperExtension.cs: 1402 - Fixing 670
2026-04-16 19:35:16,135 INFO  ExportHelperExtension.cs: 1402 - Fixing 674
2026-04-16 19:35:16,135 INFO  ExportHelperExtension.cs: 1402 - Fixing 678
2026-04-16 19:35:16,135 INFO  ExportHelperExtension.cs: 1402 - Fixing 689
2026-04-16 19:35:16,135 INFO  ExportHelperExtension.cs: 1402 - Fixing 693
2026-04-16 19:35:16,135 INFO  ExportHelperExtension.cs: 1402 - Fixing 4567
2026-04-16 19:35:16,135 INFO  ExportHelperExtension.cs: 1402 - Fixing 852
2026-04-16 19:35:16,135 INFO  ExportHelperExtension.cs: 1402 - Fixing 874
2026-04-16 19:35:16,135 INFO  ExportHelperExtension.cs: 1402 - Fixing 622
2026-04-16 19:35:16,135 INFO  ExportHelperExtension.cs: 1402 - Fixing 891
2026-04-16 19:35:16,135 INFO  ExportHelperExtension.cs: 1402 - Fixing 933
2026-04-16 19:35:16,135 INFO  ExportHelperExtension.cs: 1402 - Fixing 940
2026-04-16 19:35:16,135 INFO  ExportHelperExtension.cs: 1402 - Fixing 943
2026-04-16 19:35:16,135 INFO  ExportHelperExtension.cs: 1402 - Fixing 959
2026-04-16 19:35:16,135 INFO  ExportHelperExtension.cs: 1402 - Fixing 1061
2026-04-16 19:35:16,135 INFO  ExportHelperExtension.cs: 1402 - Fixing 1062
2026-04-16 19:35:16,135 INFO  ExportHelperExtension.cs: 1402 - Fixing 4485
2026-04-16 19:35:16,135 INFO  ExportHelperExtension.cs: 1402 - Fixing 981
2026-04-16 19:35:16,135 INFO  ExportHelperExtension.cs: 1402 - Fixing 1060
2026-04-16 19:35:16,135 INFO  ExportHelperExtension.cs: 1402 - Fixing 993
2026-04-16 19:35:16,135 INFO  ExportHelperExtension.cs: 1402 - Fixing 997
2026-04-16 19:35:16,135 INFO  ExportHelperExtension.cs: 1402 - Fixing 1019
2026-04-16 19:35:16,135 INFO  ExportHelperExtension.cs: 1402 - Fixing 1038
2026-04-16 19:35:16,135 INFO  ExportHelperExtension.cs: 1402 - Fixing 4574
2026-04-16 19:35:16,135 INFO  ExportHelperExtension.cs: 1402 - Fixing 4607
2026-04-16 19:35:16,135 INFO  ExportHelperExtension.cs: 1402 - Fixing 930
2026-04-16 19:35:16,135 INFO  ExportHelperExtension.cs: 1402 - Fixing 92
2026-04-16 19:35:16,135 INFO  ExportHelperExtension.cs: 1402 - Fixing 931
2026-04-16 19:35:16,135 INFO  ExportHelperExtension.cs: 1402 - Fixing 929
2026-04-16 19:35:16,135 INFO  ExportHelperExtension.cs: 1402 - Fixing 932
2026-04-16 19:35:16,135 INFO  ExportHelperExtension.cs: 1402 - Fixing 864
2026-04-16 19:35:16,135 INFO  ExportHelperExtension.cs: 1402 - Fixing 916
2026-04-16 19:35:16,135 INFO  ExportHelperExtension.cs: 1402 - Fixing 883
2026-04-16 19:35:16,135 INFO  ExportHelperExtension.cs: 1402 - Fixing 92
2026-04-16 19:35:16,135 INFO  ExportHelperExtension.cs: 1402 - Fixing 92
2026-04-16 19:35:16,135 INFO  ExportHelperExtension.cs: 1402 - Fixing 92
2026-04-16 19:35:16,135 INFO  ExportHelperExtension.cs: 1402 - Fixing 31
2026-04-16 19:35:16,135 INFO  ExportHelperExtension.cs: 1402 - Fixing 102
2026-04-16 19:35:16,135 INFO  ExportHelperExtension.cs: 1402 - Fixing 108
2026-04-16 19:35:16,152 INFO  ExportHelperExtension.cs: 1402 - Fixing 24
2026-04-16 19:35:16,152 INFO  ExportHelperExtension.cs: 1402 - Fixing 24
2026-04-16 19:35:16,152 INFO  ExportHelperExtension.cs: 1402 - Fixing 31
2026-04-16 19:35:16,152 INFO  ExportHelperExtension.cs: 1402 - Fixing 108
2026-04-16 19:35:16,152 INFO  ExportHelperExtension.cs: 1402 - Fixing 102
2026-04-16 19:35:16,152 INFO  ExportHelperExtension.cs: 1402 - Fixing 24
2026-04-16 19:35:16,152 INFO  ExportHelperExtension.cs: 1402 - Fixing 24
2026-04-16 19:35:16,152 INFO  ExportHelperExtension.cs: 1402 - Fixing 46
2026-04-16 19:35:16,152 INFO  ExportHelperExtension.cs: 1402 - Fixing 46
2026-04-16 19:35:16,152 INFO  ExportHelperExtension.cs: 1402 - Fixing 31
2026-04-16 19:35:16,152 INFO  ExportHelperExtension.cs: 1402 - Fixing 108
2026-04-16 19:35:16,152 INFO  ExportHelperExtension.cs: 1402 - Fixing 102
2026-04-16 19:35:16,152 INFO  ExportHelperExtension.cs: 1402 - Fixing 24
2026-04-16 19:35:16,152 INFO  ExportHelperExtension.cs: 1402 - Fixing 24
2026-04-16 19:35:16,152 INFO  ExportHelperExtension.cs: 1402 - Fixing 46
2026-04-16 19:35:16,152 INFO  ExportHelperExtension.cs: 1402 - Fixing 31
2026-04-16 19:35:16,152 INFO  ExportHelperExtension.cs: 1402 - Fixing 108
2026-04-16 19:35:16,152 INFO  ExportHelperExtension.cs: 1402 - Fixing 102
2026-04-16 19:35:16,152 INFO  ExportHelperExtension.cs: 1402 - Fixing 24
2026-04-16 19:35:16,152 INFO  ExportHelperExtension.cs: 1402 - Fixing 24
2026-04-16 19:35:16,152 INFO  ExportHelperExtension.cs: 1402 - Fixing 46
2026-04-16 19:35:16,152 INFO  ExportHelperExtension.cs: 1402 - Fixing 354
2026-04-16 19:35:16,152 INFO  ExportHelperExtension.cs: 1402 - Fixing 624
2026-04-16 19:35:20,070 INFO  ExportHelperExtension.cs: 832 - R1: 0, 0
2026-04-16 19:35:20,070 INFO  ExportHelperExtension.cs: 841 - R2: 0, 0
2026-04-16 19:35:20,070 INFO  ExportHelperExtension.cs: 849 - L1: 0
2026-04-16 19:35:20,070 INFO  ExportHelperExtension.cs: 857 - L2: 0
2026-04-16 19:35:20,070 INFO  ExportHelperExtension.cs: 1352 - Unfixing component 100
2026-04-16 19:35:20,070 INFO  ExportHelperExtension.cs: 1352 - Unfixing component 104
2026-04-16 19:35:20,070 INFO  ExportHelperExtension.cs: 1352 - Unfixing component 193
2026-04-16 19:35:20,070 INFO  ExportHelperExtension.cs: 1352 - Unfixing component 203
2026-04-16 19:35:20,070 INFO  ExportHelperExtension.cs: 1352 - Unfixing component 230
2026-04-16 19:35:20,070 INFO  ExportHelperExtension.cs: 1352 - Unfixing component 253
2026-04-16 19:35:20,070 INFO  ExportHelperExtension.cs: 1352 - Unfixing component 279
2026-04-16 19:35:20,073 INFO  ExportHelperExtension.cs: 1352 - Unfixing component 299
2026-04-16 19:35:20,073 INFO  ExportHelperExtension.cs: 1352 - Unfixing component 304
2026-04-16 19:35:20,073 INFO  ExportHelperExtension.cs: 1352 - Unfixing component 309
2026-04-16 19:35:20,073 INFO  ExportHelperExtension.cs: 1352 - Unfixing component 490
2026-04-16 19:35:20,073 INFO  ExportHelperExtension.cs: 1352 - Unfixing component 509
2026-04-16 19:35:20,073 INFO  ExportHelperExtension.cs: 1352 - Unfixing component 547
2026-04-16 19:35:20,073 INFO  ExportHelperExtension.cs: 1352 - Unfixing component 564
2026-04-16 19:35:20,073 INFO  ExportHelperExtension.cs: 1352 - Unfixing component 600
2026-04-16 19:35:20,073 INFO  ExportHelperExtension.cs: 1352 - Unfixing component 626
2026-04-16 19:35:20,073 INFO  ExportHelperExtension.cs: 1352 - Unfixing component 630
2026-04-16 19:35:20,073 INFO  ExportHelperExtension.cs: 1352 - Unfixing component 634
2026-04-16 19:35:20,073 INFO  ExportHelperExtension.cs: 1352 - Unfixing component 643
2026-04-16 19:35:20,073 INFO  ExportHelperExtension.cs: 1352 - Unfixing component 638
2026-04-16 19:35:20,073 INFO  ExportHelperExtension.cs: 1352 - Unfixing component 648
2026-04-16 19:35:20,073 INFO  ExportHelperExtension.cs: 1352 - Unfixing component 652
2026-04-16 19:35:20,073 INFO  ExportHelperExtension.cs: 1352 - Unfixing component 657
2026-04-16 19:35:20,073 INFO  ExportHelperExtension.cs: 1352 - Unfixing component 661
2026-04-16 19:35:20,073 INFO  ExportHelperExtension.cs: 1352 - Unfixing component 665
2026-04-16 19:35:20,073 INFO  ExportHelperExtension.cs: 1352 - Unfixing component 670
2026-04-16 19:35:20,073 INFO  ExportHelperExtension.cs: 1352 - Unfixing component 674
2026-04-16 19:35:20,073 INFO  ExportHelperExtension.cs: 1352 - Unfixing component 678
2026-04-16 19:35:20,073 INFO  ExportHelperExtension.cs: 1352 - Unfixing component 689
2026-04-16 19:35:20,073 INFO  ExportHelperExtension.cs: 1352 - Unfixing component 693
2026-04-16 19:35:20,073 INFO  ExportHelperExtension.cs: 1352 - Unfixing component 4567
2026-04-16 19:35:20,073 INFO  ExportHelperExtension.cs: 1352 - Unfixing component 852
2026-04-16 19:35:20,073 INFO  ExportHelperExtension.cs: 1352 - Unfixing component 874
2026-04-16 19:35:20,073 INFO  ExportHelperExtension.cs: 1352 - Unfixing component 622
2026-04-16 19:35:20,073 INFO  ExportHelperExtension.cs: 1352 - Unfixing component 891
2026-04-16 19:35:20,073 INFO  ExportHelperExtension.cs: 1352 - Unfixing component 933
2026-04-16 19:35:20,073 INFO  ExportHelperExtension.cs: 1352 - Unfixing component 940
2026-04-16 19:35:20,073 INFO  ExportHelperExtension.cs: 1352 - Unfixing component 943
2026-04-16 19:35:20,073 INFO  ExportHelperExtension.cs: 1352 - Unfixing component 959
2026-04-16 19:35:20,073 INFO  ExportHelperExtension.cs: 1352 - Unfixing component 1061
2026-04-16 19:35:20,073 INFO  ExportHelperExtension.cs: 1352 - Unfixing component 1062
2026-04-16 19:35:20,073 INFO  ExportHelperExtension.cs: 1352 - Unfixing component 4485
2026-04-16 19:35:20,073 INFO  ExportHelperExtension.cs: 1352 - Unfixing component 981
2026-04-16 19:35:20,073 INFO  ExportHelperExtension.cs: 1352 - Unfixing component 1060
2026-04-16 19:35:20,073 INFO  ExportHelperExtension.cs: 1352 - Unfixing component 993
2026-04-16 19:35:20,073 INFO  ExportHelperExtension.cs: 1352 - Unfixing component 997
2026-04-16 19:35:20,073 INFO  ExportHelperExtension.cs: 1352 - Unfixing component 1019
2026-04-16 19:35:20,073 INFO  ExportHelperExtension.cs: 1352 - Unfixing component 1038
2026-04-16 19:35:20,073 INFO  ExportHelperExtension.cs: 1352 - Unfixing component 4574
2026-04-16 19:35:20,073 INFO  ExportHelperExtension.cs: 1352 - Unfixing component 4607
2026-04-16 19:35:20,073 INFO  ExportHelperExtension.cs: 1352 - Unfixing component 930
2026-04-16 19:35:20,073 INFO  ExportHelperExtension.cs: 1352 - Unfixing component 92
2026-04-16 19:35:20,073 INFO  ExportHelperExtension.cs: 1352 - Unfixing component 931
2026-04-16 19:35:20,073 INFO  ExportHelperExtension.cs: 1352 - Unfixing component 929
2026-04-16 19:35:20,073 INFO  ExportHelperExtension.cs: 1352 - Unfixing component 932
2026-04-16 19:35:20,073 INFO  ExportHelperExtension.cs: 1352 - Unfixing component 864
2026-04-16 19:35:20,073 INFO  ExportHelperExtension.cs: 1352 - Unfixing component 916
2026-04-16 19:35:20,073 INFO  ExportHelperExtension.cs: 1352 - Unfixing component 883
2026-04-16 19:35:20,073 INFO  ExportHelperExtension.cs: 1352 - Unfixing component 92
2026-04-16 19:35:20,073 INFO  ExportHelperExtension.cs: 1352 - Unfixing component 92
2026-04-16 19:35:20,073 INFO  ExportHelperExtension.cs: 1352 - Unfixing component 92
2026-04-16 19:35:20,073 INFO  ExportHelperExtension.cs: 1352 - Unfixing component 31
2026-04-16 19:35:20,073 INFO  ExportHelperExtension.cs: 1352 - Unfixing component 102
2026-04-16 19:35:20,073 INFO  ExportHelperExtension.cs: 1352 - Unfixing component 108
2026-04-16 19:35:20,073 INFO  ExportHelperExtension.cs: 1352 - Unfixing component 24
2026-04-16 19:35:20,073 INFO  ExportHelperExtension.cs: 1352 - Unfixing component 24
2026-04-16 19:35:20,073 INFO  ExportHelperExtension.cs: 1352 - Unfixing component 31
2026-04-16 19:35:20,073 INFO  ExportHelperExtension.cs: 1352 - Unfixing component 108
2026-04-16 19:35:20,073 INFO  ExportHelperExtension.cs: 1352 - Unfixing component 102
2026-04-16 19:35:20,073 INFO  ExportHelperExtension.cs: 1352 - Unfixing component 24
2026-04-16 19:35:20,073 INFO  ExportHelperExtension.cs: 1352 - Unfixing component 24
2026-04-16 19:35:20,073 INFO  ExportHelperExtension.cs: 1352 - Unfixing component 46
2026-04-16 19:35:20,073 INFO  ExportHelperExtension.cs: 1352 - Unfixing component 46
2026-04-16 19:35:20,073 INFO  ExportHelperExtension.cs: 1352 - Unfixing component 31
2026-04-16 19:35:20,073 INFO  ExportHelperExtension.cs: 1352 - Unfixing component 108
2026-04-16 19:35:20,073 INFO  ExportHelperExtension.cs: 1352 - Unfixing component 102
2026-04-16 19:35:20,089 INFO  ExportHelperExtension.cs: 1352 - Unfixing component 24
2026-04-16 19:35:20,089 INFO  ExportHelperExtension.cs: 1352 - Unfixing component 24
2026-04-16 19:35:20,089 INFO  ExportHelperExtension.cs: 1352 - Unfixing component 46
2026-04-16 19:35:20,089 INFO  ExportHelperExtension.cs: 1352 - Unfixing component 31
2026-04-16 19:35:20,089 INFO  ExportHelperExtension.cs: 1352 - Unfixing component 108
2026-04-16 19:35:20,089 INFO  ExportHelperExtension.cs: 1352 - Unfixing component 102
2026-04-16 19:35:20,089 INFO  ExportHelperExtension.cs: 1352 - Unfixing component 24
2026-04-16 19:35:20,089 INFO  ExportHelperExtension.cs: 1352 - Unfixing component 24
2026-04-16 19:35:20,089 INFO  ExportHelperExtension.cs: 1352 - Unfixing component 46
2026-04-16 19:35:20,089 INFO  ExportHelperExtension.cs: 1352 - Unfixing component 354
2026-04-16 19:35:20,089 INFO  ExportHelperExtension.cs: 1352 - Unfixing component 624
2026-04-16 19:35:24,224 WARN  ExportHelperExtension.cs: 351 - Creating joint from parent base_link to child camera failed
2026-04-16 19:35:24,415 INFO  ExportHelperExtension.cs: 347 - Creating joint imu
2026-04-16 19:35:24,415 INFO  ExportHelperExtension.cs: 1397 - Fixing components for base_link
2026-04-16 19:35:24,415 INFO  ExportHelperExtension.cs: 1402 - Fixing 24
2026-04-16 19:35:24,415 INFO  ExportHelperExtension.cs: 1409 - Component 24 is already fixed
2026-04-16 19:35:24,415 INFO  ExportHelperExtension.cs: 1402 - Fixing 100
2026-04-16 19:35:24,415 INFO  ExportHelperExtension.cs: 1402 - Fixing 104
2026-04-16 19:35:24,415 INFO  ExportHelperExtension.cs: 1402 - Fixing 193
2026-04-16 19:35:24,415 INFO  ExportHelperExtension.cs: 1402 - Fixing 203
2026-04-16 19:35:24,415 INFO  ExportHelperExtension.cs: 1402 - Fixing 230
2026-04-16 19:35:24,415 INFO  ExportHelperExtension.cs: 1402 - Fixing 253
2026-04-16 19:35:24,415 INFO  ExportHelperExtension.cs: 1402 - Fixing 279
2026-04-16 19:35:24,415 INFO  ExportHelperExtension.cs: 1402 - Fixing 299
2026-04-16 19:35:24,415 INFO  ExportHelperExtension.cs: 1402 - Fixing 304
2026-04-16 19:35:24,415 INFO  ExportHelperExtension.cs: 1402 - Fixing 309
2026-04-16 19:35:24,415 INFO  ExportHelperExtension.cs: 1402 - Fixing 490
2026-04-16 19:35:24,415 INFO  ExportHelperExtension.cs: 1402 - Fixing 509
2026-04-16 19:35:24,415 INFO  ExportHelperExtension.cs: 1402 - Fixing 547
2026-04-16 19:35:24,415 INFO  ExportHelperExtension.cs: 1402 - Fixing 564
2026-04-16 19:35:24,415 INFO  ExportHelperExtension.cs: 1402 - Fixing 600
2026-04-16 19:35:24,415 INFO  ExportHelperExtension.cs: 1402 - Fixing 626
2026-04-16 19:35:24,415 INFO  ExportHelperExtension.cs: 1402 - Fixing 630
2026-04-16 19:35:24,415 INFO  ExportHelperExtension.cs: 1402 - Fixing 634
2026-04-16 19:35:24,415 INFO  ExportHelperExtension.cs: 1402 - Fixing 643
2026-04-16 19:35:24,415 INFO  ExportHelperExtension.cs: 1402 - Fixing 638
2026-04-16 19:35:24,415 INFO  ExportHelperExtension.cs: 1402 - Fixing 648
2026-04-16 19:35:24,415 INFO  ExportHelperExtension.cs: 1402 - Fixing 652
2026-04-16 19:35:24,415 INFO  ExportHelperExtension.cs: 1402 - Fixing 657
2026-04-16 19:35:24,415 INFO  ExportHelperExtension.cs: 1402 - Fixing 661
2026-04-16 19:35:24,415 INFO  ExportHelperExtension.cs: 1402 - Fixing 665
2026-04-16 19:35:24,415 INFO  ExportHelperExtension.cs: 1402 - Fixing 670
2026-04-16 19:35:24,415 INFO  ExportHelperExtension.cs: 1402 - Fixing 674
2026-04-16 19:35:24,415 INFO  ExportHelperExtension.cs: 1402 - Fixing 678
2026-04-16 19:35:24,415 INFO  ExportHelperExtension.cs: 1402 - Fixing 689
2026-04-16 19:35:24,415 INFO  ExportHelperExtension.cs: 1402 - Fixing 693
2026-04-16 19:35:24,415 INFO  ExportHelperExtension.cs: 1402 - Fixing 4567
2026-04-16 19:35:24,415 INFO  ExportHelperExtension.cs: 1402 - Fixing 852
2026-04-16 19:35:24,415 INFO  ExportHelperExtension.cs: 1402 - Fixing 874
2026-04-16 19:35:24,415 INFO  ExportHelperExtension.cs: 1402 - Fixing 622
2026-04-16 19:35:24,415 INFO  ExportHelperExtension.cs: 1402 - Fixing 891
2026-04-16 19:35:24,415 INFO  ExportHelperExtension.cs: 1402 - Fixing 933
2026-04-16 19:35:24,415 INFO  ExportHelperExtension.cs: 1402 - Fixing 940
2026-04-16 19:35:24,415 INFO  ExportHelperExtension.cs: 1402 - Fixing 943
2026-04-16 19:35:24,415 INFO  ExportHelperExtension.cs: 1402 - Fixing 959
2026-04-16 19:35:24,415 INFO  ExportHelperExtension.cs: 1402 - Fixing 1061
2026-04-16 19:35:24,415 INFO  ExportHelperExtension.cs: 1402 - Fixing 1062
2026-04-16 19:35:24,415 INFO  ExportHelperExtension.cs: 1402 - Fixing 4485
2026-04-16 19:35:24,415 INFO  ExportHelperExtension.cs: 1402 - Fixing 981
2026-04-16 19:35:24,415 INFO  ExportHelperExtension.cs: 1402 - Fixing 1060
2026-04-16 19:35:24,415 INFO  ExportHelperExtension.cs: 1402 - Fixing 993
2026-04-16 19:35:24,415 INFO  ExportHelperExtension.cs: 1402 - Fixing 997
2026-04-16 19:35:24,415 INFO  ExportHelperExtension.cs: 1402 - Fixing 1019
2026-04-16 19:35:24,415 INFO  ExportHelperExtension.cs: 1402 - Fixing 1038
2026-04-16 19:35:24,415 INFO  ExportHelperExtension.cs: 1402 - Fixing 4574
2026-04-16 19:35:24,415 INFO  ExportHelperExtension.cs: 1402 - Fixing 4607
2026-04-16 19:35:24,415 INFO  ExportHelperExtension.cs: 1402 - Fixing 930
2026-04-16 19:35:24,415 INFO  ExportHelperExtension.cs: 1402 - Fixing 92
2026-04-16 19:35:24,415 INFO  ExportHelperExtension.cs: 1402 - Fixing 931
2026-04-16 19:35:24,415 INFO  ExportHelperExtension.cs: 1402 - Fixing 929
2026-04-16 19:35:24,415 INFO  ExportHelperExtension.cs: 1402 - Fixing 932
2026-04-16 19:35:24,415 INFO  ExportHelperExtension.cs: 1402 - Fixing 864
2026-04-16 19:35:24,415 INFO  ExportHelperExtension.cs: 1402 - Fixing 916
2026-04-16 19:35:24,415 INFO  ExportHelperExtension.cs: 1402 - Fixing 883
2026-04-16 19:35:24,415 INFO  ExportHelperExtension.cs: 1402 - Fixing 92
2026-04-16 19:35:24,415 INFO  ExportHelperExtension.cs: 1402 - Fixing 92
2026-04-16 19:35:24,415 INFO  ExportHelperExtension.cs: 1402 - Fixing 92
2026-04-16 19:35:24,415 INFO  ExportHelperExtension.cs: 1402 - Fixing 31
2026-04-16 19:35:24,415 INFO  ExportHelperExtension.cs: 1402 - Fixing 102
2026-04-16 19:35:24,415 INFO  ExportHelperExtension.cs: 1402 - Fixing 108
2026-04-16 19:35:24,415 INFO  ExportHelperExtension.cs: 1402 - Fixing 24
2026-04-16 19:35:24,415 INFO  ExportHelperExtension.cs: 1402 - Fixing 24
2026-04-16 19:35:24,415 INFO  ExportHelperExtension.cs: 1402 - Fixing 31
2026-04-16 19:35:24,415 INFO  ExportHelperExtension.cs: 1402 - Fixing 108
2026-04-16 19:35:24,415 INFO  ExportHelperExtension.cs: 1402 - Fixing 102
2026-04-16 19:35:24,415 INFO  ExportHelperExtension.cs: 1402 - Fixing 24
2026-04-16 19:35:24,415 INFO  ExportHelperExtension.cs: 1402 - Fixing 24
2026-04-16 19:35:24,431 INFO  ExportHelperExtension.cs: 1402 - Fixing 46
2026-04-16 19:35:24,431 INFO  ExportHelperExtension.cs: 1402 - Fixing 46
2026-04-16 19:35:24,431 INFO  ExportHelperExtension.cs: 1402 - Fixing 31
2026-04-16 19:35:24,431 INFO  ExportHelperExtension.cs: 1402 - Fixing 108
2026-04-16 19:35:24,431 INFO  ExportHelperExtension.cs: 1402 - Fixing 102
2026-04-16 19:35:24,431 INFO  ExportHelperExtension.cs: 1402 - Fixing 24
2026-04-16 19:35:24,431 INFO  ExportHelperExtension.cs: 1402 - Fixing 24
2026-04-16 19:35:24,431 INFO  ExportHelperExtension.cs: 1402 - Fixing 46
2026-04-16 19:35:24,431 INFO  ExportHelperExtension.cs: 1402 - Fixing 31
2026-04-16 19:35:24,431 INFO  ExportHelperExtension.cs: 1402 - Fixing 108
2026-04-16 19:35:24,431 INFO  ExportHelperExtension.cs: 1402 - Fixing 102
2026-04-16 19:35:24,431 INFO  ExportHelperExtension.cs: 1402 - Fixing 24
2026-04-16 19:35:24,431 INFO  ExportHelperExtension.cs: 1402 - Fixing 24
2026-04-16 19:35:24,431 INFO  ExportHelperExtension.cs: 1402 - Fixing 46
2026-04-16 19:35:24,431 INFO  ExportHelperExtension.cs: 1402 - Fixing 354
2026-04-16 19:35:24,434 INFO  ExportHelperExtension.cs: 1402 - Fixing 624
2026-04-16 19:35:28,807 INFO  ExportHelperExtension.cs: 832 - R1: 0, 0
2026-04-16 19:35:28,807 INFO  ExportHelperExtension.cs: 841 - R2: 0, 0
2026-04-16 19:35:28,807 INFO  ExportHelperExtension.cs: 849 - L1: 0
2026-04-16 19:35:28,807 INFO  ExportHelperExtension.cs: 857 - L2: 0
2026-04-16 19:35:28,807 INFO  ExportHelperExtension.cs: 1352 - Unfixing component 100
2026-04-16 19:35:28,807 INFO  ExportHelperExtension.cs: 1352 - Unfixing component 104
2026-04-16 19:35:28,807 INFO  ExportHelperExtension.cs: 1352 - Unfixing component 193
2026-04-16 19:35:28,807 INFO  ExportHelperExtension.cs: 1352 - Unfixing component 203
2026-04-16 19:35:28,807 INFO  ExportHelperExtension.cs: 1352 - Unfixing component 230
2026-04-16 19:35:28,807 INFO  ExportHelperExtension.cs: 1352 - Unfixing component 253
2026-04-16 19:35:28,807 INFO  ExportHelperExtension.cs: 1352 - Unfixing component 279
2026-04-16 19:35:28,807 INFO  ExportHelperExtension.cs: 1352 - Unfixing component 299
2026-04-16 19:35:28,807 INFO  ExportHelperExtension.cs: 1352 - Unfixing component 304
2026-04-16 19:35:28,807 INFO  ExportHelperExtension.cs: 1352 - Unfixing component 309
2026-04-16 19:35:28,807 INFO  ExportHelperExtension.cs: 1352 - Unfixing component 490
2026-04-16 19:35:28,807 INFO  ExportHelperExtension.cs: 1352 - Unfixing component 509
2026-04-16 19:35:28,807 INFO  ExportHelperExtension.cs: 1352 - Unfixing component 547
2026-04-16 19:35:28,807 INFO  ExportHelperExtension.cs: 1352 - Unfixing component 564
2026-04-16 19:35:28,807 INFO  ExportHelperExtension.cs: 1352 - Unfixing component 600
2026-04-16 19:35:28,807 INFO  ExportHelperExtension.cs: 1352 - Unfixing component 626
2026-04-16 19:35:28,807 INFO  ExportHelperExtension.cs: 1352 - Unfixing component 630
2026-04-16 19:35:28,807 INFO  ExportHelperExtension.cs: 1352 - Unfixing component 634
2026-04-16 19:35:28,807 INFO  ExportHelperExtension.cs: 1352 - Unfixing component 643
2026-04-16 19:35:28,807 INFO  ExportHelperExtension.cs: 1352 - Unfixing component 638
2026-04-16 19:35:28,807 INFO  ExportHelperExtension.cs: 1352 - Unfixing component 648
2026-04-16 19:35:28,807 INFO  ExportHelperExtension.cs: 1352 - Unfixing component 652
2026-04-16 19:35:28,807 INFO  ExportHelperExtension.cs: 1352 - Unfixing component 657
2026-04-16 19:35:28,807 INFO  ExportHelperExtension.cs: 1352 - Unfixing component 661
2026-04-16 19:35:28,807 INFO  ExportHelperExtension.cs: 1352 - Unfixing component 665
2026-04-16 19:35:28,807 INFO  ExportHelperExtension.cs: 1352 - Unfixing component 670
2026-04-16 19:35:28,807 INFO  ExportHelperExtension.cs: 1352 - Unfixing component 674
2026-04-16 19:35:28,807 INFO  ExportHelperExtension.cs: 1352 - Unfixing component 678
2026-04-16 19:35:28,807 INFO  ExportHelperExtension.cs: 1352 - Unfixing component 689
2026-04-16 19:35:28,807 INFO  ExportHelperExtension.cs: 1352 - Unfixing component 693
2026-04-16 19:35:28,807 INFO  ExportHelperExtension.cs: 1352 - Unfixing component 4567
2026-04-16 19:35:28,807 INFO  ExportHelperExtension.cs: 1352 - Unfixing component 852
2026-04-16 19:35:28,807 INFO  ExportHelperExtension.cs: 1352 - Unfixing component 874
2026-04-16 19:35:28,807 INFO  ExportHelperExtension.cs: 1352 - Unfixing component 622
2026-04-16 19:35:28,807 INFO  ExportHelperExtension.cs: 1352 - Unfixing component 891
2026-04-16 19:35:28,807 INFO  ExportHelperExtension.cs: 1352 - Unfixing component 933
2026-04-16 19:35:28,807 INFO  ExportHelperExtension.cs: 1352 - Unfixing component 940
2026-04-16 19:35:28,807 INFO  ExportHelperExtension.cs: 1352 - Unfixing component 943
2026-04-16 19:35:28,807 INFO  ExportHelperExtension.cs: 1352 - Unfixing component 959
2026-04-16 19:35:28,807 INFO  ExportHelperExtension.cs: 1352 - Unfixing component 1061
2026-04-16 19:35:28,807 INFO  ExportHelperExtension.cs: 1352 - Unfixing component 1062
2026-04-16 19:35:28,807 INFO  ExportHelperExtension.cs: 1352 - Unfixing component 4485
2026-04-16 19:35:28,807 INFO  ExportHelperExtension.cs: 1352 - Unfixing component 981
2026-04-16 19:35:28,807 INFO  ExportHelperExtension.cs: 1352 - Unfixing component 1060
2026-04-16 19:35:28,807 INFO  ExportHelperExtension.cs: 1352 - Unfixing component 993
2026-04-16 19:35:28,826 INFO  ExportHelperExtension.cs: 1352 - Unfixing component 997
2026-04-16 19:35:28,826 INFO  ExportHelperExtension.cs: 1352 - Unfixing component 1019
2026-04-16 19:35:28,826 INFO  ExportHelperExtension.cs: 1352 - Unfixing component 1038
2026-04-16 19:35:28,828 INFO  ExportHelperExtension.cs: 1352 - Unfixing component 4574
2026-04-16 19:35:28,828 INFO  ExportHelperExtension.cs: 1352 - Unfixing component 4607
2026-04-16 19:35:28,828 INFO  ExportHelperExtension.cs: 1352 - Unfixing component 930
2026-04-16 19:35:28,828 INFO  ExportHelperExtension.cs: 1352 - Unfixing component 92
2026-04-16 19:35:28,828 INFO  ExportHelperExtension.cs: 1352 - Unfixing component 931
2026-04-16 19:35:28,828 INFO  ExportHelperExtension.cs: 1352 - Unfixing component 929
2026-04-16 19:35:28,828 INFO  ExportHelperExtension.cs: 1352 - Unfixing component 932
2026-04-16 19:35:28,828 INFO  ExportHelperExtension.cs: 1352 - Unfixing component 864
2026-04-16 19:35:28,828 INFO  ExportHelperExtension.cs: 1352 - Unfixing component 916
2026-04-16 19:35:28,830 INFO  ExportHelperExtension.cs: 1352 - Unfixing component 883
2026-04-16 19:35:28,830 INFO  ExportHelperExtension.cs: 1352 - Unfixing component 92
2026-04-16 19:35:28,830 INFO  ExportHelperExtension.cs: 1352 - Unfixing component 92
2026-04-16 19:35:28,830 INFO  ExportHelperExtension.cs: 1352 - Unfixing component 92
2026-04-16 19:35:28,830 INFO  ExportHelperExtension.cs: 1352 - Unfixing component 31
2026-04-16 19:35:28,830 INFO  ExportHelperExtension.cs: 1352 - Unfixing component 102
2026-04-16 19:35:28,830 INFO  ExportHelperExtension.cs: 1352 - Unfixing component 108
2026-04-16 19:35:28,830 INFO  ExportHelperExtension.cs: 1352 - Unfixing component 24
2026-04-16 19:35:28,830 INFO  ExportHelperExtension.cs: 1352 - Unfixing component 24
2026-04-16 19:35:28,830 INFO  ExportHelperExtension.cs: 1352 - Unfixing component 31
2026-04-16 19:35:28,832 INFO  ExportHelperExtension.cs: 1352 - Unfixing component 108
2026-04-16 19:35:28,832 INFO  ExportHelperExtension.cs: 1352 - Unfixing component 102
2026-04-16 19:35:28,832 INFO  ExportHelperExtension.cs: 1352 - Unfixing component 24
2026-04-16 19:35:28,832 INFO  ExportHelperExtension.cs: 1352 - Unfixing component 24
2026-04-16 19:35:28,832 INFO  ExportHelperExtension.cs: 1352 - Unfixing component 46
2026-04-16 19:35:28,832 INFO  ExportHelperExtension.cs: 1352 - Unfixing component 46
2026-04-16 19:35:28,832 INFO  ExportHelperExtension.cs: 1352 - Unfixing component 31
2026-04-16 19:35:28,832 INFO  ExportHelperExtension.cs: 1352 - Unfixing component 108
2026-04-16 19:35:28,832 INFO  ExportHelperExtension.cs: 1352 - Unfixing component 102
2026-04-16 19:35:28,832 INFO  ExportHelperExtension.cs: 1352 - Unfixing component 24
2026-04-16 19:35:28,834 INFO  ExportHelperExtension.cs: 1352 - Unfixing component 24
2026-04-16 19:35:28,834 INFO  ExportHelperExtension.cs: 1352 - Unfixing component 46
2026-04-16 19:35:28,834 INFO  ExportHelperExtension.cs: 1352 - Unfixing component 31
2026-04-16 19:35:28,834 INFO  ExportHelperExtension.cs: 1352 - Unfixing component 108
2026-04-16 19:35:28,834 INFO  ExportHelperExtension.cs: 1352 - Unfixing component 102
2026-04-16 19:35:28,834 INFO  ExportHelperExtension.cs: 1352 - Unfixing component 24
2026-04-16 19:35:28,834 INFO  ExportHelperExtension.cs: 1352 - Unfixing component 24
2026-04-16 19:35:28,834 INFO  ExportHelperExtension.cs: 1352 - Unfixing component 46
2026-04-16 19:35:28,834 INFO  ExportHelperExtension.cs: 1352 - Unfixing component 354
2026-04-16 19:35:28,834 INFO  ExportHelperExtension.cs: 1352 - Unfixing component 624
2026-04-16 19:35:32,831 WARN  ExportHelperExtension.cs: 351 - Creating joint from parent base_link to child imu failed
2026-04-16 19:35:36,661 INFO  ExportHelperExtension.cs: 1125 - Retrieving features of type [CoordSys] from Full assembly.SLDASM
2026-04-16 19:35:36,661 INFO  ExportHelperExtension.cs: 1136 - Found 487 in Full assembly.SLDASM
2026-04-16 19:35:36,667 INFO  ExportHelperExtension.cs: 1145 - Found 9 features of type [CoordSys] in Full assembly.SLDASM
2026-04-16 19:35:36,667 INFO  ExportHelperExtension.cs: 1148 - Proceeding through assembly components
2026-04-16 19:35:36,667 INFO  ExportHelperExtension.cs: 1160 - 136 components to check
2026-04-16 19:35:36,667 INFO  ExportHelperExtension.cs: 1125 - Retrieving features of type [CoordSys] from BSB 30x30-8 324mm-3
2026-04-16 19:35:36,667 INFO  ExportHelperExtension.cs: 1136 - Found 25 in BSB 30x30-8 324mm-3
2026-04-16 19:35:36,667 INFO  ExportHelperExtension.cs: 1145 - Found 0 features of type [CoordSys] in BSB 30x30-8 324mm-3
2026-04-16 19:35:36,667 INFO  ExportHelperExtension.cs: 1125 - Retrieving features of type [CoordSys] from wheel assembly-4
2026-04-16 19:35:36,667 INFO  ExportHelperExtension.cs: 1136 - Found 82 in wheel assembly-4
2026-04-16 19:35:36,667 INFO  ExportHelperExtension.cs: 1145 - Found 0 features of type [CoordSys] in wheel assembly-4
2026-04-16 19:35:36,667 INFO  ExportHelperExtension.cs: 1125 - Retrieving features of type [CoordSys] from BSB 30x30-8 90mm-1
2026-04-16 19:35:36,667 INFO  ExportHelperExtension.cs: 1136 - Found 25 in BSB 30x30-8 90mm-1
2026-04-16 19:35:36,667 INFO  ExportHelperExtension.cs: 1145 - Found 0 features of type [CoordSys] in BSB 30x30-8 90mm-1
2026-04-16 19:35:36,667 INFO  ExportHelperExtension.cs: 1125 - Retrieving features of type [CoordSys] from wheel assembly-3
2026-04-16 19:35:36,667 INFO  ExportHelperExtension.cs: 1136 - Found 82 in wheel assembly-3
2026-04-16 19:35:36,667 INFO  ExportHelperExtension.cs: 1145 - Found 0 features of type [CoordSys] in wheel assembly-3
2026-04-16 19:35:36,667 INFO  ExportHelperExtension.cs: 1125 - Retrieving features of type [CoordSys] from BSB 30x30-8 684mm-14
2026-04-16 19:35:36,667 INFO  ExportHelperExtension.cs: 1136 - Found 25 in BSB 30x30-8 684mm-14
2026-04-16 19:35:36,667 INFO  ExportHelperExtension.cs: 1145 - Found 0 features of type [CoordSys] in BSB 30x30-8 684mm-14
2026-04-16 19:35:36,667 INFO  ExportHelperExtension.cs: 1125 - Retrieving features of type [CoordSys] from BSB 30x30-8 262mm-3
2026-04-16 19:35:36,667 INFO  ExportHelperExtension.cs: 1136 - Found 25 in BSB 30x30-8 262mm-3
2026-04-16 19:35:36,667 INFO  ExportHelperExtension.cs: 1145 - Found 0 features of type [CoordSys] in BSB 30x30-8 262mm-3
2026-04-16 19:35:36,667 INFO  ExportHelperExtension.cs: 1125 - Retrieving features of type [CoordSys] from BSB 30x30-8 162mm-10
2026-04-16 19:35:36,667 INFO  ExportHelperExtension.cs: 1136 - Found 25 in BSB 30x30-8 162mm-10
2026-04-16 19:35:36,667 INFO  ExportHelperExtension.cs: 1145 - Found 0 features of type [CoordSys] in BSB 30x30-8 162mm-10
2026-04-16 19:35:36,667 INFO  ExportHelperExtension.cs: 1125 - Retrieving features of type [CoordSys] from 90degree angle bracket 30x30-8(M6)-9
2026-04-16 19:35:36,667 INFO  ExportHelperExtension.cs: 1136 - Found 36 in 90degree angle bracket 30x30-8(M6)-9
2026-04-16 19:35:36,667 INFO  ExportHelperExtension.cs: 1145 - Found 0 features of type [CoordSys] in 90degree angle bracket 30x30-8(M6)-9
2026-04-16 19:35:36,667 INFO  ExportHelperExtension.cs: 1125 - Retrieving features of type [CoordSys] from wheel assembly-1
2026-04-16 19:35:36,667 INFO  ExportHelperExtension.cs: 1136 - Found 82 in wheel assembly-1
2026-04-16 19:35:36,667 INFO  ExportHelperExtension.cs: 1145 - Found 0 features of type [CoordSys] in wheel assembly-1
2026-04-16 19:35:36,667 INFO  ExportHelperExtension.cs: 1125 - Retrieving features of type [CoordSys] from BSB 30x30-8 262mm-4
2026-04-16 19:35:36,667 INFO  ExportHelperExtension.cs: 1136 - Found 25 in BSB 30x30-8 262mm-4
2026-04-16 19:35:36,667 INFO  ExportHelperExtension.cs: 1145 - Found 0 features of type [CoordSys] in BSB 30x30-8 262mm-4
2026-04-16 19:35:36,667 INFO  ExportHelperExtension.cs: 1125 - Retrieving features of type [CoordSys] from 90degree angle bracket 30x30-8(M6)-3
2026-04-16 19:35:36,667 INFO  ExportHelperExtension.cs: 1136 - Found 36 in 90degree angle bracket 30x30-8(M6)-3
2026-04-16 19:35:36,677 INFO  ExportHelperExtension.cs: 1145 - Found 0 features of type [CoordSys] in 90degree angle bracket 30x30-8(M6)-3
2026-04-16 19:35:36,677 INFO  ExportHelperExtension.cs: 1125 - Retrieving features of type [CoordSys] from wheel assembly-2
2026-04-16 19:35:36,677 INFO  ExportHelperExtension.cs: 1136 - Found 82 in wheel assembly-2
2026-04-16 19:35:36,677 INFO  ExportHelperExtension.cs: 1145 - Found 0 features of type [CoordSys] in wheel assembly-2
2026-04-16 19:35:36,677 INFO  ExportHelperExtension.cs: 1125 - Retrieving features of type [CoordSys] from 90degree angle bracket 30x30-8(M6)-1
2026-04-16 19:35:36,677 INFO  ExportHelperExtension.cs: 1136 - Found 36 in 90degree angle bracket 30x30-8(M6)-1
2026-04-16 19:35:36,677 INFO  ExportHelperExtension.cs: 1145 - Found 0 features of type [CoordSys] in 90degree angle bracket 30x30-8(M6)-1
2026-04-16 19:35:36,677 INFO  ExportHelperExtension.cs: 1125 - Retrieving features of type [CoordSys] from 90degree angle bracket 30x30-8(M6)-4
2026-04-16 19:35:36,677 INFO  ExportHelperExtension.cs: 1136 - Found 36 in 90degree angle bracket 30x30-8(M6)-4
2026-04-16 19:35:36,677 INFO  ExportHelperExtension.cs: 1145 - Found 0 features of type [CoordSys] in 90degree angle bracket 30x30-8(M6)-4
2026-04-16 19:35:36,677 INFO  ExportHelperExtension.cs: 1125 - Retrieving features of type [CoordSys] from 90degree angle bracket 30x30-8(M6)-5
2026-04-16 19:35:36,677 INFO  ExportHelperExtension.cs: 1136 - Found 36 in 90degree angle bracket 30x30-8(M6)-5
2026-04-16 19:35:36,677 INFO  ExportHelperExtension.cs: 1145 - Found 0 features of type [CoordSys] in 90degree angle bracket 30x30-8(M6)-5
2026-04-16 19:35:36,677 INFO  ExportHelperExtension.cs: 1125 - Retrieving features of type [CoordSys] from 90degree angle bracket 30x30-8(M6)-7
2026-04-16 19:35:36,677 INFO  ExportHelperExtension.cs: 1136 - Found 36 in 90degree angle bracket 30x30-8(M6)-7
2026-04-16 19:35:36,677 INFO  ExportHelperExtension.cs: 1145 - Found 0 features of type [CoordSys] in 90degree angle bracket 30x30-8(M6)-7
2026-04-16 19:35:36,677 INFO  ExportHelperExtension.cs: 1125 - Retrieving features of type [CoordSys] from 90degree angle bracket 30x30-8(M6)-8
2026-04-16 19:35:36,677 INFO  ExportHelperExtension.cs: 1136 - Found 36 in 90degree angle bracket 30x30-8(M6)-8
2026-04-16 19:35:36,677 INFO  ExportHelperExtension.cs: 1145 - Found 0 features of type [CoordSys] in 90degree angle bracket 30x30-8(M6)-8
2026-04-16 19:35:36,677 INFO  ExportHelperExtension.cs: 1125 - Retrieving features of type [CoordSys] from 90degree angle bracket 30x30-8(M6)-2
2026-04-16 19:35:36,677 INFO  ExportHelperExtension.cs: 1136 - Found 36 in 90degree angle bracket 30x30-8(M6)-2
2026-04-16 19:35:36,677 INFO  ExportHelperExtension.cs: 1145 - Found 0 features of type [CoordSys] in 90degree angle bracket 30x30-8(M6)-2
2026-04-16 19:35:36,677 INFO  ExportHelperExtension.cs: 1125 - Retrieving features of type [CoordSys] from 90degree angle bracket 30x30-8(M6)-14
2026-04-16 19:35:36,677 INFO  ExportHelperExtension.cs: 1136 - Found 36 in 90degree angle bracket 30x30-8(M6)-14
2026-04-16 19:35:36,677 INFO  ExportHelperExtension.cs: 1145 - Found 0 features of type [CoordSys] in 90degree angle bracket 30x30-8(M6)-14
2026-04-16 19:35:36,677 INFO  ExportHelperExtension.cs: 1125 - Retrieving features of type [CoordSys] from 90degree angle bracket 30x30-8(M6)-13
2026-04-16 19:35:36,677 INFO  ExportHelperExtension.cs: 1136 - Found 36 in 90degree angle bracket 30x30-8(M6)-13
2026-04-16 19:35:36,677 INFO  ExportHelperExtension.cs: 1145 - Found 0 features of type [CoordSys] in 90degree angle bracket 30x30-8(M6)-13
2026-04-16 19:35:36,677 INFO  ExportHelperExtension.cs: 1125 - Retrieving features of type [CoordSys] from Front cover^Full assembly-1
2026-04-16 19:35:36,677 INFO  ExportHelperExtension.cs: 1136 - Found 66 in Front cover^Full assembly-1
2026-04-16 19:35:36,677 INFO  ExportHelperExtension.cs: 1145 - Found 0 features of type [CoordSys] in Front cover^Full assembly-1
2026-04-16 19:35:36,677 INFO  ExportHelperExtension.cs: 1125 - Retrieving features of type [CoordSys] from HC-SR04-1
2026-04-16 19:35:36,677 INFO  ExportHelperExtension.cs: 1136 - Found 169 in HC-SR04-1
2026-04-16 19:35:36,677 INFO  ExportHelperExtension.cs: 1145 - Found 0 features of type [CoordSys] in HC-SR04-1
2026-04-16 19:35:36,677 INFO  ExportHelperExtension.cs: 1125 - Retrieving features of type [CoordSys] from 90degree angle bracket 30x30-8(M6)-11
2026-04-16 19:35:36,677 INFO  ExportHelperExtension.cs: 1136 - Found 36 in 90degree angle bracket 30x30-8(M6)-11
2026-04-16 19:35:36,677 INFO  ExportHelperExtension.cs: 1145 - Found 0 features of type [CoordSys] in 90degree angle bracket 30x30-8(M6)-11
2026-04-16 19:35:36,677 INFO  ExportHelperExtension.cs: 1125 - Retrieving features of type [CoordSys] from 90degree angle bracket 30x30-8(M6)-15
2026-04-16 19:35:36,677 INFO  ExportHelperExtension.cs: 1136 - Found 36 in 90degree angle bracket 30x30-8(M6)-15
2026-04-16 19:35:36,677 INFO  ExportHelperExtension.cs: 1145 - Found 0 features of type [CoordSys] in 90degree angle bracket 30x30-8(M6)-15
2026-04-16 19:35:36,677 INFO  ExportHelperExtension.cs: 1125 - Retrieving features of type [CoordSys] from 90degree angle bracket 30x30-8(M6)-17
2026-04-16 19:35:36,677 INFO  ExportHelperExtension.cs: 1136 - Found 36 in 90degree angle bracket 30x30-8(M6)-17
2026-04-16 19:35:36,677 INFO  ExportHelperExtension.cs: 1145 - Found 0 features of type [CoordSys] in 90degree angle bracket 30x30-8(M6)-17
2026-04-16 19:35:36,677 INFO  ExportHelperExtension.cs: 1125 - Retrieving features of type [CoordSys] from DCNLM50NBXX.step-1
2026-04-16 19:35:37,107 INFO  ExportHelperExtension.cs: 1136 - Found 36 in DCNLM50NBXX.step-1
2026-04-16 19:35:37,107 INFO  ExportHelperExtension.cs: 1145 - Found 0 features of type [CoordSys] in DCNLM50NBXX.step-1
2026-04-16 19:35:37,107 INFO  ExportHelperExtension.cs: 1125 - Retrieving features of type [CoordSys] from Side^Full assembly-1
2026-04-16 19:35:37,107 INFO  ExportHelperExtension.cs: 1136 - Found 53 in Side^Full assembly-1
2026-04-16 19:35:37,107 INFO  ExportHelperExtension.cs: 1145 - Found 0 features of type [CoordSys] in Side^Full assembly-1
2026-04-16 19:35:37,107 INFO  ExportHelperExtension.cs: 1125 - Retrieving features of type [CoordSys] from 90degree angle bracket 30x30-8(M6)-12
2026-04-16 19:35:37,107 INFO  ExportHelperExtension.cs: 1136 - Found 36 in 90degree angle bracket 30x30-8(M6)-12
2026-04-16 19:35:37,107 INFO  ExportHelperExtension.cs: 1145 - Found 0 features of type [CoordSys] in 90degree angle bracket 30x30-8(M6)-12
2026-04-16 19:35:37,107 INFO  ExportHelperExtension.cs: 1125 - Retrieving features of type [CoordSys] from 90degree angle bracket 30x30-8(M6)-10
2026-04-16 19:35:37,107 INFO  ExportHelperExtension.cs: 1136 - Found 36 in 90degree angle bracket 30x30-8(M6)-10
2026-04-16 19:35:37,107 INFO  ExportHelperExtension.cs: 1145 - Found 0 features of type [CoordSys] in 90degree angle bracket 30x30-8(M6)-10
2026-04-16 19:35:37,107 INFO  ExportHelperExtension.cs: 1125 - Retrieving features of type [CoordSys] from 90degree angle bracket 30x30-8(M6)-16
2026-04-16 19:35:37,107 INFO  ExportHelperExtension.cs: 1136 - Found 36 in 90degree angle bracket 30x30-8(M6)-16
2026-04-16 19:35:37,107 INFO  ExportHelperExtension.cs: 1145 - Found 0 features of type [CoordSys] in 90degree angle bracket 30x30-8(M6)-16
2026-04-16 19:35:37,107 INFO  ExportHelperExtension.cs: 1125 - Retrieving features of type [CoordSys] from D435IF without cover-1
2026-04-16 19:35:37,107 INFO  ExportHelperExtension.cs: 1136 - Found 27 in D435IF without cover-1
2026-04-16 19:35:37,107 INFO  ExportHelperExtension.cs: 1145 - Found 0 features of type [CoordSys] in D435IF without cover-1
2026-04-16 19:35:37,107 INFO  ExportHelperExtension.cs: 1125 - Retrieving features of type [CoordSys] from YDLiDAR T-mini Plus-1
2026-04-16 19:35:37,107 INFO  ExportHelperExtension.cs: 1136 - Found 25 in YDLiDAR T-mini Plus-1
2026-04-16 19:35:37,107 INFO  ExportHelperExtension.cs: 1145 - Found 0 features of type [CoordSys] in YDLiDAR T-mini Plus-1
2026-04-16 19:35:37,107 INFO  ExportHelperExtension.cs: 1125 - Retrieving features of type [CoordSys] from HC-SR04-3
2026-04-16 19:35:37,107 INFO  ExportHelperExtension.cs: 1136 - Found 169 in HC-SR04-3
2026-04-16 19:35:37,107 INFO  ExportHelperExtension.cs: 1145 - Found 0 features of type [CoordSys] in HC-SR04-3
2026-04-16 19:35:37,107 INFO  ExportHelperExtension.cs: 1125 - Retrieving features of type [CoordSys] from Sideplate^Full assembly-1
2026-04-16 19:35:37,120 INFO  ExportHelperExtension.cs: 1136 - Found 27 in Sideplate^Full assembly-1
2026-04-16 19:35:37,120 INFO  ExportHelperExtension.cs: 1145 - Found 0 features of type [CoordSys] in Sideplate^Full assembly-1
2026-04-16 19:35:37,120 INFO  ExportHelperExtension.cs: 1125 - Retrieving features of type [CoordSys] from Topplates^Full assembly-1
2026-04-16 19:35:37,120 INFO  ExportHelperExtension.cs: 1136 - Found 28 in Topplates^Full assembly-1
2026-04-16 19:35:37,120 INFO  ExportHelperExtension.cs: 1145 - Found 0 features of type [CoordSys] in Topplates^Full assembly-1
2026-04-16 19:35:37,120 INFO  ExportHelperExtension.cs: 1125 - Retrieving features of type [CoordSys] from RearCover^Full assembly-2
2026-04-16 19:35:37,120 INFO  ExportHelperExtension.cs: 1136 - Found 66 in RearCover^Full assembly-2
2026-04-16 19:35:37,120 INFO  ExportHelperExtension.cs: 1145 - Found 0 features of type [CoordSys] in RearCover^Full assembly-2
2026-04-16 19:35:37,120 INFO  ExportHelperExtension.cs: 1125 - Retrieving features of type [CoordSys] from 50wr5j cement resistor.step-3
2026-04-16 19:35:37,123 INFO  ExportHelperExtension.cs: 1136 - Found 36 in 50wr5j cement resistor.step-3
2026-04-16 19:35:37,123 INFO  ExportHelperExtension.cs: 1145 - Found 0 features of type [CoordSys] in 50wr5j cement resistor.step-3
2026-04-16 19:35:37,123 INFO  ExportHelperExtension.cs: 1125 - Retrieving features of type [CoordSys] from 50wr5j cement resistor.step-4
2026-04-16 19:35:37,123 INFO  ExportHelperExtension.cs: 1136 - Found 36 in 50wr5j cement resistor.step-4
2026-04-16 19:35:37,123 INFO  ExportHelperExtension.cs: 1145 - Found 0 features of type [CoordSys] in 50wr5j cement resistor.step-4
2026-04-16 19:35:37,123 INFO  ExportHelperExtension.cs: 1125 - Retrieving features of type [CoordSys] from JK-BD6A20S10P (1)-1
2026-04-16 19:35:37,123 INFO  ExportHelperExtension.cs: 1136 - Found 41 in JK-BD6A20S10P (1)-1
2026-04-16 19:35:37,123 INFO  ExportHelperExtension.cs: 1145 - Found 0 features of type [CoordSys] in JK-BD6A20S10P (1)-1
2026-04-16 19:35:37,123 INFO  ExportHelperExtension.cs: 1125 - Retrieving features of type [CoordSys] from D435IF without cover-2
2026-04-16 19:35:37,123 INFO  ExportHelperExtension.cs: 1136 - Found 27 in D435IF without cover-2
2026-04-16 19:35:37,123 INFO  ExportHelperExtension.cs: 1145 - Found 0 features of type [CoordSys] in D435IF without cover-2
2026-04-16 19:35:37,123 INFO  ExportHelperExtension.cs: 1125 - Retrieving features of type [CoordSys] from 20-60v 12v 3a converter-1
2026-04-16 19:35:37,123 INFO  ExportHelperExtension.cs: 1136 - Found 33 in 20-60v 12v 3a converter-1
2026-04-16 19:35:37,123 INFO  ExportHelperExtension.cs: 1145 - Found 0 features of type [CoordSys] in 20-60v 12v 3a converter-1
2026-04-16 19:35:37,123 INFO  ExportHelperExtension.cs: 1125 - Retrieving features of type [CoordSys] from 50wr5j cement resistor.step-1
2026-04-16 19:35:37,123 INFO  ExportHelperExtension.cs: 1136 - Found 36 in 50wr5j cement resistor.step-1
2026-04-16 19:35:37,123 INFO  ExportHelperExtension.cs: 1145 - Found 0 features of type [CoordSys] in 50wr5j cement resistor.step-1
2026-04-16 19:35:37,123 INFO  ExportHelperExtension.cs: 1125 - Retrieving features of type [CoordSys] from Littelfuse-Solenoids-Relays-DCNEV250-Series-3D Model.step-1
2026-04-16 19:35:37,123 INFO  ExportHelperExtension.cs: 1136 - Found 36 in Littelfuse-Solenoids-Relays-DCNEV250-Series-3D Model.step-1
2026-04-16 19:35:37,123 INFO  ExportHelperExtension.cs: 1145 - Found 0 features of type [CoordSys] in Littelfuse-Solenoids-Relays-DCNEV250-Series-3D Model.step-1
2026-04-16 19:35:37,123 INFO  ExportHelperExtension.cs: 1125 - Retrieving features of type [CoordSys] from Jetsonorin-1
2026-04-16 19:35:37,123 INFO  ExportHelperExtension.cs: 1136 - Found 471 in Jetsonorin-1
2026-04-16 19:35:37,123 INFO  ExportHelperExtension.cs: 1145 - Found 0 features of type [CoordSys] in Jetsonorin-1
2026-04-16 19:35:37,123 INFO  ExportHelperExtension.cs: 1125 - Retrieving features of type [CoordSys] from Acer USB Hub-1
2026-04-16 19:35:37,123 INFO  ExportHelperExtension.cs: 1136 - Found 42 in Acer USB Hub-1
2026-04-16 19:35:37,123 INFO  ExportHelperExtension.cs: 1145 - Found 0 features of type [CoordSys] in Acer USB Hub-1
2026-04-16 19:35:37,123 INFO  ExportHelperExtension.cs: 1125 - Retrieving features of type [CoordSys] from ADAFRUIT bno085 IMU-1
2026-04-16 19:35:37,123 INFO  ExportHelperExtension.cs: 1136 - Found 123 in ADAFRUIT bno085 IMU-1
2026-04-16 19:35:37,123 INFO  ExportHelperExtension.cs: 1145 - Found 0 features of type [CoordSys] in ADAFRUIT bno085 IMU-1
2026-04-16 19:35:37,123 INFO  ExportHelperExtension.cs: 1125 - Retrieving features of type [CoordSys] from Part3^Full assembly-1
2026-04-16 19:35:37,123 INFO  ExportHelperExtension.cs: 1136 - Found 57 in Part3^Full assembly-1
2026-04-16 19:35:37,123 INFO  ExportHelperExtension.cs: 1145 - Found 0 features of type [CoordSys] in Part3^Full assembly-1
2026-04-16 19:35:37,123 INFO  ExportHelperExtension.cs: 1125 - Retrieving features of type [CoordSys] from 50wr5j cement resistor.step-2
2026-04-16 19:35:37,123 INFO  ExportHelperExtension.cs: 1136 - Found 36 in 50wr5j cement resistor.step-2
2026-04-16 19:35:37,123 INFO  ExportHelperExtension.cs: 1145 - Found 0 features of type [CoordSys] in 50wr5j cement resistor.step-2
2026-04-16 19:35:37,123 INFO  ExportHelperExtension.cs: 1125 - Retrieving features of type [CoordSys] from Part256^Full assembly-1
2026-04-16 19:35:37,123 INFO  ExportHelperExtension.cs: 1136 - Found 59 in Part256^Full assembly-1
2026-04-16 19:35:37,123 INFO  ExportHelperExtension.cs: 1145 - Found 0 features of type [CoordSys] in Part256^Full assembly-1
2026-04-16 19:35:37,123 INFO  ExportHelperExtension.cs: 1125 - Retrieving features of type [CoordSys] from robosense airy.step-1
2026-04-16 19:35:37,123 INFO  ExportHelperExtension.cs: 1136 - Found 23 in robosense airy.step-1
2026-04-16 19:35:37,123 INFO  ExportHelperExtension.cs: 1145 - Found 0 features of type [CoordSys] in robosense airy.step-1
2026-04-16 19:35:37,123 INFO  ExportHelperExtension.cs: 1125 - Retrieving features of type [CoordSys] from HC-SR04-5
2026-04-16 19:35:37,123 INFO  ExportHelperExtension.cs: 1136 - Found 169 in HC-SR04-5
2026-04-16 19:35:37,123 INFO  ExportHelperExtension.cs: 1145 - Found 0 features of type [CoordSys] in HC-SR04-5
2026-04-16 19:35:37,123 INFO  ExportHelperExtension.cs: 1125 - Retrieving features of type [CoordSys] from front plates v2^Full assembly-1
2026-04-16 19:35:37,123 INFO  ExportHelperExtension.cs: 1136 - Found 79 in front plates v2^Full assembly-1
2026-04-16 19:35:37,123 INFO  ExportHelperExtension.cs: 1145 - Found 0 features of type [CoordSys] in front plates v2^Full assembly-1
2026-04-16 19:35:37,123 INFO  ExportHelperExtension.cs: 1125 - Retrieving features of type [CoordSys] from 80x80x25 9 blade fan.STEP-1
2026-04-16 19:35:37,123 INFO  ExportHelperExtension.cs: 1136 - Found 24 in 80x80x25 9 blade fan.STEP-1
2026-04-16 19:35:37,123 INFO  ExportHelperExtension.cs: 1145 - Found 0 features of type [CoordSys] in 80x80x25 9 blade fan.STEP-1
2026-04-16 19:35:37,123 INFO  ExportHelperExtension.cs: 1125 - Retrieving features of type [CoordSys] from 90degree angle bracket 30x30-8(M6)-58
2026-04-16 19:35:37,123 INFO  ExportHelperExtension.cs: 1136 - Found 36 in 90degree angle bracket 30x30-8(M6)-58
2026-04-16 19:35:37,123 INFO  ExportHelperExtension.cs: 1145 - Found 0 features of type [CoordSys] in 90degree angle bracket 30x30-8(M6)-58
2026-04-16 19:35:37,123 INFO  ExportHelperExtension.cs: 1125 - Retrieving features of type [CoordSys] from 90degree angle bracket 30x30-8(M6)-59
2026-04-16 19:35:37,123 INFO  ExportHelperExtension.cs: 1136 - Found 36 in 90degree angle bracket 30x30-8(M6)-59
2026-04-16 19:35:37,123 INFO  ExportHelperExtension.cs: 1145 - Found 0 features of type [CoordSys] in 90degree angle bracket 30x30-8(M6)-59
2026-04-16 19:35:37,139 INFO  ExportHelperExtension.cs: 1125 - Retrieving features of type [CoordSys] from 90degree angle bracket 30x30-8(M6)-57
2026-04-16 19:35:37,139 INFO  ExportHelperExtension.cs: 1136 - Found 36 in 90degree angle bracket 30x30-8(M6)-57
2026-04-16 19:35:37,139 INFO  ExportHelperExtension.cs: 1145 - Found 0 features of type [CoordSys] in 90degree angle bracket 30x30-8(M6)-57
2026-04-16 19:35:37,139 INFO  ExportHelperExtension.cs: 1125 - Retrieving features of type [CoordSys] from 90degree angle bracket 30x30-8(M6)-63
2026-04-16 19:35:37,139 INFO  ExportHelperExtension.cs: 1136 - Found 36 in 90degree angle bracket 30x30-8(M6)-63
2026-04-16 19:35:37,139 INFO  ExportHelperExtension.cs: 1145 - Found 0 features of type [CoordSys] in 90degree angle bracket 30x30-8(M6)-63
2026-04-16 19:35:37,139 INFO  ExportHelperExtension.cs: 1125 - Retrieving features of type [CoordSys] from YDLiDAR T-mini Plus-3
2026-04-16 19:35:37,139 INFO  ExportHelperExtension.cs: 1136 - Found 25 in YDLiDAR T-mini Plus-3
2026-04-16 19:35:37,139 INFO  ExportHelperExtension.cs: 1145 - Found 0 features of type [CoordSys] in YDLiDAR T-mini Plus-3
2026-04-16 19:35:37,139 INFO  ExportHelperExtension.cs: 1125 - Retrieving features of type [CoordSys] from Sideplate^Full assembly-3
2026-04-16 19:35:37,139 INFO  ExportHelperExtension.cs: 1136 - Found 27 in Sideplate^Full assembly-3
2026-04-16 19:35:37,139 INFO  ExportHelperExtension.cs: 1145 - Found 0 features of type [CoordSys] in Sideplate^Full assembly-3
2026-04-16 19:35:37,139 INFO  ExportHelperExtension.cs: 1125 - Retrieving features of type [CoordSys] from Side^Full assembly-2
2026-04-16 19:35:37,139 INFO  ExportHelperExtension.cs: 1136 - Found 53 in Side^Full assembly-2
2026-04-16 19:35:37,139 INFO  ExportHelperExtension.cs: 1145 - Found 0 features of type [CoordSys] in Side^Full assembly-2
2026-04-16 19:35:37,139 INFO  ExportHelperExtension.cs: 1125 - Retrieving features of type [CoordSys] from Topplates^Full assembly-2
2026-04-16 19:35:37,155 INFO  ExportHelperExtension.cs: 1136 - Found 28 in Topplates^Full assembly-2
2026-04-16 19:35:37,155 INFO  ExportHelperExtension.cs: 1145 - Found 0 features of type [CoordSys] in Topplates^Full assembly-2
2026-04-16 19:35:37,157 INFO  ExportHelperExtension.cs: 1125 - Retrieving features of type [CoordSys] from 90degree angle bracket 30x30-8(M6)-61
2026-04-16 19:35:37,157 INFO  ExportHelperExtension.cs: 1136 - Found 36 in 90degree angle bracket 30x30-8(M6)-61
2026-04-16 19:35:37,157 INFO  ExportHelperExtension.cs: 1145 - Found 0 features of type [CoordSys] in 90degree angle bracket 30x30-8(M6)-61
2026-04-16 19:35:37,157 INFO  ExportHelperExtension.cs: 1125 - Retrieving features of type [CoordSys] from 90degree angle bracket 30x30-8(M6)-62
2026-04-16 19:35:37,157 INFO  ExportHelperExtension.cs: 1136 - Found 36 in 90degree angle bracket 30x30-8(M6)-62
2026-04-16 19:35:37,157 INFO  ExportHelperExtension.cs: 1145 - Found 0 features of type [CoordSys] in 90degree angle bracket 30x30-8(M6)-62
2026-04-16 19:35:37,157 INFO  ExportHelperExtension.cs: 1125 - Retrieving features of type [CoordSys] from 90degree angle bracket 30x30-8(M6)-60
2026-04-16 19:35:37,157 INFO  ExportHelperExtension.cs: 1136 - Found 36 in 90degree angle bracket 30x30-8(M6)-60
2026-04-16 19:35:37,157 INFO  ExportHelperExtension.cs: 1145 - Found 0 features of type [CoordSys] in 90degree angle bracket 30x30-8(M6)-60
2026-04-16 19:35:37,157 INFO  ExportHelperExtension.cs: 1125 - Retrieving features of type [CoordSys] from 90degree angle bracket 30x30-8(M6)-65
2026-04-16 19:35:37,157 INFO  ExportHelperExtension.cs: 1136 - Found 36 in 90degree angle bracket 30x30-8(M6)-65
2026-04-16 19:35:37,157 INFO  ExportHelperExtension.cs: 1145 - Found 0 features of type [CoordSys] in 90degree angle bracket 30x30-8(M6)-65
2026-04-16 19:35:37,157 INFO  ExportHelperExtension.cs: 1125 - Retrieving features of type [CoordSys] from Sideplate^Full assembly-2
2026-04-16 19:35:37,157 INFO  ExportHelperExtension.cs: 1136 - Found 27 in Sideplate^Full assembly-2
2026-04-16 19:35:37,157 INFO  ExportHelperExtension.cs: 1145 - Found 0 features of type [CoordSys] in Sideplate^Full assembly-2
2026-04-16 19:35:37,157 INFO  ExportHelperExtension.cs: 1125 - Retrieving features of type [CoordSys] from MirrorHC-SR04-5
2026-04-16 19:35:37,157 INFO  ExportHelperExtension.cs: 1136 - Found 34 in MirrorHC-SR04-5
2026-04-16 19:35:37,157 INFO  ExportHelperExtension.cs: 1145 - Found 0 features of type [CoordSys] in MirrorHC-SR04-5
2026-04-16 19:35:37,157 INFO  ExportHelperExtension.cs: 1125 - Retrieving features of type [CoordSys] from 90degree angle bracket 30x30-8(M6)-64
2026-04-16 19:35:37,157 INFO  ExportHelperExtension.cs: 1136 - Found 36 in 90degree angle bracket 30x30-8(M6)-64
2026-04-16 19:35:37,157 INFO  ExportHelperExtension.cs: 1145 - Found 0 features of type [CoordSys] in 90degree angle bracket 30x30-8(M6)-64
2026-04-16 19:35:37,157 INFO  ExportHelperExtension.cs: 1125 - Retrieving features of type [CoordSys] from MirrorSideplate^Full assembly-3
2026-04-16 19:35:37,157 INFO  ExportHelperExtension.cs: 1136 - Found 34 in MirrorSideplate^Full assembly-3
2026-04-16 19:35:37,157 INFO  ExportHelperExtension.cs: 1145 - Found 0 features of type [CoordSys] in MirrorSideplate^Full assembly-3
2026-04-16 19:35:37,157 INFO  ExportHelperExtension.cs: 1125 - Retrieving features of type [CoordSys] from HC-SR04-4
2026-04-16 19:35:37,157 INFO  ExportHelperExtension.cs: 1136 - Found 169 in HC-SR04-4
2026-04-16 19:35:37,157 INFO  ExportHelperExtension.cs: 1145 - Found 0 features of type [CoordSys] in HC-SR04-4
2026-04-16 19:35:37,157 INFO  ExportHelperExtension.cs: 1125 - Retrieving features of type [CoordSys] from BSB 30x30-8 162mm-3
2026-04-16 19:35:37,157 INFO  ExportHelperExtension.cs: 1136 - Found 25 in BSB 30x30-8 162mm-3
2026-04-16 19:35:37,157 INFO  ExportHelperExtension.cs: 1145 - Found 0 features of type [CoordSys] in BSB 30x30-8 162mm-3
2026-04-16 19:35:37,157 INFO  ExportHelperExtension.cs: 1125 - Retrieving features of type [CoordSys] from CB3914895EA-50Ah Cell-1
2026-04-16 19:35:37,157 INFO  ExportHelperExtension.cs: 1136 - Found 74 in CB3914895EA-50Ah Cell-1
2026-04-16 19:35:37,157 INFO  ExportHelperExtension.cs: 1145 - Found 0 features of type [CoordSys] in CB3914895EA-50Ah Cell-1
2026-04-16 19:35:37,157 INFO  ExportHelperExtension.cs: 1125 - Retrieving features of type [CoordSys] from BSB 30x30-8 324mm-1
2026-04-16 19:35:37,157 INFO  ExportHelperExtension.cs: 1136 - Found 25 in BSB 30x30-8 324mm-1
2026-04-16 19:35:37,157 INFO  ExportHelperExtension.cs: 1145 - Found 0 features of type [CoordSys] in BSB 30x30-8 324mm-1
2026-04-16 19:35:37,157 INFO  ExportHelperExtension.cs: 1125 - Retrieving features of type [CoordSys] from BSB 30x30-8 324mm-2
2026-04-16 19:35:37,157 INFO  ExportHelperExtension.cs: 1136 - Found 25 in BSB 30x30-8 324mm-2
2026-04-16 19:35:37,157 INFO  ExportHelperExtension.cs: 1145 - Found 0 features of type [CoordSys] in BSB 30x30-8 324mm-2
2026-04-16 19:35:37,157 INFO  ExportHelperExtension.cs: 1125 - Retrieving features of type [CoordSys] from BSB 30x30-8 262mm-2
2026-04-16 19:35:37,157 INFO  ExportHelperExtension.cs: 1136 - Found 25 in BSB 30x30-8 262mm-2
2026-04-16 19:35:37,157 INFO  ExportHelperExtension.cs: 1145 - Found 0 features of type [CoordSys] in BSB 30x30-8 262mm-2
2026-04-16 19:35:37,157 INFO  ExportHelperExtension.cs: 1125 - Retrieving features of type [CoordSys] from BSB 30x30-8 262mm-1
2026-04-16 19:35:37,157 INFO  ExportHelperExtension.cs: 1136 - Found 25 in BSB 30x30-8 262mm-1
2026-04-16 19:35:37,157 INFO  ExportHelperExtension.cs: 1145 - Found 0 features of type [CoordSys] in BSB 30x30-8 262mm-1
2026-04-16 19:35:37,157 INFO  ExportHelperExtension.cs: 1125 - Retrieving features of type [CoordSys] from BSB 30x30-8 444mm-4
2026-04-16 19:35:37,157 INFO  ExportHelperExtension.cs: 1136 - Found 25 in BSB 30x30-8 444mm-4
2026-04-16 19:35:37,157 INFO  ExportHelperExtension.cs: 1145 - Found 0 features of type [CoordSys] in BSB 30x30-8 444mm-4
2026-04-16 19:35:37,157 INFO  ExportHelperExtension.cs: 1125 - Retrieving features of type [CoordSys] from BSB 30x30-8 444mm-7
2026-04-16 19:35:37,157 INFO  ExportHelperExtension.cs: 1136 - Found 25 in BSB 30x30-8 444mm-7
2026-04-16 19:35:37,157 INFO  ExportHelperExtension.cs: 1145 - Found 0 features of type [CoordSys] in BSB 30x30-8 444mm-7
2026-04-16 19:35:37,157 INFO  ExportHelperExtension.cs: 1125 - Retrieving features of type [CoordSys] from BSB 30x30-8 162mm-1
2026-04-16 19:35:37,171 INFO  ExportHelperExtension.cs: 1136 - Found 25 in BSB 30x30-8 162mm-1
2026-04-16 19:35:37,171 INFO  ExportHelperExtension.cs: 1145 - Found 0 features of type [CoordSys] in BSB 30x30-8 162mm-1
2026-04-16 19:35:37,171 INFO  ExportHelperExtension.cs: 1125 - Retrieving features of type [CoordSys] from BSB 30x30-8 322mm (tapped ends)-1
2026-04-16 19:35:37,171 INFO  ExportHelperExtension.cs: 1136 - Found 25 in BSB 30x30-8 322mm (tapped ends)-1
2026-04-16 19:35:37,171 INFO  ExportHelperExtension.cs: 1145 - Found 0 features of type [CoordSys] in BSB 30x30-8 322mm (tapped ends)-1
2026-04-16 19:35:37,171 INFO  ExportHelperExtension.cs: 1125 - Retrieving features of type [CoordSys] from BSB 30x30-8 162mm-4
2026-04-16 19:35:37,171 INFO  ExportHelperExtension.cs: 1136 - Found 25 in BSB 30x30-8 162mm-4
2026-04-16 19:35:37,171 INFO  ExportHelperExtension.cs: 1145 - Found 0 features of type [CoordSys] in BSB 30x30-8 162mm-4
2026-04-16 19:35:37,171 INFO  ExportHelperExtension.cs: 1125 - Retrieving features of type [CoordSys] from BSB 30x30-8 162mm-7
2026-04-16 19:35:37,171 INFO  ExportHelperExtension.cs: 1136 - Found 25 in BSB 30x30-8 162mm-7
2026-04-16 19:35:37,171 INFO  ExportHelperExtension.cs: 1145 - Found 0 features of type [CoordSys] in BSB 30x30-8 162mm-7
2026-04-16 19:35:37,171 INFO  ExportHelperExtension.cs: 1125 - Retrieving features of type [CoordSys] from BSB 30x30-8 90mm-4
2026-04-16 19:35:37,171 INFO  ExportHelperExtension.cs: 1136 - Found 25 in BSB 30x30-8 90mm-4
2026-04-16 19:35:37,171 INFO  ExportHelperExtension.cs: 1145 - Found 0 features of type [CoordSys] in BSB 30x30-8 90mm-4
2026-04-16 19:35:37,171 INFO  ExportHelperExtension.cs: 1125 - Retrieving features of type [CoordSys] from BSB 30x30-8 162mm-14
2026-04-16 19:35:37,171 INFO  ExportHelperExtension.cs: 1136 - Found 25 in BSB 30x30-8 162mm-14
2026-04-16 19:35:37,171 INFO  ExportHelperExtension.cs: 1145 - Found 0 features of type [CoordSys] in BSB 30x30-8 162mm-14
2026-04-16 19:35:37,171 INFO  ExportHelperExtension.cs: 1125 - Retrieving features of type [CoordSys] from BSB 30x30-8 90mm-2
2026-04-16 19:35:37,171 INFO  ExportHelperExtension.cs: 1136 - Found 25 in BSB 30x30-8 90mm-2
2026-04-16 19:35:37,171 INFO  ExportHelperExtension.cs: 1145 - Found 0 features of type [CoordSys] in BSB 30x30-8 90mm-2
2026-04-16 19:35:37,171 INFO  ExportHelperExtension.cs: 1125 - Retrieving features of type [CoordSys] from BSB 30x30-8 90mm-3
2026-04-16 19:35:37,171 INFO  ExportHelperExtension.cs: 1136 - Found 25 in BSB 30x30-8 90mm-3
2026-04-16 19:35:37,171 INFO  ExportHelperExtension.cs: 1145 - Found 0 features of type [CoordSys] in BSB 30x30-8 90mm-3
2026-04-16 19:35:37,171 INFO  ExportHelperExtension.cs: 1125 - Retrieving features of type [CoordSys] from BSB 30x30-8 162mm-5
2026-04-16 19:35:37,171 INFO  ExportHelperExtension.cs: 1136 - Found 25 in BSB 30x30-8 162mm-5
2026-04-16 19:35:37,171 INFO  ExportHelperExtension.cs: 1145 - Found 0 features of type [CoordSys] in BSB 30x30-8 162mm-5
2026-04-16 19:35:37,171 INFO  ExportHelperExtension.cs: 1125 - Retrieving features of type [CoordSys] from BSB 30x30-8 322mm (tapped ends)-2
2026-04-16 19:35:37,171 INFO  ExportHelperExtension.cs: 1136 - Found 25 in BSB 30x30-8 322mm (tapped ends)-2
2026-04-16 19:35:37,171 INFO  ExportHelperExtension.cs: 1145 - Found 0 features of type [CoordSys] in BSB 30x30-8 322mm (tapped ends)-2
2026-04-16 19:35:37,171 INFO  ExportHelperExtension.cs: 1125 - Retrieving features of type [CoordSys] from BSB 30x30-8 162mm-6
2026-04-16 19:35:37,171 INFO  ExportHelperExtension.cs: 1136 - Found 25 in BSB 30x30-8 162mm-6
2026-04-16 19:35:37,171 INFO  ExportHelperExtension.cs: 1145 - Found 0 features of type [CoordSys] in BSB 30x30-8 162mm-6
2026-04-16 19:35:37,171 INFO  ExportHelperExtension.cs: 1125 - Retrieving features of type [CoordSys] from BSB 30x30-8 162mm-8
2026-04-16 19:35:37,171 INFO  ExportHelperExtension.cs: 1136 - Found 25 in BSB 30x30-8 162mm-8
2026-04-16 19:35:37,171 INFO  ExportHelperExtension.cs: 1145 - Found 0 features of type [CoordSys] in BSB 30x30-8 162mm-8
2026-04-16 19:35:37,171 INFO  ExportHelperExtension.cs: 1125 - Retrieving features of type [CoordSys] from BSB 30x30-8 162mm-9
2026-04-16 19:35:37,171 INFO  ExportHelperExtension.cs: 1136 - Found 25 in BSB 30x30-8 162mm-9
2026-04-16 19:35:37,171 INFO  ExportHelperExtension.cs: 1145 - Found 0 features of type [CoordSys] in BSB 30x30-8 162mm-9
2026-04-16 19:35:37,171 INFO  ExportHelperExtension.cs: 1125 - Retrieving features of type [CoordSys] from 90degree angle bracket 30x30-8(M6)-18
2026-04-16 19:35:37,171 INFO  ExportHelperExtension.cs: 1136 - Found 36 in 90degree angle bracket 30x30-8(M6)-18
2026-04-16 19:35:37,171 INFO  ExportHelperExtension.cs: 1145 - Found 0 features of type [CoordSys] in 90degree angle bracket 30x30-8(M6)-18
2026-04-16 19:35:37,171 INFO  ExportHelperExtension.cs: 1125 - Retrieving features of type [CoordSys] from 90degree angle bracket 30x30-8(M6)-19
2026-04-16 19:35:37,171 INFO  ExportHelperExtension.cs: 1136 - Found 36 in 90degree angle bracket 30x30-8(M6)-19
2026-04-16 19:35:37,171 INFO  ExportHelperExtension.cs: 1145 - Found 0 features of type [CoordSys] in 90degree angle bracket 30x30-8(M6)-19
2026-04-16 19:35:37,171 INFO  ExportHelperExtension.cs: 1125 - Retrieving features of type [CoordSys] from 90degree angle bracket 30x30-8(M6)-22
2026-04-16 19:35:37,171 INFO  ExportHelperExtension.cs: 1136 - Found 36 in 90degree angle bracket 30x30-8(M6)-22
2026-04-16 19:35:37,171 INFO  ExportHelperExtension.cs: 1145 - Found 0 features of type [CoordSys] in 90degree angle bracket 30x30-8(M6)-22
2026-04-16 19:35:37,171 INFO  ExportHelperExtension.cs: 1125 - Retrieving features of type [CoordSys] from 90degree angle bracket 30x30-8(M6)-24
2026-04-16 19:35:37,171 INFO  ExportHelperExtension.cs: 1136 - Found 36 in 90degree angle bracket 30x30-8(M6)-24
2026-04-16 19:35:37,171 INFO  ExportHelperExtension.cs: 1145 - Found 0 features of type [CoordSys] in 90degree angle bracket 30x30-8(M6)-24
2026-04-16 19:35:37,171 INFO  ExportHelperExtension.cs: 1125 - Retrieving features of type [CoordSys] from BSB 30x30-8 262mm-5
2026-04-16 19:35:37,171 INFO  ExportHelperExtension.cs: 1136 - Found 25 in BSB 30x30-8 262mm-5
2026-04-16 19:35:37,171 INFO  ExportHelperExtension.cs: 1145 - Found 0 features of type [CoordSys] in BSB 30x30-8 262mm-5
2026-04-16 19:35:37,171 INFO  ExportHelperExtension.cs: 1125 - Retrieving features of type [CoordSys] from 90degree angle bracket 30x30-8(M6)-27
2026-04-16 19:35:37,171 INFO  ExportHelperExtension.cs: 1136 - Found 36 in 90degree angle bracket 30x30-8(M6)-27
2026-04-16 19:35:37,171 INFO  ExportHelperExtension.cs: 1145 - Found 0 features of type [CoordSys] in 90degree angle bracket 30x30-8(M6)-27
2026-04-16 19:35:37,171 INFO  ExportHelperExtension.cs: 1125 - Retrieving features of type [CoordSys] from BSB 30x30-8 162mm-15
2026-04-16 19:35:37,171 INFO  ExportHelperExtension.cs: 1136 - Found 25 in BSB 30x30-8 162mm-15
2026-04-16 19:35:37,171 INFO  ExportHelperExtension.cs: 1145 - Found 0 features of type [CoordSys] in BSB 30x30-8 162mm-15
2026-04-16 19:35:37,187 INFO  ExportHelperExtension.cs: 1125 - Retrieving features of type [CoordSys] from BSB 30x30-8 684mm-15
2026-04-16 19:35:37,197 INFO  ExportHelperExtension.cs: 1136 - Found 25 in BSB 30x30-8 684mm-15
2026-04-16 19:35:37,197 INFO  ExportHelperExtension.cs: 1145 - Found 0 features of type [CoordSys] in BSB 30x30-8 684mm-15
2026-04-16 19:35:37,197 INFO  ExportHelperExtension.cs: 1125 - Retrieving features of type [CoordSys] from BSB 30x30-8 162mm-16
2026-04-16 19:35:37,197 INFO  ExportHelperExtension.cs: 1136 - Found 25 in BSB 30x30-8 162mm-16
2026-04-16 19:35:37,197 INFO  ExportHelperExtension.cs: 1145 - Found 0 features of type [CoordSys] in BSB 30x30-8 162mm-16
2026-04-16 19:35:37,197 INFO  ExportHelperExtension.cs: 1125 - Retrieving features of type [CoordSys] from BSB 30x30-8 262mm-6
2026-04-16 19:35:37,218 INFO  ExportHelperExtension.cs: 1136 - Found 25 in BSB 30x30-8 262mm-6
2026-04-16 19:35:37,218 INFO  ExportHelperExtension.cs: 1145 - Found 0 features of type [CoordSys] in BSB 30x30-8 262mm-6
2026-04-16 19:35:37,218 INFO  ExportHelperExtension.cs: 1125 - Retrieving features of type [CoordSys] from BSB 30x30-8 324mm-4
2026-04-16 19:35:37,218 INFO  ExportHelperExtension.cs: 1136 - Found 25 in BSB 30x30-8 324mm-4
2026-04-16 19:35:37,218 INFO  ExportHelperExtension.cs: 1145 - Found 0 features of type [CoordSys] in BSB 30x30-8 324mm-4
2026-04-16 19:35:37,218 INFO  ExportHelperExtension.cs: 1125 - Retrieving features of type [CoordSys] from 90degree angle bracket 30x30-8(M6)-20
2026-04-16 19:35:37,218 INFO  ExportHelperExtension.cs: 1136 - Found 36 in 90degree angle bracket 30x30-8(M6)-20
2026-04-16 19:35:37,218 INFO  ExportHelperExtension.cs: 1145 - Found 0 features of type [CoordSys] in 90degree angle bracket 30x30-8(M6)-20
2026-04-16 19:35:37,218 INFO  ExportHelperExtension.cs: 1125 - Retrieving features of type [CoordSys] from 90degree angle bracket 30x30-8(M6)-21
2026-04-16 19:35:37,218 INFO  ExportHelperExtension.cs: 1136 - Found 36 in 90degree angle bracket 30x30-8(M6)-21
2026-04-16 19:35:37,218 INFO  ExportHelperExtension.cs: 1145 - Found 0 features of type [CoordSys] in 90degree angle bracket 30x30-8(M6)-21
2026-04-16 19:35:37,218 INFO  ExportHelperExtension.cs: 1125 - Retrieving features of type [CoordSys] from 90degree angle bracket 30x30-8(M6)-23
2026-04-16 19:35:37,218 INFO  ExportHelperExtension.cs: 1136 - Found 36 in 90degree angle bracket 30x30-8(M6)-23
2026-04-16 19:35:37,218 INFO  ExportHelperExtension.cs: 1145 - Found 0 features of type [CoordSys] in 90degree angle bracket 30x30-8(M6)-23
2026-04-16 19:35:37,218 INFO  ExportHelperExtension.cs: 1125 - Retrieving features of type [CoordSys] from 90degree angle bracket 30x30-8(M6)-25
2026-04-16 19:35:37,218 INFO  ExportHelperExtension.cs: 1136 - Found 36 in 90degree angle bracket 30x30-8(M6)-25
2026-04-16 19:35:37,218 INFO  ExportHelperExtension.cs: 1145 - Found 0 features of type [CoordSys] in 90degree angle bracket 30x30-8(M6)-25
2026-04-16 19:35:37,218 INFO  ExportHelperExtension.cs: 1125 - Retrieving features of type [CoordSys] from 90degree angle bracket 30x30-8(M6)-26
2026-04-16 19:35:37,218 INFO  ExportHelperExtension.cs: 1136 - Found 36 in 90degree angle bracket 30x30-8(M6)-26
2026-04-16 19:35:37,218 INFO  ExportHelperExtension.cs: 1145 - Found 0 features of type [CoordSys] in 90degree angle bracket 30x30-8(M6)-26
2026-04-16 19:35:37,218 INFO  ExportHelperExtension.cs: 1125 - Retrieving features of type [CoordSys] from 90degree angle bracket 30x30-8(M6)-30
2026-04-16 19:35:37,218 INFO  ExportHelperExtension.cs: 1136 - Found 36 in 90degree angle bracket 30x30-8(M6)-30
2026-04-16 19:35:37,218 INFO  ExportHelperExtension.cs: 1145 - Found 0 features of type [CoordSys] in 90degree angle bracket 30x30-8(M6)-30
2026-04-16 19:35:37,218 INFO  ExportHelperExtension.cs: 1125 - Retrieving features of type [CoordSys] from 90degree angle bracket 30x30-8(M6)-31
2026-04-16 19:35:37,218 INFO  ExportHelperExtension.cs: 1136 - Found 36 in 90degree angle bracket 30x30-8(M6)-31
2026-04-16 19:35:37,218 INFO  ExportHelperExtension.cs: 1145 - Found 0 features of type [CoordSys] in 90degree angle bracket 30x30-8(M6)-31
2026-04-16 19:35:37,218 INFO  ExportHelperExtension.cs: 1125 - Retrieving features of type [CoordSys] from 90degree angle bracket 30x30-8(M6)-29
2026-04-16 19:35:37,218 INFO  ExportHelperExtension.cs: 1136 - Found 36 in 90degree angle bracket 30x30-8(M6)-29
2026-04-16 19:35:37,218 INFO  ExportHelperExtension.cs: 1145 - Found 0 features of type [CoordSys] in 90degree angle bracket 30x30-8(M6)-29
2026-04-16 19:35:37,218 INFO  ExportHelperExtension.cs: 1125 - Retrieving features of type [CoordSys] from 90degree angle bracket 30x30-8(M6)-28
2026-04-16 19:35:37,218 INFO  ExportHelperExtension.cs: 1136 - Found 36 in 90degree angle bracket 30x30-8(M6)-28
2026-04-16 19:35:37,218 INFO  ExportHelperExtension.cs: 1145 - Found 0 features of type [CoordSys] in 90degree angle bracket 30x30-8(M6)-28
2026-04-16 19:35:37,218 INFO  ExportHelperExtension.cs: 1125 - Retrieving features of type [CoordSys] from 90degree angle bracket 30x30-8(M6)-32
2026-04-16 19:35:37,218 INFO  ExportHelperExtension.cs: 1136 - Found 36 in 90degree angle bracket 30x30-8(M6)-32
2026-04-16 19:35:37,218 INFO  ExportHelperExtension.cs: 1145 - Found 0 features of type [CoordSys] in 90degree angle bracket 30x30-8(M6)-32
2026-04-16 19:35:37,218 INFO  ExportHelperExtension.cs: 1125 - Retrieving features of type [CoordSys] from 90degree angle bracket 30x30-8(M6)-40
2026-04-16 19:35:37,218 INFO  ExportHelperExtension.cs: 1136 - Found 36 in 90degree angle bracket 30x30-8(M6)-40
2026-04-16 19:35:37,218 INFO  ExportHelperExtension.cs: 1145 - Found 0 features of type [CoordSys] in 90degree angle bracket 30x30-8(M6)-40
2026-04-16 19:35:37,218 INFO  ExportHelperExtension.cs: 1125 - Retrieving features of type [CoordSys] from 90degree angle bracket 30x30-8(M6)-44
2026-04-16 19:35:37,218 INFO  ExportHelperExtension.cs: 1136 - Found 36 in 90degree angle bracket 30x30-8(M6)-44
2026-04-16 19:35:37,228 INFO  ExportHelperExtension.cs: 1145 - Found 0 features of type [CoordSys] in 90degree angle bracket 30x30-8(M6)-44
2026-04-16 19:35:37,228 INFO  ExportHelperExtension.cs: 1125 - Retrieving features of type [CoordSys] from 90degree angle bracket 30x30-8(M6)-42
2026-04-16 19:35:37,228 INFO  ExportHelperExtension.cs: 1136 - Found 36 in 90degree angle bracket 30x30-8(M6)-42
2026-04-16 19:35:37,228 INFO  ExportHelperExtension.cs: 1145 - Found 0 features of type [CoordSys] in 90degree angle bracket 30x30-8(M6)-42
2026-04-16 19:35:37,228 INFO  ExportHelperExtension.cs: 1125 - Retrieving features of type [CoordSys] from 90degree angle bracket 30x30-8(M6)-39
2026-04-16 19:35:37,228 INFO  ExportHelperExtension.cs: 1136 - Found 36 in 90degree angle bracket 30x30-8(M6)-39
2026-04-16 19:35:37,228 INFO  ExportHelperExtension.cs: 1145 - Found 0 features of type [CoordSys] in 90degree angle bracket 30x30-8(M6)-39
2026-04-16 19:35:37,228 INFO  ExportHelperExtension.cs: 1125 - Retrieving features of type [CoordSys] from 90degree angle bracket 30x30-8(M6)-41
2026-04-16 19:35:37,228 INFO  ExportHelperExtension.cs: 1136 - Found 36 in 90degree angle bracket 30x30-8(M6)-41
2026-04-16 19:35:37,228 INFO  ExportHelperExtension.cs: 1145 - Found 0 features of type [CoordSys] in 90degree angle bracket 30x30-8(M6)-41
2026-04-16 19:35:37,228 INFO  ExportHelperExtension.cs: 1125 - Retrieving features of type [CoordSys] from 90degree angle bracket 30x30-8(M6)-38
2026-04-16 19:35:37,228 INFO  ExportHelperExtension.cs: 1136 - Found 36 in 90degree angle bracket 30x30-8(M6)-38
2026-04-16 19:35:37,228 INFO  ExportHelperExtension.cs: 1145 - Found 0 features of type [CoordSys] in 90degree angle bracket 30x30-8(M6)-38
2026-04-16 19:35:37,228 INFO  ExportHelperExtension.cs: 1125 - Retrieving features of type [CoordSys] from 90degree angle bracket 30x30-8(M6)-35
2026-04-16 19:35:37,228 INFO  ExportHelperExtension.cs: 1136 - Found 36 in 90degree angle bracket 30x30-8(M6)-35
2026-04-16 19:35:37,228 INFO  ExportHelperExtension.cs: 1145 - Found 0 features of type [CoordSys] in 90degree angle bracket 30x30-8(M6)-35
2026-04-16 19:35:37,228 INFO  ExportHelperExtension.cs: 1125 - Retrieving features of type [CoordSys] from 90degree angle bracket 30x30-8(M6)-33
2026-04-16 19:35:37,228 INFO  ExportHelperExtension.cs: 1136 - Found 36 in 90degree angle bracket 30x30-8(M6)-33
2026-04-16 19:35:37,228 INFO  ExportHelperExtension.cs: 1145 - Found 0 features of type [CoordSys] in 90degree angle bracket 30x30-8(M6)-33
2026-04-16 19:35:37,228 INFO  ExportHelperExtension.cs: 1125 - Retrieving features of type [CoordSys] from 90degree angle bracket 30x30-8(M6)-34
2026-04-16 19:35:37,228 INFO  ExportHelperExtension.cs: 1136 - Found 36 in 90degree angle bracket 30x30-8(M6)-34
2026-04-16 19:35:37,228 INFO  ExportHelperExtension.cs: 1145 - Found 0 features of type [CoordSys] in 90degree angle bracket 30x30-8(M6)-34
2026-04-16 19:35:37,228 INFO  ExportHelperExtension.cs: 1125 - Retrieving features of type [CoordSys] from 90degree angle bracket 30x30-8(M6)-36
2026-04-16 19:35:37,228 INFO  ExportHelperExtension.cs: 1136 - Found 36 in 90degree angle bracket 30x30-8(M6)-36
2026-04-16 19:35:37,228 INFO  ExportHelperExtension.cs: 1145 - Found 0 features of type [CoordSys] in 90degree angle bracket 30x30-8(M6)-36
2026-04-16 19:35:37,228 INFO  ExportHelperExtension.cs: 1125 - Retrieving features of type [CoordSys] from 90degree angle bracket 30x30-8(M6)-37
2026-04-16 19:35:37,228 INFO  ExportHelperExtension.cs: 1136 - Found 36 in 90degree angle bracket 30x30-8(M6)-37
2026-04-16 19:35:37,228 INFO  ExportHelperExtension.cs: 1145 - Found 0 features of type [CoordSys] in 90degree angle bracket 30x30-8(M6)-37
2026-04-16 19:35:37,228 INFO  ExportHelperExtension.cs: 1125 - Retrieving features of type [CoordSys] from 90degree angle bracket 30x30-8(M6)-43
2026-04-16 19:35:37,228 INFO  ExportHelperExtension.cs: 1136 - Found 36 in 90degree angle bracket 30x30-8(M6)-43
2026-04-16 19:35:37,228 INFO  ExportHelperExtension.cs: 1145 - Found 0 features of type [CoordSys] in 90degree angle bracket 30x30-8(M6)-43
2026-04-16 19:35:37,228 INFO  ExportHelperExtension.cs: 1125 - Retrieving features of type [CoordSys] from 90degree angle bracket 30x30-8(M6)-55
2026-04-16 19:35:37,228 INFO  ExportHelperExtension.cs: 1136 - Found 36 in 90degree angle bracket 30x30-8(M6)-55
2026-04-16 19:35:37,228 INFO  ExportHelperExtension.cs: 1145 - Found 0 features of type [CoordSys] in 90degree angle bracket 30x30-8(M6)-55
2026-04-16 19:35:37,228 INFO  ExportHelperExtension.cs: 1125 - Retrieving features of type [CoordSys] from 90degree angle bracket 30x30-8(M6)-48
2026-04-16 19:35:37,228 INFO  ExportHelperExtension.cs: 1136 - Found 36 in 90degree angle bracket 30x30-8(M6)-48
2026-04-16 19:35:37,228 INFO  ExportHelperExtension.cs: 1145 - Found 0 features of type [CoordSys] in 90degree angle bracket 30x30-8(M6)-48
2026-04-16 19:35:37,228 INFO  ExportHelperExtension.cs: 1125 - Retrieving features of type [CoordSys] from 90degree angle bracket 30x30-8(M6)-51
2026-04-16 19:35:37,228 INFO  ExportHelperExtension.cs: 1136 - Found 36 in 90degree angle bracket 30x30-8(M6)-51
2026-04-16 19:35:37,228 INFO  ExportHelperExtension.cs: 1145 - Found 0 features of type [CoordSys] in 90degree angle bracket 30x30-8(M6)-51
2026-04-16 19:35:37,228 INFO  ExportHelperExtension.cs: 1125 - Retrieving features of type [CoordSys] from 90degree angle bracket 30x30-8(M6)-45
2026-04-16 19:35:37,228 INFO  ExportHelperExtension.cs: 1136 - Found 36 in 90degree angle bracket 30x30-8(M6)-45
2026-04-16 19:35:37,238 INFO  ExportHelperExtension.cs: 1145 - Found 0 features of type [CoordSys] in 90degree angle bracket 30x30-8(M6)-45
2026-04-16 19:35:37,238 INFO  ExportHelperExtension.cs: 1125 - Retrieving features of type [CoordSys] from 90degree angle bracket 30x30-8(M6)-50
2026-04-16 19:35:37,238 INFO  ExportHelperExtension.cs: 1136 - Found 36 in 90degree angle bracket 30x30-8(M6)-50
2026-04-16 19:35:37,238 INFO  ExportHelperExtension.cs: 1145 - Found 0 features of type [CoordSys] in 90degree angle bracket 30x30-8(M6)-50
2026-04-16 19:35:37,238 INFO  ExportHelperExtension.cs: 1125 - Retrieving features of type [CoordSys] from 90degree angle bracket 30x30-8(M6)-46
2026-04-16 19:35:37,238 INFO  ExportHelperExtension.cs: 1136 - Found 36 in 90degree angle bracket 30x30-8(M6)-46
2026-04-16 19:35:37,238 INFO  ExportHelperExtension.cs: 1145 - Found 0 features of type [CoordSys] in 90degree angle bracket 30x30-8(M6)-46
2026-04-16 19:35:37,238 INFO  ExportHelperExtension.cs: 1125 - Retrieving features of type [CoordSys] from 90degree angle bracket 30x30-8(M6)-52
2026-04-16 19:35:37,238 INFO  ExportHelperExtension.cs: 1136 - Found 36 in 90degree angle bracket 30x30-8(M6)-52
2026-04-16 19:35:37,238 INFO  ExportHelperExtension.cs: 1145 - Found 0 features of type [CoordSys] in 90degree angle bracket 30x30-8(M6)-52
2026-04-16 19:35:37,238 INFO  ExportHelperExtension.cs: 1125 - Retrieving features of type [CoordSys] from 90degree angle bracket 30x30-8(M6)-47
2026-04-16 19:35:37,238 INFO  ExportHelperExtension.cs: 1136 - Found 36 in 90degree angle bracket 30x30-8(M6)-47
2026-04-16 19:35:37,238 INFO  ExportHelperExtension.cs: 1145 - Found 0 features of type [CoordSys] in 90degree angle bracket 30x30-8(M6)-47
2026-04-16 19:35:37,238 INFO  ExportHelperExtension.cs: 1125 - Retrieving features of type [CoordSys] from 90degree angle bracket 30x30-8(M6)-49
2026-04-16 19:35:37,238 INFO  ExportHelperExtension.cs: 1136 - Found 36 in 90degree angle bracket 30x30-8(M6)-49
2026-04-16 19:35:37,238 INFO  ExportHelperExtension.cs: 1145 - Found 0 features of type [CoordSys] in 90degree angle bracket 30x30-8(M6)-49
2026-04-16 19:35:37,238 INFO  ExportHelperExtension.cs: 1125 - Retrieving features of type [CoordSys] from 90degree angle bracket 30x30-8(M6)-53
2026-04-16 19:35:37,238 INFO  ExportHelperExtension.cs: 1136 - Found 36 in 90degree angle bracket 30x30-8(M6)-53
2026-04-16 19:35:37,238 INFO  ExportHelperExtension.cs: 1145 - Found 0 features of type [CoordSys] in 90degree angle bracket 30x30-8(M6)-53
2026-04-16 19:35:37,238 INFO  ExportHelperExtension.cs: 1125 - Retrieving features of type [CoordSys] from 90degree angle bracket 30x30-8(M6)-54
2026-04-16 19:35:37,238 INFO  ExportHelperExtension.cs: 1136 - Found 36 in 90degree angle bracket 30x30-8(M6)-54
2026-04-16 19:35:37,238 INFO  ExportHelperExtension.cs: 1145 - Found 0 features of type [CoordSys] in 90degree angle bracket 30x30-8(M6)-54
2026-04-16 19:35:37,238 INFO  ExportHelperExtension.cs: 1125 - Retrieving features of type [CoordSys] from 90degree angle bracket 30x30-8(M6)-56
2026-04-16 19:35:37,238 INFO  ExportHelperExtension.cs: 1136 - Found 36 in 90degree angle bracket 30x30-8(M6)-56
2026-04-16 19:35:37,248 INFO  ExportHelperExtension.cs: 1145 - Found 0 features of type [CoordSys] in 90degree angle bracket 30x30-8(M6)-56
2026-04-16 19:35:37,248 INFO  ExportHelperExtension.cs: 1125 - Retrieving features of type [RefAxis] from Full assembly.SLDASM
2026-04-16 19:35:37,248 INFO  ExportHelperExtension.cs: 1136 - Found 487 in Full assembly.SLDASM
2026-04-16 19:35:37,248 INFO  ExportHelperExtension.cs: 1145 - Found 6 features of type [RefAxis] in Full assembly.SLDASM
2026-04-16 19:35:37,248 INFO  ExportHelperExtension.cs: 1148 - Proceeding through assembly components
2026-04-16 19:35:37,248 INFO  ExportHelperExtension.cs: 1160 - 136 components to check
2026-04-16 19:35:37,248 INFO  ExportHelperExtension.cs: 1125 - Retrieving features of type [RefAxis] from BSB 30x30-8 324mm-3
2026-04-16 19:35:37,259 INFO  ExportHelperExtension.cs: 1136 - Found 25 in BSB 30x30-8 324mm-3
2026-04-16 19:35:37,259 INFO  ExportHelperExtension.cs: 1145 - Found 0 features of type [RefAxis] in BSB 30x30-8 324mm-3
2026-04-16 19:35:37,259 INFO  ExportHelperExtension.cs: 1125 - Retrieving features of type [RefAxis] from wheel assembly-4
2026-04-16 19:35:37,259 INFO  ExportHelperExtension.cs: 1136 - Found 82 in wheel assembly-4
2026-04-16 19:35:37,259 INFO  ExportHelperExtension.cs: 1145 - Found 0 features of type [RefAxis] in wheel assembly-4
2026-04-16 19:35:37,259 INFO  ExportHelperExtension.cs: 1125 - Retrieving features of type [RefAxis] from BSB 30x30-8 90mm-1
2026-04-16 19:35:37,259 INFO  ExportHelperExtension.cs: 1136 - Found 25 in BSB 30x30-8 90mm-1
2026-04-16 19:35:37,259 INFO  ExportHelperExtension.cs: 1145 - Found 0 features of type [RefAxis] in BSB 30x30-8 90mm-1
2026-04-16 19:35:37,259 INFO  ExportHelperExtension.cs: 1125 - Retrieving features of type [RefAxis] from wheel assembly-3
2026-04-16 19:35:37,259 INFO  ExportHelperExtension.cs: 1136 - Found 82 in wheel assembly-3
2026-04-16 19:35:37,259 INFO  ExportHelperExtension.cs: 1145 - Found 0 features of type [RefAxis] in wheel assembly-3
2026-04-16 19:35:37,259 INFO  ExportHelperExtension.cs: 1125 - Retrieving features of type [RefAxis] from BSB 30x30-8 684mm-14
2026-04-16 19:35:37,259 INFO  ExportHelperExtension.cs: 1136 - Found 25 in BSB 30x30-8 684mm-14
2026-04-16 19:35:37,259 INFO  ExportHelperExtension.cs: 1145 - Found 0 features of type [RefAxis] in BSB 30x30-8 684mm-14
2026-04-16 19:35:37,259 INFO  ExportHelperExtension.cs: 1125 - Retrieving features of type [RefAxis] from BSB 30x30-8 262mm-3
2026-04-16 19:35:37,259 INFO  ExportHelperExtension.cs: 1136 - Found 25 in BSB 30x30-8 262mm-3
2026-04-16 19:35:37,259 INFO  ExportHelperExtension.cs: 1145 - Found 0 features of type [RefAxis] in BSB 30x30-8 262mm-3
2026-04-16 19:35:37,259 INFO  ExportHelperExtension.cs: 1125 - Retrieving features of type [RefAxis] from BSB 30x30-8 162mm-10
2026-04-16 19:35:37,259 INFO  ExportHelperExtension.cs: 1136 - Found 25 in BSB 30x30-8 162mm-10
2026-04-16 19:35:37,259 INFO  ExportHelperExtension.cs: 1145 - Found 0 features of type [RefAxis] in BSB 30x30-8 162mm-10
2026-04-16 19:35:37,259 INFO  ExportHelperExtension.cs: 1125 - Retrieving features of type [RefAxis] from 90degree angle bracket 30x30-8(M6)-9
2026-04-16 19:35:37,259 INFO  ExportHelperExtension.cs: 1136 - Found 36 in 90degree angle bracket 30x30-8(M6)-9
2026-04-16 19:35:37,259 INFO  ExportHelperExtension.cs: 1145 - Found 0 features of type [RefAxis] in 90degree angle bracket 30x30-8(M6)-9
2026-04-16 19:35:37,259 INFO  ExportHelperExtension.cs: 1125 - Retrieving features of type [RefAxis] from wheel assembly-1
2026-04-16 19:35:37,259 INFO  ExportHelperExtension.cs: 1136 - Found 82 in wheel assembly-1
2026-04-16 19:35:37,259 INFO  ExportHelperExtension.cs: 1145 - Found 0 features of type [RefAxis] in wheel assembly-1
2026-04-16 19:35:37,259 INFO  ExportHelperExtension.cs: 1125 - Retrieving features of type [RefAxis] from BSB 30x30-8 262mm-4
2026-04-16 19:35:37,259 INFO  ExportHelperExtension.cs: 1136 - Found 25 in BSB 30x30-8 262mm-4
2026-04-16 19:35:37,259 INFO  ExportHelperExtension.cs: 1145 - Found 0 features of type [RefAxis] in BSB 30x30-8 262mm-4
2026-04-16 19:35:37,259 INFO  ExportHelperExtension.cs: 1125 - Retrieving features of type [RefAxis] from 90degree angle bracket 30x30-8(M6)-3
2026-04-16 19:35:37,259 INFO  ExportHelperExtension.cs: 1136 - Found 36 in 90degree angle bracket 30x30-8(M6)-3
2026-04-16 19:35:37,259 INFO  ExportHelperExtension.cs: 1145 - Found 0 features of type [RefAxis] in 90degree angle bracket 30x30-8(M6)-3
2026-04-16 19:35:37,259 INFO  ExportHelperExtension.cs: 1125 - Retrieving features of type [RefAxis] from wheel assembly-2
2026-04-16 19:35:37,259 INFO  ExportHelperExtension.cs: 1136 - Found 82 in wheel assembly-2
2026-04-16 19:35:37,259 INFO  ExportHelperExtension.cs: 1145 - Found 0 features of type [RefAxis] in wheel assembly-2
2026-04-16 19:35:37,259 INFO  ExportHelperExtension.cs: 1125 - Retrieving features of type [RefAxis] from 90degree angle bracket 30x30-8(M6)-1
2026-04-16 19:35:37,259 INFO  ExportHelperExtension.cs: 1136 - Found 36 in 90degree angle bracket 30x30-8(M6)-1
2026-04-16 19:35:37,259 INFO  ExportHelperExtension.cs: 1145 - Found 0 features of type [RefAxis] in 90degree angle bracket 30x30-8(M6)-1
2026-04-16 19:35:37,259 INFO  ExportHelperExtension.cs: 1125 - Retrieving features of type [RefAxis] from 90degree angle bracket 30x30-8(M6)-4
2026-04-16 19:35:37,269 INFO  ExportHelperExtension.cs: 1136 - Found 36 in 90degree angle bracket 30x30-8(M6)-4
2026-04-16 19:35:37,269 INFO  ExportHelperExtension.cs: 1145 - Found 0 features of type [RefAxis] in 90degree angle bracket 30x30-8(M6)-4
2026-04-16 19:35:37,269 INFO  ExportHelperExtension.cs: 1125 - Retrieving features of type [RefAxis] from 90degree angle bracket 30x30-8(M6)-5
2026-04-16 19:35:37,269 INFO  ExportHelperExtension.cs: 1136 - Found 36 in 90degree angle bracket 30x30-8(M6)-5
2026-04-16 19:35:37,269 INFO  ExportHelperExtension.cs: 1145 - Found 0 features of type [RefAxis] in 90degree angle bracket 30x30-8(M6)-5
2026-04-16 19:35:37,269 INFO  ExportHelperExtension.cs: 1125 - Retrieving features of type [RefAxis] from 90degree angle bracket 30x30-8(M6)-7
2026-04-16 19:35:37,269 INFO  ExportHelperExtension.cs: 1136 - Found 36 in 90degree angle bracket 30x30-8(M6)-7
2026-04-16 19:35:37,269 INFO  ExportHelperExtension.cs: 1145 - Found 0 features of type [RefAxis] in 90degree angle bracket 30x30-8(M6)-7
2026-04-16 19:35:37,269 INFO  ExportHelperExtension.cs: 1125 - Retrieving features of type [RefAxis] from 90degree angle bracket 30x30-8(M6)-8
2026-04-16 19:35:37,269 INFO  ExportHelperExtension.cs: 1136 - Found 36 in 90degree angle bracket 30x30-8(M6)-8
2026-04-16 19:35:37,269 INFO  ExportHelperExtension.cs: 1145 - Found 0 features of type [RefAxis] in 90degree angle bracket 30x30-8(M6)-8
2026-04-16 19:35:37,269 INFO  ExportHelperExtension.cs: 1125 - Retrieving features of type [RefAxis] from 90degree angle bracket 30x30-8(M6)-2
2026-04-16 19:35:37,269 INFO  ExportHelperExtension.cs: 1136 - Found 36 in 90degree angle bracket 30x30-8(M6)-2
2026-04-16 19:35:37,269 INFO  ExportHelperExtension.cs: 1145 - Found 0 features of type [RefAxis] in 90degree angle bracket 30x30-8(M6)-2
2026-04-16 19:35:37,269 INFO  ExportHelperExtension.cs: 1125 - Retrieving features of type [RefAxis] from 90degree angle bracket 30x30-8(M6)-14
2026-04-16 19:35:37,269 INFO  ExportHelperExtension.cs: 1136 - Found 36 in 90degree angle bracket 30x30-8(M6)-14
2026-04-16 19:35:37,269 INFO  ExportHelperExtension.cs: 1145 - Found 0 features of type [RefAxis] in 90degree angle bracket 30x30-8(M6)-14
2026-04-16 19:35:37,269 INFO  ExportHelperExtension.cs: 1125 - Retrieving features of type [RefAxis] from 90degree angle bracket 30x30-8(M6)-13
2026-04-16 19:35:37,269 INFO  ExportHelperExtension.cs: 1136 - Found 36 in 90degree angle bracket 30x30-8(M6)-13
2026-04-16 19:35:37,269 INFO  ExportHelperExtension.cs: 1145 - Found 0 features of type [RefAxis] in 90degree angle bracket 30x30-8(M6)-13
2026-04-16 19:35:37,269 INFO  ExportHelperExtension.cs: 1125 - Retrieving features of type [RefAxis] from Front cover^Full assembly-1
2026-04-16 19:35:37,269 INFO  ExportHelperExtension.cs: 1136 - Found 66 in Front cover^Full assembly-1
2026-04-16 19:35:37,269 INFO  ExportHelperExtension.cs: 1145 - Found 0 features of type [RefAxis] in Front cover^Full assembly-1
2026-04-16 19:35:37,269 INFO  ExportHelperExtension.cs: 1125 - Retrieving features of type [RefAxis] from HC-SR04-1
2026-04-16 19:35:37,269 INFO  ExportHelperExtension.cs: 1136 - Found 169 in HC-SR04-1
2026-04-16 19:35:37,269 INFO  ExportHelperExtension.cs: 1145 - Found 0 features of type [RefAxis] in HC-SR04-1
2026-04-16 19:35:37,269 INFO  ExportHelperExtension.cs: 1125 - Retrieving features of type [RefAxis] from 90degree angle bracket 30x30-8(M6)-11
2026-04-16 19:35:37,269 INFO  ExportHelperExtension.cs: 1136 - Found 36 in 90degree angle bracket 30x30-8(M6)-11
2026-04-16 19:35:37,269 INFO  ExportHelperExtension.cs: 1145 - Found 0 features of type [RefAxis] in 90degree angle bracket 30x30-8(M6)-11
2026-04-16 19:35:37,269 INFO  ExportHelperExtension.cs: 1125 - Retrieving features of type [RefAxis] from 90degree angle bracket 30x30-8(M6)-15
2026-04-16 19:35:37,269 INFO  ExportHelperExtension.cs: 1136 - Found 36 in 90degree angle bracket 30x30-8(M6)-15
2026-04-16 19:35:37,269 INFO  ExportHelperExtension.cs: 1145 - Found 0 features of type [RefAxis] in 90degree angle bracket 30x30-8(M6)-15
2026-04-16 19:35:37,269 INFO  ExportHelperExtension.cs: 1125 - Retrieving features of type [RefAxis] from 90degree angle bracket 30x30-8(M6)-17
2026-04-16 19:35:37,269 INFO  ExportHelperExtension.cs: 1136 - Found 36 in 90degree angle bracket 30x30-8(M6)-17
2026-04-16 19:35:37,269 INFO  ExportHelperExtension.cs: 1145 - Found 0 features of type [RefAxis] in 90degree angle bracket 30x30-8(M6)-17
2026-04-16 19:35:37,269 INFO  ExportHelperExtension.cs: 1125 - Retrieving features of type [RefAxis] from DCNLM50NBXX.step-1
2026-04-16 19:35:37,269 INFO  ExportHelperExtension.cs: 1136 - Found 36 in DCNLM50NBXX.step-1
2026-04-16 19:35:37,269 INFO  ExportHelperExtension.cs: 1145 - Found 0 features of type [RefAxis] in DCNLM50NBXX.step-1
2026-04-16 19:35:37,269 INFO  ExportHelperExtension.cs: 1125 - Retrieving features of type [RefAxis] from Side^Full assembly-1
2026-04-16 19:35:37,269 INFO  ExportHelperExtension.cs: 1136 - Found 53 in Side^Full assembly-1
2026-04-16 19:35:37,279 INFO  ExportHelperExtension.cs: 1145 - Found 0 features of type [RefAxis] in Side^Full assembly-1
2026-04-16 19:35:37,279 INFO  ExportHelperExtension.cs: 1125 - Retrieving features of type [RefAxis] from 90degree angle bracket 30x30-8(M6)-12
2026-04-16 19:35:37,279 INFO  ExportHelperExtension.cs: 1136 - Found 36 in 90degree angle bracket 30x30-8(M6)-12
2026-04-16 19:35:37,279 INFO  ExportHelperExtension.cs: 1145 - Found 0 features of type [RefAxis] in 90degree angle bracket 30x30-8(M6)-12
2026-04-16 19:35:37,279 INFO  ExportHelperExtension.cs: 1125 - Retrieving features of type [RefAxis] from 90degree angle bracket 30x30-8(M6)-10
2026-04-16 19:35:37,279 INFO  ExportHelperExtension.cs: 1136 - Found 36 in 90degree angle bracket 30x30-8(M6)-10
2026-04-16 19:35:37,279 INFO  ExportHelperExtension.cs: 1145 - Found 0 features of type [RefAxis] in 90degree angle bracket 30x30-8(M6)-10
2026-04-16 19:35:37,279 INFO  ExportHelperExtension.cs: 1125 - Retrieving features of type [RefAxis] from 90degree angle bracket 30x30-8(M6)-16
2026-04-16 19:35:37,279 INFO  ExportHelperExtension.cs: 1136 - Found 36 in 90degree angle bracket 30x30-8(M6)-16
2026-04-16 19:35:37,279 INFO  ExportHelperExtension.cs: 1145 - Found 0 features of type [RefAxis] in 90degree angle bracket 30x30-8(M6)-16
2026-04-16 19:35:37,279 INFO  ExportHelperExtension.cs: 1125 - Retrieving features of type [RefAxis] from D435IF without cover-1
2026-04-16 19:35:37,279 INFO  ExportHelperExtension.cs: 1136 - Found 27 in D435IF without cover-1
2026-04-16 19:35:37,279 INFO  ExportHelperExtension.cs: 1145 - Found 0 features of type [RefAxis] in D435IF without cover-1
2026-04-16 19:35:37,279 INFO  ExportHelperExtension.cs: 1125 - Retrieving features of type [RefAxis] from YDLiDAR T-mini Plus-1
2026-04-16 19:35:37,279 INFO  ExportHelperExtension.cs: 1136 - Found 25 in YDLiDAR T-mini Plus-1
2026-04-16 19:35:37,279 INFO  ExportHelperExtension.cs: 1145 - Found 0 features of type [RefAxis] in YDLiDAR T-mini Plus-1
2026-04-16 19:35:37,279 INFO  ExportHelperExtension.cs: 1125 - Retrieving features of type [RefAxis] from HC-SR04-3
2026-04-16 19:35:37,279 INFO  ExportHelperExtension.cs: 1136 - Found 169 in HC-SR04-3
2026-04-16 19:35:37,279 INFO  ExportHelperExtension.cs: 1145 - Found 0 features of type [RefAxis] in HC-SR04-3
2026-04-16 19:35:37,279 INFO  ExportHelperExtension.cs: 1125 - Retrieving features of type [RefAxis] from Sideplate^Full assembly-1
2026-04-16 19:35:37,279 INFO  ExportHelperExtension.cs: 1136 - Found 27 in Sideplate^Full assembly-1
2026-04-16 19:35:37,279 INFO  ExportHelperExtension.cs: 1145 - Found 0 features of type [RefAxis] in Sideplate^Full assembly-1
2026-04-16 19:35:37,279 INFO  ExportHelperExtension.cs: 1125 - Retrieving features of type [RefAxis] from Topplates^Full assembly-1
2026-04-16 19:35:37,279 INFO  ExportHelperExtension.cs: 1136 - Found 28 in Topplates^Full assembly-1
2026-04-16 19:35:37,279 INFO  ExportHelperExtension.cs: 1145 - Found 0 features of type [RefAxis] in Topplates^Full assembly-1
2026-04-16 19:35:37,279 INFO  ExportHelperExtension.cs: 1125 - Retrieving features of type [RefAxis] from RearCover^Full assembly-2
2026-04-16 19:35:37,299 INFO  ExportHelperExtension.cs: 1136 - Found 66 in RearCover^Full assembly-2
2026-04-16 19:35:37,299 INFO  ExportHelperExtension.cs: 1145 - Found 0 features of type [RefAxis] in RearCover^Full assembly-2
2026-04-16 19:35:37,299 INFO  ExportHelperExtension.cs: 1125 - Retrieving features of type [RefAxis] from 50wr5j cement resistor.step-3
2026-04-16 19:35:37,299 INFO  ExportHelperExtension.cs: 1136 - Found 36 in 50wr5j cement resistor.step-3
2026-04-16 19:35:37,299 INFO  ExportHelperExtension.cs: 1145 - Found 0 features of type [RefAxis] in 50wr5j cement resistor.step-3
2026-04-16 19:35:37,299 INFO  ExportHelperExtension.cs: 1125 - Retrieving features of type [RefAxis] from 50wr5j cement resistor.step-4
2026-04-16 19:35:37,299 INFO  ExportHelperExtension.cs: 1136 - Found 36 in 50wr5j cement resistor.step-4
2026-04-16 19:35:37,299 INFO  ExportHelperExtension.cs: 1145 - Found 0 features of type [RefAxis] in 50wr5j cement resistor.step-4
2026-04-16 19:35:37,299 INFO  ExportHelperExtension.cs: 1125 - Retrieving features of type [RefAxis] from JK-BD6A20S10P (1)-1
2026-04-16 19:35:37,299 INFO  ExportHelperExtension.cs: 1136 - Found 41 in JK-BD6A20S10P (1)-1
2026-04-16 19:35:37,299 INFO  ExportHelperExtension.cs: 1145 - Found 0 features of type [RefAxis] in JK-BD6A20S10P (1)-1
2026-04-16 19:35:37,299 INFO  ExportHelperExtension.cs: 1125 - Retrieving features of type [RefAxis] from D435IF without cover-2
2026-04-16 19:35:37,299 INFO  ExportHelperExtension.cs: 1136 - Found 27 in D435IF without cover-2
2026-04-16 19:35:37,299 INFO  ExportHelperExtension.cs: 1145 - Found 0 features of type [RefAxis] in D435IF without cover-2
2026-04-16 19:35:37,299 INFO  ExportHelperExtension.cs: 1125 - Retrieving features of type [RefAxis] from 20-60v 12v 3a converter-1
2026-04-16 19:35:37,299 INFO  ExportHelperExtension.cs: 1136 - Found 33 in 20-60v 12v 3a converter-1
2026-04-16 19:35:37,299 INFO  ExportHelperExtension.cs: 1145 - Found 0 features of type [RefAxis] in 20-60v 12v 3a converter-1
2026-04-16 19:35:37,299 INFO  ExportHelperExtension.cs: 1125 - Retrieving features of type [RefAxis] from 50wr5j cement resistor.step-1
2026-04-16 19:35:37,299 INFO  ExportHelperExtension.cs: 1136 - Found 36 in 50wr5j cement resistor.step-1
2026-04-16 19:35:37,299 INFO  ExportHelperExtension.cs: 1145 - Found 0 features of type [RefAxis] in 50wr5j cement resistor.step-1
2026-04-16 19:35:37,299 INFO  ExportHelperExtension.cs: 1125 - Retrieving features of type [RefAxis] from Littelfuse-Solenoids-Relays-DCNEV250-Series-3D Model.step-1
2026-04-16 19:35:37,299 INFO  ExportHelperExtension.cs: 1136 - Found 36 in Littelfuse-Solenoids-Relays-DCNEV250-Series-3D Model.step-1
2026-04-16 19:35:37,299 INFO  ExportHelperExtension.cs: 1145 - Found 0 features of type [RefAxis] in Littelfuse-Solenoids-Relays-DCNEV250-Series-3D Model.step-1
2026-04-16 19:35:37,299 INFO  ExportHelperExtension.cs: 1125 - Retrieving features of type [RefAxis] from Jetsonorin-1
2026-04-16 19:35:37,299 INFO  ExportHelperExtension.cs: 1136 - Found 471 in Jetsonorin-1
2026-04-16 19:35:37,299 INFO  ExportHelperExtension.cs: 1145 - Found 0 features of type [RefAxis] in Jetsonorin-1
2026-04-16 19:35:37,310 INFO  ExportHelperExtension.cs: 1125 - Retrieving features of type [RefAxis] from Acer USB Hub-1
2026-04-16 19:35:37,310 INFO  ExportHelperExtension.cs: 1136 - Found 42 in Acer USB Hub-1
2026-04-16 19:35:37,310 INFO  ExportHelperExtension.cs: 1145 - Found 0 features of type [RefAxis] in Acer USB Hub-1
2026-04-16 19:35:37,310 INFO  ExportHelperExtension.cs: 1125 - Retrieving features of type [RefAxis] from ADAFRUIT bno085 IMU-1
2026-04-16 19:35:37,310 INFO  ExportHelperExtension.cs: 1136 - Found 123 in ADAFRUIT bno085 IMU-1
2026-04-16 19:35:37,310 INFO  ExportHelperExtension.cs: 1145 - Found 0 features of type [RefAxis] in ADAFRUIT bno085 IMU-1
2026-04-16 19:35:37,310 INFO  ExportHelperExtension.cs: 1125 - Retrieving features of type [RefAxis] from Part3^Full assembly-1
2026-04-16 19:35:37,310 INFO  ExportHelperExtension.cs: 1136 - Found 57 in Part3^Full assembly-1
2026-04-16 19:35:37,310 INFO  ExportHelperExtension.cs: 1145 - Found 0 features of type [RefAxis] in Part3^Full assembly-1
2026-04-16 19:35:37,310 INFO  ExportHelperExtension.cs: 1125 - Retrieving features of type [RefAxis] from 50wr5j cement resistor.step-2
2026-04-16 19:35:37,310 INFO  ExportHelperExtension.cs: 1136 - Found 36 in 50wr5j cement resistor.step-2
2026-04-16 19:35:37,310 INFO  ExportHelperExtension.cs: 1145 - Found 0 features of type [RefAxis] in 50wr5j cement resistor.step-2
2026-04-16 19:35:37,310 INFO  ExportHelperExtension.cs: 1125 - Retrieving features of type [RefAxis] from Part256^Full assembly-1
2026-04-16 19:35:37,310 INFO  ExportHelperExtension.cs: 1136 - Found 59 in Part256^Full assembly-1
2026-04-16 19:35:37,310 INFO  ExportHelperExtension.cs: 1145 - Found 0 features of type [RefAxis] in Part256^Full assembly-1
2026-04-16 19:35:37,310 INFO  ExportHelperExtension.cs: 1125 - Retrieving features of type [RefAxis] from robosense airy.step-1
2026-04-16 19:35:37,310 INFO  ExportHelperExtension.cs: 1136 - Found 23 in robosense airy.step-1
2026-04-16 19:35:37,310 INFO  ExportHelperExtension.cs: 1145 - Found 0 features of type [RefAxis] in robosense airy.step-1
2026-04-16 19:35:37,310 INFO  ExportHelperExtension.cs: 1125 - Retrieving features of type [RefAxis] from HC-SR04-5
2026-04-16 19:35:37,310 INFO  ExportHelperExtension.cs: 1136 - Found 169 in HC-SR04-5
2026-04-16 19:35:37,310 INFO  ExportHelperExtension.cs: 1145 - Found 0 features of type [RefAxis] in HC-SR04-5
2026-04-16 19:35:37,310 INFO  ExportHelperExtension.cs: 1125 - Retrieving features of type [RefAxis] from front plates v2^Full assembly-1
2026-04-16 19:35:37,310 INFO  ExportHelperExtension.cs: 1136 - Found 79 in front plates v2^Full assembly-1
2026-04-16 19:35:37,310 INFO  ExportHelperExtension.cs: 1145 - Found 0 features of type [RefAxis] in front plates v2^Full assembly-1
2026-04-16 19:35:37,310 INFO  ExportHelperExtension.cs: 1125 - Retrieving features of type [RefAxis] from 80x80x25 9 blade fan.STEP-1
2026-04-16 19:35:37,310 INFO  ExportHelperExtension.cs: 1136 - Found 24 in 80x80x25 9 blade fan.STEP-1
2026-04-16 19:35:37,310 INFO  ExportHelperExtension.cs: 1145 - Found 0 features of type [RefAxis] in 80x80x25 9 blade fan.STEP-1
2026-04-16 19:35:37,310 INFO  ExportHelperExtension.cs: 1125 - Retrieving features of type [RefAxis] from 90degree angle bracket 30x30-8(M6)-58
2026-04-16 19:35:37,310 INFO  ExportHelperExtension.cs: 1136 - Found 36 in 90degree angle bracket 30x30-8(M6)-58
2026-04-16 19:35:37,310 INFO  ExportHelperExtension.cs: 1145 - Found 0 features of type [RefAxis] in 90degree angle bracket 30x30-8(M6)-58
2026-04-16 19:35:37,310 INFO  ExportHelperExtension.cs: 1125 - Retrieving features of type [RefAxis] from 90degree angle bracket 30x30-8(M6)-59
2026-04-16 19:35:37,310 INFO  ExportHelperExtension.cs: 1136 - Found 36 in 90degree angle bracket 30x30-8(M6)-59
2026-04-16 19:35:37,310 INFO  ExportHelperExtension.cs: 1145 - Found 0 features of type [RefAxis] in 90degree angle bracket 30x30-8(M6)-59
2026-04-16 19:35:37,310 INFO  ExportHelperExtension.cs: 1125 - Retrieving features of type [RefAxis] from 90degree angle bracket 30x30-8(M6)-57
2026-04-16 19:35:37,310 INFO  ExportHelperExtension.cs: 1136 - Found 36 in 90degree angle bracket 30x30-8(M6)-57
2026-04-16 19:35:37,310 INFO  ExportHelperExtension.cs: 1145 - Found 0 features of type [RefAxis] in 90degree angle bracket 30x30-8(M6)-57
2026-04-16 19:35:37,320 INFO  ExportHelperExtension.cs: 1125 - Retrieving features of type [RefAxis] from 90degree angle bracket 30x30-8(M6)-63
2026-04-16 19:35:37,320 INFO  ExportHelperExtension.cs: 1136 - Found 36 in 90degree angle bracket 30x30-8(M6)-63
2026-04-16 19:35:37,320 INFO  ExportHelperExtension.cs: 1145 - Found 0 features of type [RefAxis] in 90degree angle bracket 30x30-8(M6)-63
2026-04-16 19:35:37,320 INFO  ExportHelperExtension.cs: 1125 - Retrieving features of type [RefAxis] from YDLiDAR T-mini Plus-3
2026-04-16 19:35:37,320 INFO  ExportHelperExtension.cs: 1136 - Found 25 in YDLiDAR T-mini Plus-3
2026-04-16 19:35:37,320 INFO  ExportHelperExtension.cs: 1145 - Found 0 features of type [RefAxis] in YDLiDAR T-mini Plus-3
2026-04-16 19:35:37,320 INFO  ExportHelperExtension.cs: 1125 - Retrieving features of type [RefAxis] from Sideplate^Full assembly-3
2026-04-16 19:35:37,320 INFO  ExportHelperExtension.cs: 1136 - Found 27 in Sideplate^Full assembly-3
2026-04-16 19:35:37,320 INFO  ExportHelperExtension.cs: 1145 - Found 0 features of type [RefAxis] in Sideplate^Full assembly-3
2026-04-16 19:35:37,320 INFO  ExportHelperExtension.cs: 1125 - Retrieving features of type [RefAxis] from Side^Full assembly-2
2026-04-16 19:35:37,320 INFO  ExportHelperExtension.cs: 1136 - Found 53 in Side^Full assembly-2
2026-04-16 19:35:37,320 INFO  ExportHelperExtension.cs: 1145 - Found 0 features of type [RefAxis] in Side^Full assembly-2
2026-04-16 19:35:37,320 INFO  ExportHelperExtension.cs: 1125 - Retrieving features of type [RefAxis] from Topplates^Full assembly-2
2026-04-16 19:35:37,320 INFO  ExportHelperExtension.cs: 1136 - Found 28 in Topplates^Full assembly-2
2026-04-16 19:35:37,320 INFO  ExportHelperExtension.cs: 1145 - Found 0 features of type [RefAxis] in Topplates^Full assembly-2
2026-04-16 19:35:37,320 INFO  ExportHelperExtension.cs: 1125 - Retrieving features of type [RefAxis] from 90degree angle bracket 30x30-8(M6)-61
2026-04-16 19:35:37,320 INFO  ExportHelperExtension.cs: 1136 - Found 36 in 90degree angle bracket 30x30-8(M6)-61
2026-04-16 19:35:37,320 INFO  ExportHelperExtension.cs: 1145 - Found 0 features of type [RefAxis] in 90degree angle bracket 30x30-8(M6)-61
2026-04-16 19:35:37,320 INFO  ExportHelperExtension.cs: 1125 - Retrieving features of type [RefAxis] from 90degree angle bracket 30x30-8(M6)-62
2026-04-16 19:35:37,320 INFO  ExportHelperExtension.cs: 1136 - Found 36 in 90degree angle bracket 30x30-8(M6)-62
2026-04-16 19:35:37,320 INFO  ExportHelperExtension.cs: 1145 - Found 0 features of type [RefAxis] in 90degree angle bracket 30x30-8(M6)-62
2026-04-16 19:35:37,320 INFO  ExportHelperExtension.cs: 1125 - Retrieving features of type [RefAxis] from 90degree angle bracket 30x30-8(M6)-60
2026-04-16 19:35:37,320 INFO  ExportHelperExtension.cs: 1136 - Found 36 in 90degree angle bracket 30x30-8(M6)-60
2026-04-16 19:35:37,320 INFO  ExportHelperExtension.cs: 1145 - Found 0 features of type [RefAxis] in 90degree angle bracket 30x30-8(M6)-60
2026-04-16 19:35:37,320 INFO  ExportHelperExtension.cs: 1125 - Retrieving features of type [RefAxis] from 90degree angle bracket 30x30-8(M6)-65
2026-04-16 19:35:37,320 INFO  ExportHelperExtension.cs: 1136 - Found 36 in 90degree angle bracket 30x30-8(M6)-65
2026-04-16 19:35:37,320 INFO  ExportHelperExtension.cs: 1145 - Found 0 features of type [RefAxis] in 90degree angle bracket 30x30-8(M6)-65
2026-04-16 19:35:37,320 INFO  ExportHelperExtension.cs: 1125 - Retrieving features of type [RefAxis] from Sideplate^Full assembly-2
2026-04-16 19:35:37,320 INFO  ExportHelperExtension.cs: 1136 - Found 27 in Sideplate^Full assembly-2
2026-04-16 19:35:37,320 INFO  ExportHelperExtension.cs: 1145 - Found 0 features of type [RefAxis] in Sideplate^Full assembly-2
2026-04-16 19:35:37,320 INFO  ExportHelperExtension.cs: 1125 - Retrieving features of type [RefAxis] from MirrorHC-SR04-5
2026-04-16 19:35:37,320 INFO  ExportHelperExtension.cs: 1136 - Found 34 in MirrorHC-SR04-5
2026-04-16 19:35:37,320 INFO  ExportHelperExtension.cs: 1145 - Found 0 features of type [RefAxis] in MirrorHC-SR04-5
2026-04-16 19:35:37,320 INFO  ExportHelperExtension.cs: 1125 - Retrieving features of type [RefAxis] from 90degree angle bracket 30x30-8(M6)-64
2026-04-16 19:35:37,320 INFO  ExportHelperExtension.cs: 1136 - Found 36 in 90degree angle bracket 30x30-8(M6)-64
2026-04-16 19:35:37,320 INFO  ExportHelperExtension.cs: 1145 - Found 0 features of type [RefAxis] in 90degree angle bracket 30x30-8(M6)-64
2026-04-16 19:35:37,320 INFO  ExportHelperExtension.cs: 1125 - Retrieving features of type [RefAxis] from MirrorSideplate^Full assembly-3
2026-04-16 19:35:37,320 INFO  ExportHelperExtension.cs: 1136 - Found 34 in MirrorSideplate^Full assembly-3
2026-04-16 19:35:37,320 INFO  ExportHelperExtension.cs: 1145 - Found 0 features of type [RefAxis] in MirrorSideplate^Full assembly-3
2026-04-16 19:35:37,320 INFO  ExportHelperExtension.cs: 1125 - Retrieving features of type [RefAxis] from HC-SR04-4
2026-04-16 19:35:37,320 INFO  ExportHelperExtension.cs: 1136 - Found 169 in HC-SR04-4
2026-04-16 19:35:37,330 INFO  ExportHelperExtension.cs: 1145 - Found 0 features of type [RefAxis] in HC-SR04-4
2026-04-16 19:35:37,330 INFO  ExportHelperExtension.cs: 1125 - Retrieving features of type [RefAxis] from BSB 30x30-8 162mm-3
2026-04-16 19:35:37,331 INFO  ExportHelperExtension.cs: 1136 - Found 25 in BSB 30x30-8 162mm-3
2026-04-16 19:35:37,331 INFO  ExportHelperExtension.cs: 1145 - Found 0 features of type [RefAxis] in BSB 30x30-8 162mm-3
2026-04-16 19:35:37,331 INFO  ExportHelperExtension.cs: 1125 - Retrieving features of type [RefAxis] from CB3914895EA-50Ah Cell-1
2026-04-16 19:35:37,331 INFO  ExportHelperExtension.cs: 1136 - Found 74 in CB3914895EA-50Ah Cell-1
2026-04-16 19:35:37,331 INFO  ExportHelperExtension.cs: 1145 - Found 1 features of type [RefAxis] in CB3914895EA-50Ah Cell-1
2026-04-16 19:35:37,331 INFO  ExportHelperExtension.cs: 1125 - Retrieving features of type [RefAxis] from BSB 30x30-8 324mm-1
2026-04-16 19:35:37,331 INFO  ExportHelperExtension.cs: 1136 - Found 25 in BSB 30x30-8 324mm-1
2026-04-16 19:35:37,331 INFO  ExportHelperExtension.cs: 1145 - Found 0 features of type [RefAxis] in BSB 30x30-8 324mm-1
2026-04-16 19:35:37,331 INFO  ExportHelperExtension.cs: 1125 - Retrieving features of type [RefAxis] from BSB 30x30-8 324mm-2
2026-04-16 19:35:37,331 INFO  ExportHelperExtension.cs: 1136 - Found 25 in BSB 30x30-8 324mm-2
2026-04-16 19:35:37,331 INFO  ExportHelperExtension.cs: 1145 - Found 0 features of type [RefAxis] in BSB 30x30-8 324mm-2
2026-04-16 19:35:37,331 INFO  ExportHelperExtension.cs: 1125 - Retrieving features of type [RefAxis] from BSB 30x30-8 262mm-2
2026-04-16 19:35:37,337 INFO  ExportHelperExtension.cs: 1136 - Found 25 in BSB 30x30-8 262mm-2
2026-04-16 19:35:37,337 INFO  ExportHelperExtension.cs: 1145 - Found 0 features of type [RefAxis] in BSB 30x30-8 262mm-2
2026-04-16 19:35:37,337 INFO  ExportHelperExtension.cs: 1125 - Retrieving features of type [RefAxis] from BSB 30x30-8 262mm-1
2026-04-16 19:35:37,337 INFO  ExportHelperExtension.cs: 1136 - Found 25 in BSB 30x30-8 262mm-1
2026-04-16 19:35:37,337 INFO  ExportHelperExtension.cs: 1145 - Found 0 features of type [RefAxis] in BSB 30x30-8 262mm-1
2026-04-16 19:35:37,337 INFO  ExportHelperExtension.cs: 1125 - Retrieving features of type [RefAxis] from BSB 30x30-8 444mm-4
2026-04-16 19:35:37,337 INFO  ExportHelperExtension.cs: 1136 - Found 25 in BSB 30x30-8 444mm-4
2026-04-16 19:35:37,337 INFO  ExportHelperExtension.cs: 1145 - Found 0 features of type [RefAxis] in BSB 30x30-8 444mm-4
2026-04-16 19:35:37,340 INFO  ExportHelperExtension.cs: 1125 - Retrieving features of type [RefAxis] from BSB 30x30-8 444mm-7
2026-04-16 19:35:37,340 INFO  ExportHelperExtension.cs: 1136 - Found 25 in BSB 30x30-8 444mm-7
2026-04-16 19:35:37,340 INFO  ExportHelperExtension.cs: 1145 - Found 0 features of type [RefAxis] in BSB 30x30-8 444mm-7
2026-04-16 19:35:37,340 INFO  ExportHelperExtension.cs: 1125 - Retrieving features of type [RefAxis] from BSB 30x30-8 162mm-1
2026-04-16 19:35:37,340 INFO  ExportHelperExtension.cs: 1136 - Found 25 in BSB 30x30-8 162mm-1
2026-04-16 19:35:37,340 INFO  ExportHelperExtension.cs: 1145 - Found 0 features of type [RefAxis] in BSB 30x30-8 162mm-1
2026-04-16 19:35:37,340 INFO  ExportHelperExtension.cs: 1125 - Retrieving features of type [RefAxis] from BSB 30x30-8 322mm (tapped ends)-1
2026-04-16 19:35:37,340 INFO  ExportHelperExtension.cs: 1136 - Found 25 in BSB 30x30-8 322mm (tapped ends)-1
2026-04-16 19:35:37,340 INFO  ExportHelperExtension.cs: 1145 - Found 0 features of type [RefAxis] in BSB 30x30-8 322mm (tapped ends)-1
2026-04-16 19:35:37,340 INFO  ExportHelperExtension.cs: 1125 - Retrieving features of type [RefAxis] from BSB 30x30-8 162mm-4
2026-04-16 19:35:37,340 INFO  ExportHelperExtension.cs: 1136 - Found 25 in BSB 30x30-8 162mm-4
2026-04-16 19:35:37,340 INFO  ExportHelperExtension.cs: 1145 - Found 0 features of type [RefAxis] in BSB 30x30-8 162mm-4
2026-04-16 19:35:37,340 INFO  ExportHelperExtension.cs: 1125 - Retrieving features of type [RefAxis] from BSB 30x30-8 162mm-7
2026-04-16 19:35:37,340 INFO  ExportHelperExtension.cs: 1136 - Found 25 in BSB 30x30-8 162mm-7
2026-04-16 19:35:37,340 INFO  ExportHelperExtension.cs: 1145 - Found 0 features of type [RefAxis] in BSB 30x30-8 162mm-7
2026-04-16 19:35:37,340 INFO  ExportHelperExtension.cs: 1125 - Retrieving features of type [RefAxis] from BSB 30x30-8 90mm-4
2026-04-16 19:35:37,340 INFO  ExportHelperExtension.cs: 1136 - Found 25 in BSB 30x30-8 90mm-4
2026-04-16 19:35:37,340 INFO  ExportHelperExtension.cs: 1145 - Found 0 features of type [RefAxis] in BSB 30x30-8 90mm-4
2026-04-16 19:35:37,340 INFO  ExportHelperExtension.cs: 1125 - Retrieving features of type [RefAxis] from BSB 30x30-8 162mm-14
2026-04-16 19:35:37,340 INFO  ExportHelperExtension.cs: 1136 - Found 25 in BSB 30x30-8 162mm-14
2026-04-16 19:35:37,340 INFO  ExportHelperExtension.cs: 1145 - Found 0 features of type [RefAxis] in BSB 30x30-8 162mm-14
2026-04-16 19:35:37,340 INFO  ExportHelperExtension.cs: 1125 - Retrieving features of type [RefAxis] from BSB 30x30-8 90mm-2
2026-04-16 19:35:37,340 INFO  ExportHelperExtension.cs: 1136 - Found 25 in BSB 30x30-8 90mm-2
2026-04-16 19:35:37,340 INFO  ExportHelperExtension.cs: 1145 - Found 0 features of type [RefAxis] in BSB 30x30-8 90mm-2
2026-04-16 19:35:37,340 INFO  ExportHelperExtension.cs: 1125 - Retrieving features of type [RefAxis] from BSB 30x30-8 90mm-3
2026-04-16 19:35:37,340 INFO  ExportHelperExtension.cs: 1136 - Found 25 in BSB 30x30-8 90mm-3
2026-04-16 19:35:37,340 INFO  ExportHelperExtension.cs: 1145 - Found 0 features of type [RefAxis] in BSB 30x30-8 90mm-3
2026-04-16 19:35:37,340 INFO  ExportHelperExtension.cs: 1125 - Retrieving features of type [RefAxis] from BSB 30x30-8 162mm-5
2026-04-16 19:35:37,340 INFO  ExportHelperExtension.cs: 1136 - Found 25 in BSB 30x30-8 162mm-5
2026-04-16 19:35:37,340 INFO  ExportHelperExtension.cs: 1145 - Found 0 features of type [RefAxis] in BSB 30x30-8 162mm-5
2026-04-16 19:35:37,340 INFO  ExportHelperExtension.cs: 1125 - Retrieving features of type [RefAxis] from BSB 30x30-8 322mm (tapped ends)-2
2026-04-16 19:35:37,340 INFO  ExportHelperExtension.cs: 1136 - Found 25 in BSB 30x30-8 322mm (tapped ends)-2
2026-04-16 19:35:37,340 INFO  ExportHelperExtension.cs: 1145 - Found 0 features of type [RefAxis] in BSB 30x30-8 322mm (tapped ends)-2
2026-04-16 19:35:37,340 INFO  ExportHelperExtension.cs: 1125 - Retrieving features of type [RefAxis] from BSB 30x30-8 162mm-6
2026-04-16 19:35:37,340 INFO  ExportHelperExtension.cs: 1136 - Found 25 in BSB 30x30-8 162mm-6
2026-04-16 19:35:37,340 INFO  ExportHelperExtension.cs: 1145 - Found 0 features of type [RefAxis] in BSB 30x30-8 162mm-6
2026-04-16 19:35:37,340 INFO  ExportHelperExtension.cs: 1125 - Retrieving features of type [RefAxis] from BSB 30x30-8 162mm-8
2026-04-16 19:35:37,340 INFO  ExportHelperExtension.cs: 1136 - Found 25 in BSB 30x30-8 162mm-8
2026-04-16 19:35:37,340 INFO  ExportHelperExtension.cs: 1145 - Found 0 features of type [RefAxis] in BSB 30x30-8 162mm-8
2026-04-16 19:35:37,340 INFO  ExportHelperExtension.cs: 1125 - Retrieving features of type [RefAxis] from BSB 30x30-8 162mm-9
2026-04-16 19:35:37,340 INFO  ExportHelperExtension.cs: 1136 - Found 25 in BSB 30x30-8 162mm-9
2026-04-16 19:35:37,340 INFO  ExportHelperExtension.cs: 1145 - Found 0 features of type [RefAxis] in BSB 30x30-8 162mm-9
2026-04-16 19:35:37,340 INFO  ExportHelperExtension.cs: 1125 - Retrieving features of type [RefAxis] from 90degree angle bracket 30x30-8(M6)-18
2026-04-16 19:35:37,340 INFO  ExportHelperExtension.cs: 1136 - Found 36 in 90degree angle bracket 30x30-8(M6)-18
2026-04-16 19:35:37,340 INFO  ExportHelperExtension.cs: 1145 - Found 0 features of type [RefAxis] in 90degree angle bracket 30x30-8(M6)-18
2026-04-16 19:35:37,350 INFO  ExportHelperExtension.cs: 1125 - Retrieving features of type [RefAxis] from 90degree angle bracket 30x30-8(M6)-19
2026-04-16 19:35:37,350 INFO  ExportHelperExtension.cs: 1136 - Found 36 in 90degree angle bracket 30x30-8(M6)-19
2026-04-16 19:35:37,350 INFO  ExportHelperExtension.cs: 1145 - Found 0 features of type [RefAxis] in 90degree angle bracket 30x30-8(M6)-19
2026-04-16 19:35:37,350 INFO  ExportHelperExtension.cs: 1125 - Retrieving features of type [RefAxis] from 90degree angle bracket 30x30-8(M6)-22
2026-04-16 19:35:37,350 INFO  ExportHelperExtension.cs: 1136 - Found 36 in 90degree angle bracket 30x30-8(M6)-22
2026-04-16 19:35:37,350 INFO  ExportHelperExtension.cs: 1145 - Found 0 features of type [RefAxis] in 90degree angle bracket 30x30-8(M6)-22
2026-04-16 19:35:37,350 INFO  ExportHelperExtension.cs: 1125 - Retrieving features of type [RefAxis] from 90degree angle bracket 30x30-8(M6)-24
2026-04-16 19:35:37,350 INFO  ExportHelperExtension.cs: 1136 - Found 36 in 90degree angle bracket 30x30-8(M6)-24
2026-04-16 19:35:37,350 INFO  ExportHelperExtension.cs: 1145 - Found 0 features of type [RefAxis] in 90degree angle bracket 30x30-8(M6)-24
2026-04-16 19:35:37,350 INFO  ExportHelperExtension.cs: 1125 - Retrieving features of type [RefAxis] from BSB 30x30-8 262mm-5
2026-04-16 19:35:37,350 INFO  ExportHelperExtension.cs: 1136 - Found 25 in BSB 30x30-8 262mm-5
2026-04-16 19:35:37,350 INFO  ExportHelperExtension.cs: 1145 - Found 0 features of type [RefAxis] in BSB 30x30-8 262mm-5
2026-04-16 19:35:37,350 INFO  ExportHelperExtension.cs: 1125 - Retrieving features of type [RefAxis] from 90degree angle bracket 30x30-8(M6)-27
2026-04-16 19:35:37,350 INFO  ExportHelperExtension.cs: 1136 - Found 36 in 90degree angle bracket 30x30-8(M6)-27
2026-04-16 19:35:37,350 INFO  ExportHelperExtension.cs: 1145 - Found 0 features of type [RefAxis] in 90degree angle bracket 30x30-8(M6)-27
2026-04-16 19:35:37,350 INFO  ExportHelperExtension.cs: 1125 - Retrieving features of type [RefAxis] from BSB 30x30-8 162mm-15
2026-04-16 19:35:37,350 INFO  ExportHelperExtension.cs: 1136 - Found 25 in BSB 30x30-8 162mm-15
2026-04-16 19:35:37,350 INFO  ExportHelperExtension.cs: 1145 - Found 0 features of type [RefAxis] in BSB 30x30-8 162mm-15
2026-04-16 19:35:37,350 INFO  ExportHelperExtension.cs: 1125 - Retrieving features of type [RefAxis] from BSB 30x30-8 684mm-15
2026-04-16 19:35:37,350 INFO  ExportHelperExtension.cs: 1136 - Found 25 in BSB 30x30-8 684mm-15
2026-04-16 19:35:37,350 INFO  ExportHelperExtension.cs: 1145 - Found 0 features of type [RefAxis] in BSB 30x30-8 684mm-15
2026-04-16 19:35:37,350 INFO  ExportHelperExtension.cs: 1125 - Retrieving features of type [RefAxis] from BSB 30x30-8 162mm-16
2026-04-16 19:35:37,350 INFO  ExportHelperExtension.cs: 1136 - Found 25 in BSB 30x30-8 162mm-16
2026-04-16 19:35:37,350 INFO  ExportHelperExtension.cs: 1145 - Found 0 features of type [RefAxis] in BSB 30x30-8 162mm-16
2026-04-16 19:35:37,350 INFO  ExportHelperExtension.cs: 1125 - Retrieving features of type [RefAxis] from BSB 30x30-8 262mm-6
2026-04-16 19:35:37,350 INFO  ExportHelperExtension.cs: 1136 - Found 25 in BSB 30x30-8 262mm-6
2026-04-16 19:35:37,358 INFO  ExportHelperExtension.cs: 1145 - Found 0 features of type [RefAxis] in BSB 30x30-8 262mm-6
2026-04-16 19:35:37,358 INFO  ExportHelperExtension.cs: 1125 - Retrieving features of type [RefAxis] from BSB 30x30-8 324mm-4
2026-04-16 19:35:37,358 INFO  ExportHelperExtension.cs: 1136 - Found 25 in BSB 30x30-8 324mm-4
2026-04-16 19:35:37,358 INFO  ExportHelperExtension.cs: 1145 - Found 0 features of type [RefAxis] in BSB 30x30-8 324mm-4
2026-04-16 19:35:37,358 INFO  ExportHelperExtension.cs: 1125 - Retrieving features of type [RefAxis] from 90degree angle bracket 30x30-8(M6)-20
2026-04-16 19:35:37,358 INFO  ExportHelperExtension.cs: 1136 - Found 36 in 90degree angle bracket 30x30-8(M6)-20
2026-04-16 19:35:37,361 INFO  ExportHelperExtension.cs: 1145 - Found 0 features of type [RefAxis] in 90degree angle bracket 30x30-8(M6)-20
2026-04-16 19:35:37,361 INFO  ExportHelperExtension.cs: 1125 - Retrieving features of type [RefAxis] from 90degree angle bracket 30x30-8(M6)-21
2026-04-16 19:35:37,361 INFO  ExportHelperExtension.cs: 1136 - Found 36 in 90degree angle bracket 30x30-8(M6)-21
2026-04-16 19:35:37,361 INFO  ExportHelperExtension.cs: 1145 - Found 0 features of type [RefAxis] in 90degree angle bracket 30x30-8(M6)-21
2026-04-16 19:35:37,361 INFO  ExportHelperExtension.cs: 1125 - Retrieving features of type [RefAxis] from 90degree angle bracket 30x30-8(M6)-23
2026-04-16 19:35:37,361 INFO  ExportHelperExtension.cs: 1136 - Found 36 in 90degree angle bracket 30x30-8(M6)-23
2026-04-16 19:35:37,361 INFO  ExportHelperExtension.cs: 1145 - Found 0 features of type [RefAxis] in 90degree angle bracket 30x30-8(M6)-23
2026-04-16 19:35:37,361 INFO  ExportHelperExtension.cs: 1125 - Retrieving features of type [RefAxis] from 90degree angle bracket 30x30-8(M6)-25
2026-04-16 19:35:37,361 INFO  ExportHelperExtension.cs: 1136 - Found 36 in 90degree angle bracket 30x30-8(M6)-25
2026-04-16 19:35:37,361 INFO  ExportHelperExtension.cs: 1145 - Found 0 features of type [RefAxis] in 90degree angle bracket 30x30-8(M6)-25
2026-04-16 19:35:37,361 INFO  ExportHelperExtension.cs: 1125 - Retrieving features of type [RefAxis] from 90degree angle bracket 30x30-8(M6)-26
2026-04-16 19:35:37,361 INFO  ExportHelperExtension.cs: 1136 - Found 36 in 90degree angle bracket 30x30-8(M6)-26
2026-04-16 19:35:37,361 INFO  ExportHelperExtension.cs: 1145 - Found 0 features of type [RefAxis] in 90degree angle bracket 30x30-8(M6)-26
2026-04-16 19:35:37,361 INFO  ExportHelperExtension.cs: 1125 - Retrieving features of type [RefAxis] from 90degree angle bracket 30x30-8(M6)-30
2026-04-16 19:35:37,361 INFO  ExportHelperExtension.cs: 1136 - Found 36 in 90degree angle bracket 30x30-8(M6)-30
2026-04-16 19:35:37,361 INFO  ExportHelperExtension.cs: 1145 - Found 0 features of type [RefAxis] in 90degree angle bracket 30x30-8(M6)-30
2026-04-16 19:35:37,361 INFO  ExportHelperExtension.cs: 1125 - Retrieving features of type [RefAxis] from 90degree angle bracket 30x30-8(M6)-31
2026-04-16 19:35:37,361 INFO  ExportHelperExtension.cs: 1136 - Found 36 in 90degree angle bracket 30x30-8(M6)-31
2026-04-16 19:35:37,361 INFO  ExportHelperExtension.cs: 1145 - Found 0 features of type [RefAxis] in 90degree angle bracket 30x30-8(M6)-31
2026-04-16 19:35:37,361 INFO  ExportHelperExtension.cs: 1125 - Retrieving features of type [RefAxis] from 90degree angle bracket 30x30-8(M6)-29
2026-04-16 19:35:37,361 INFO  ExportHelperExtension.cs: 1136 - Found 36 in 90degree angle bracket 30x30-8(M6)-29
2026-04-16 19:35:37,371 INFO  ExportHelperExtension.cs: 1145 - Found 0 features of type [RefAxis] in 90degree angle bracket 30x30-8(M6)-29
2026-04-16 19:35:37,371 INFO  ExportHelperExtension.cs: 1125 - Retrieving features of type [RefAxis] from 90degree angle bracket 30x30-8(M6)-28
2026-04-16 19:35:37,371 INFO  ExportHelperExtension.cs: 1136 - Found 36 in 90degree angle bracket 30x30-8(M6)-28
2026-04-16 19:35:37,371 INFO  ExportHelperExtension.cs: 1145 - Found 0 features of type [RefAxis] in 90degree angle bracket 30x30-8(M6)-28
2026-04-16 19:35:37,371 INFO  ExportHelperExtension.cs: 1125 - Retrieving features of type [RefAxis] from 90degree angle bracket 30x30-8(M6)-32
2026-04-16 19:35:37,371 INFO  ExportHelperExtension.cs: 1136 - Found 36 in 90degree angle bracket 30x30-8(M6)-32
2026-04-16 19:35:37,371 INFO  ExportHelperExtension.cs: 1145 - Found 0 features of type [RefAxis] in 90degree angle bracket 30x30-8(M6)-32
2026-04-16 19:35:37,371 INFO  ExportHelperExtension.cs: 1125 - Retrieving features of type [RefAxis] from 90degree angle bracket 30x30-8(M6)-40
2026-04-16 19:35:37,371 INFO  ExportHelperExtension.cs: 1136 - Found 36 in 90degree angle bracket 30x30-8(M6)-40
2026-04-16 19:35:37,371 INFO  ExportHelperExtension.cs: 1145 - Found 0 features of type [RefAxis] in 90degree angle bracket 30x30-8(M6)-40
2026-04-16 19:35:37,371 INFO  ExportHelperExtension.cs: 1125 - Retrieving features of type [RefAxis] from 90degree angle bracket 30x30-8(M6)-44
2026-04-16 19:35:37,371 INFO  ExportHelperExtension.cs: 1136 - Found 36 in 90degree angle bracket 30x30-8(M6)-44
2026-04-16 19:35:37,371 INFO  ExportHelperExtension.cs: 1145 - Found 0 features of type [RefAxis] in 90degree angle bracket 30x30-8(M6)-44
2026-04-16 19:35:37,371 INFO  ExportHelperExtension.cs: 1125 - Retrieving features of type [RefAxis] from 90degree angle bracket 30x30-8(M6)-42
2026-04-16 19:35:37,371 INFO  ExportHelperExtension.cs: 1136 - Found 36 in 90degree angle bracket 30x30-8(M6)-42
2026-04-16 19:35:37,371 INFO  ExportHelperExtension.cs: 1145 - Found 0 features of type [RefAxis] in 90degree angle bracket 30x30-8(M6)-42
2026-04-16 19:35:37,371 INFO  ExportHelperExtension.cs: 1125 - Retrieving features of type [RefAxis] from 90degree angle bracket 30x30-8(M6)-39
2026-04-16 19:35:37,371 INFO  ExportHelperExtension.cs: 1136 - Found 36 in 90degree angle bracket 30x30-8(M6)-39
2026-04-16 19:35:37,381 INFO  ExportHelperExtension.cs: 1145 - Found 0 features of type [RefAxis] in 90degree angle bracket 30x30-8(M6)-39
2026-04-16 19:35:37,381 INFO  ExportHelperExtension.cs: 1125 - Retrieving features of type [RefAxis] from 90degree angle bracket 30x30-8(M6)-41
2026-04-16 19:35:37,381 INFO  ExportHelperExtension.cs: 1136 - Found 36 in 90degree angle bracket 30x30-8(M6)-41
2026-04-16 19:35:37,381 INFO  ExportHelperExtension.cs: 1145 - Found 0 features of type [RefAxis] in 90degree angle bracket 30x30-8(M6)-41
2026-04-16 19:35:37,381 INFO  ExportHelperExtension.cs: 1125 - Retrieving features of type [RefAxis] from 90degree angle bracket 30x30-8(M6)-38
2026-04-16 19:35:37,381 INFO  ExportHelperExtension.cs: 1136 - Found 36 in 90degree angle bracket 30x30-8(M6)-38
2026-04-16 19:35:37,381 INFO  ExportHelperExtension.cs: 1145 - Found 0 features of type [RefAxis] in 90degree angle bracket 30x30-8(M6)-38
2026-04-16 19:35:37,381 INFO  ExportHelperExtension.cs: 1125 - Retrieving features of type [RefAxis] from 90degree angle bracket 30x30-8(M6)-35
2026-04-16 19:35:37,381 INFO  ExportHelperExtension.cs: 1136 - Found 36 in 90degree angle bracket 30x30-8(M6)-35
2026-04-16 19:35:37,381 INFO  ExportHelperExtension.cs: 1145 - Found 0 features of type [RefAxis] in 90degree angle bracket 30x30-8(M6)-35
2026-04-16 19:35:37,381 INFO  ExportHelperExtension.cs: 1125 - Retrieving features of type [RefAxis] from 90degree angle bracket 30x30-8(M6)-33
2026-04-16 19:35:37,381 INFO  ExportHelperExtension.cs: 1136 - Found 36 in 90degree angle bracket 30x30-8(M6)-33
2026-04-16 19:35:37,381 INFO  ExportHelperExtension.cs: 1145 - Found 0 features of type [RefAxis] in 90degree angle bracket 30x30-8(M6)-33
2026-04-16 19:35:37,381 INFO  ExportHelperExtension.cs: 1125 - Retrieving features of type [RefAxis] from 90degree angle bracket 30x30-8(M6)-34
2026-04-16 19:35:37,381 INFO  ExportHelperExtension.cs: 1136 - Found 36 in 90degree angle bracket 30x30-8(M6)-34
2026-04-16 19:35:37,381 INFO  ExportHelperExtension.cs: 1145 - Found 0 features of type [RefAxis] in 90degree angle bracket 30x30-8(M6)-34
2026-04-16 19:35:37,381 INFO  ExportHelperExtension.cs: 1125 - Retrieving features of type [RefAxis] from 90degree angle bracket 30x30-8(M6)-36
2026-04-16 19:35:37,381 INFO  ExportHelperExtension.cs: 1136 - Found 36 in 90degree angle bracket 30x30-8(M6)-36
2026-04-16 19:35:37,381 INFO  ExportHelperExtension.cs: 1145 - Found 0 features of type [RefAxis] in 90degree angle bracket 30x30-8(M6)-36
2026-04-16 19:35:37,381 INFO  ExportHelperExtension.cs: 1125 - Retrieving features of type [RefAxis] from 90degree angle bracket 30x30-8(M6)-37
2026-04-16 19:35:37,381 INFO  ExportHelperExtension.cs: 1136 - Found 36 in 90degree angle bracket 30x30-8(M6)-37
2026-04-16 19:35:37,381 INFO  ExportHelperExtension.cs: 1145 - Found 0 features of type [RefAxis] in 90degree angle bracket 30x30-8(M6)-37
2026-04-16 19:35:37,381 INFO  ExportHelperExtension.cs: 1125 - Retrieving features of type [RefAxis] from 90degree angle bracket 30x30-8(M6)-43
2026-04-16 19:35:37,381 INFO  ExportHelperExtension.cs: 1136 - Found 36 in 90degree angle bracket 30x30-8(M6)-43
2026-04-16 19:35:37,381 INFO  ExportHelperExtension.cs: 1145 - Found 0 features of type [RefAxis] in 90degree angle bracket 30x30-8(M6)-43
2026-04-16 19:35:37,381 INFO  ExportHelperExtension.cs: 1125 - Retrieving features of type [RefAxis] from 90degree angle bracket 30x30-8(M6)-55
2026-04-16 19:35:37,381 INFO  ExportHelperExtension.cs: 1136 - Found 36 in 90degree angle bracket 30x30-8(M6)-55
2026-04-16 19:35:37,381 INFO  ExportHelperExtension.cs: 1145 - Found 0 features of type [RefAxis] in 90degree angle bracket 30x30-8(M6)-55
2026-04-16 19:35:37,381 INFO  ExportHelperExtension.cs: 1125 - Retrieving features of type [RefAxis] from 90degree angle bracket 30x30-8(M6)-48
2026-04-16 19:35:37,381 INFO  ExportHelperExtension.cs: 1136 - Found 36 in 90degree angle bracket 30x30-8(M6)-48
2026-04-16 19:35:37,381 INFO  ExportHelperExtension.cs: 1145 - Found 0 features of type [RefAxis] in 90degree angle bracket 30x30-8(M6)-48
2026-04-16 19:35:37,381 INFO  ExportHelperExtension.cs: 1125 - Retrieving features of type [RefAxis] from 90degree angle bracket 30x30-8(M6)-51
2026-04-16 19:35:37,381 INFO  ExportHelperExtension.cs: 1136 - Found 36 in 90degree angle bracket 30x30-8(M6)-51
2026-04-16 19:35:37,381 INFO  ExportHelperExtension.cs: 1145 - Found 0 features of type [RefAxis] in 90degree angle bracket 30x30-8(M6)-51
2026-04-16 19:35:37,391 INFO  ExportHelperExtension.cs: 1125 - Retrieving features of type [RefAxis] from 90degree angle bracket 30x30-8(M6)-45
2026-04-16 19:35:37,391 INFO  ExportHelperExtension.cs: 1136 - Found 36 in 90degree angle bracket 30x30-8(M6)-45
2026-04-16 19:35:37,391 INFO  ExportHelperExtension.cs: 1145 - Found 0 features of type [RefAxis] in 90degree angle bracket 30x30-8(M6)-45
2026-04-16 19:35:37,391 INFO  ExportHelperExtension.cs: 1125 - Retrieving features of type [RefAxis] from 90degree angle bracket 30x30-8(M6)-50
2026-04-16 19:35:37,391 INFO  ExportHelperExtension.cs: 1136 - Found 36 in 90degree angle bracket 30x30-8(M6)-50
2026-04-16 19:35:37,391 INFO  ExportHelperExtension.cs: 1145 - Found 0 features of type [RefAxis] in 90degree angle bracket 30x30-8(M6)-50
2026-04-16 19:35:37,391 INFO  ExportHelperExtension.cs: 1125 - Retrieving features of type [RefAxis] from 90degree angle bracket 30x30-8(M6)-46
2026-04-16 19:35:37,391 INFO  ExportHelperExtension.cs: 1136 - Found 36 in 90degree angle bracket 30x30-8(M6)-46
2026-04-16 19:35:37,391 INFO  ExportHelperExtension.cs: 1145 - Found 0 features of type [RefAxis] in 90degree angle bracket 30x30-8(M6)-46
2026-04-16 19:35:37,391 INFO  ExportHelperExtension.cs: 1125 - Retrieving features of type [RefAxis] from 90degree angle bracket 30x30-8(M6)-52
2026-04-16 19:35:37,391 INFO  ExportHelperExtension.cs: 1136 - Found 36 in 90degree angle bracket 30x30-8(M6)-52
2026-04-16 19:35:37,391 INFO  ExportHelperExtension.cs: 1145 - Found 0 features of type [RefAxis] in 90degree angle bracket 30x30-8(M6)-52
2026-04-16 19:35:37,391 INFO  ExportHelperExtension.cs: 1125 - Retrieving features of type [RefAxis] from 90degree angle bracket 30x30-8(M6)-47
2026-04-16 19:35:37,391 INFO  ExportHelperExtension.cs: 1136 - Found 36 in 90degree angle bracket 30x30-8(M6)-47
2026-04-16 19:35:37,391 INFO  ExportHelperExtension.cs: 1145 - Found 0 features of type [RefAxis] in 90degree angle bracket 30x30-8(M6)-47
2026-04-16 19:35:37,391 INFO  ExportHelperExtension.cs: 1125 - Retrieving features of type [RefAxis] from 90degree angle bracket 30x30-8(M6)-49
2026-04-16 19:35:37,391 INFO  ExportHelperExtension.cs: 1136 - Found 36 in 90degree angle bracket 30x30-8(M6)-49
2026-04-16 19:35:37,391 INFO  ExportHelperExtension.cs: 1145 - Found 0 features of type [RefAxis] in 90degree angle bracket 30x30-8(M6)-49
2026-04-16 19:35:37,391 INFO  ExportHelperExtension.cs: 1125 - Retrieving features of type [RefAxis] from 90degree angle bracket 30x30-8(M6)-53
2026-04-16 19:35:37,391 INFO  ExportHelperExtension.cs: 1136 - Found 36 in 90degree angle bracket 30x30-8(M6)-53
2026-04-16 19:35:37,391 INFO  ExportHelperExtension.cs: 1145 - Found 0 features of type [RefAxis] in 90degree angle bracket 30x30-8(M6)-53
2026-04-16 19:35:37,391 INFO  ExportHelperExtension.cs: 1125 - Retrieving features of type [RefAxis] from 90degree angle bracket 30x30-8(M6)-54
2026-04-16 19:35:37,391 INFO  ExportHelperExtension.cs: 1136 - Found 36 in 90degree angle bracket 30x30-8(M6)-54
2026-04-16 19:35:37,391 INFO  ExportHelperExtension.cs: 1145 - Found 0 features of type [RefAxis] in 90degree angle bracket 30x30-8(M6)-54
2026-04-16 19:35:37,391 INFO  ExportHelperExtension.cs: 1125 - Retrieving features of type [RefAxis] from 90degree angle bracket 30x30-8(M6)-56
2026-04-16 19:35:37,391 INFO  ExportHelperExtension.cs: 1136 - Found 36 in 90degree angle bracket 30x30-8(M6)-56
2026-04-16 19:35:37,391 INFO  ExportHelperExtension.cs: 1145 - Found 0 features of type [RefAxis] in 90degree angle bracket 30x30-8(M6)-56
2026-04-16 19:35:37,477 INFO  ExportPropertyManager.cs: 1142 - AfterClose called. This method no longer throws an Exception. It just silently does nothing. Ok, except for this logging message
2026-04-16 19:36:20,741 INFO  AssemblyExportForm.cs: 253 - Completing URDF export
2026-04-16 19:36:20,748 INFO  ConfigurationSerialization.cs: 276 - URDF Configuration found
<Link z:Id="i1" xmlns="http://schemas.datacontract.org/2004/07/SW2URDF" xmlns:i="http://www.w3.org/2001/XMLSchema-instance" xmlns:z="http://schemas.microsoft.com/2003/10/Serialization/"><Attributes><Attribute z:Id="i2"><AttributeType>name</AttributeType><IsRequired>true</IsRequired><Value i:type="a:string" xmlns:a="http://www.w3.org/2001/XMLSchema">base_link</Value></Attribute></Attributes><ChildElements><URDFElement z:Id="i3" i:type="Inertial"><Attributes/><ChildElements><URDFElement z:Id="i4" i:type="Origin"><Attributes><Attribute z:Id="i5"><AttributeType>xyz</AttributeType><IsRequired>true</IsRequired><Value i:type="a:ArrayOfdouble" xmlns:a="http://schemas.microsoft.com/2003/10/Serialization/Arrays"><a:double>0</a:double><a:double>0</a:double><a:double>0</a:double></Value></Attribute><Attribute z:Id="i6"><AttributeType>rpy</AttributeType><IsRequired>true</IsRequired><Value i:type="a:ArrayOfdouble" xmlns:a="http://schemas.microsoft.com/2003/10/Serialization/Arrays"><a:double>0</a:double><a:double>0</a:double><a:double>0</a:double></Value></Attribute></Attributes><ChildElements/><ElementName>origin</ElementName><required>false</required><RPYAttribute z:Ref="i6"/><XYZAttribute z:Ref="i5"/><isCustomized>false</isCustomized></URDFElement><URDFElement z:Id="i7" i:type="Mass"><Attributes><Attribute z:Id="i8"><AttributeType>value</AttributeType><IsRequired>true</IsRequired><Value i:type="a:double" xmlns:a="http://www.w3.org/2001/XMLSchema">0</Value></Attribute></Attributes><ChildElements/><ElementName>mass</ElementName><required>false</required><ValueAttribute z:Ref="i8"/></URDFElement><URDFElement z:Id="i9" i:type="Inertia"><Attributes><Attribute z:Id="i10"><AttributeType>ixx</AttributeType><IsRequired>true</IsRequired><Value i:type="a:double" xmlns:a="http://www.w3.org/2001/XMLSchema">0</Value></Attribute><Attribute z:Id="i11"><AttributeType>ixy</AttributeType><IsRequired>true</IsRequired><Value i:type="a:double" xmlns:a="http://www.w3.org/2001/XMLSchema">0</Value></Attribute><Attribute z:Id="i12"><AttributeType>ixz</AttributeType><IsRequired>true</IsRequired><Value i:type="a:double" xmlns:a="http://www.w3.org/2001/XMLSchema">0</Value></Attribute><Attribute z:Id="i13"><AttributeType>iyy</AttributeType><IsRequired>true</IsRequired><Value i:type="a:double" xmlns:a="http://www.w3.org/2001/XMLSchema">0</Value></Attribute><Attribute z:Id="i14"><AttributeType>iyz</AttributeType><IsRequired>true</IsRequired><Value i:type="a:double" xmlns:a="http://www.w3.org/2001/XMLSchema">0</Value></Attribute><Attribute z:Id="i15"><AttributeType>izz</AttributeType><IsRequired>true</IsRequired><Value i:type="a:double" xmlns:a="http://www.w3.org/2001/XMLSchema">0</Value></Attribute></Attributes><ChildElements/><ElementName>inertia</ElementName><required>false</required><IxxAttribute z:Ref="i10"/><IxyAttribute z:Ref="i11"/><IxzAttribute z:Ref="i12"/><IyyAttribute z:Ref="i13"/><IyzAttribute z:Ref="i14"/><IzzAttribute z:Ref="i15"/></URDFElement></ChildElements><ElementName>inertial</ElementName><required>false</required><Inertia z:Ref="i9"/><Mass z:Ref="i7"/><Origin z:Ref="i4"/></URDFElement><URDFElement z:Id="i16" i:type="Visual"><Attributes/><ChildElements><URDFElement z:Id="i17" i:type="Origin"><Attributes><Attribute z:Id="i18"><AttributeType>xyz</AttributeType><IsRequired>true</IsRequired><Value i:type="a:ArrayOfdouble" xmlns:a="http://schemas.microsoft.com/2003/10/Serialization/Arrays"><a:double>0</a:double><a:double>0</a:double><a:double>0</a:double></Value></Attribute><Attribute z:Id="i19"><AttributeType>rpy</AttributeType><IsRequired>true</IsRequired><Value i:type="a:ArrayOfdouble" xmlns:a="http://schemas.microsoft.com/2003/10/Serialization/Arrays"><a:double>0</a:double><a:double>0</a:double><a:double>0</a:double></Value></Attribute></Attributes><ChildElements/><ElementName>origin</ElementName><required>false</required><RPYAttribute z:Ref="i19"/><XYZAttribute z:Ref="i18"/><isCustomized>false</isCustomized></URDFElement><URDFElement z:Id="i20" i:type="Geometry"><Attributes/><ChildElements><URDFElement z:Id="i21" i:type="Mesh"><Attributes><Attribute z:Id="i22"><AttributeType>filename</AttributeType><IsRequired>true</IsRequired><Value i:nil="true"/></Attribute></Attributes><ChildElements/><ElementName>mesh</ElementName><required>false</required><FilenameAttribute z:Ref="i22"/></URDFElement></ChildElements><ElementName>geometry</ElementName><required>true</required><Mesh z:Ref="i21"/></URDFElement><URDFElement z:Id="i23" i:type="Material"><Attributes><Attribute z:Id="i24"><AttributeType>name</AttributeType><IsRequired>true</IsRequired><Value i:type="a:string" xmlns:a="http://www.w3.org/2001/XMLSchema"/></Attribute></Attributes><ChildElements><URDFElement z:Id="i25" i:type="Color"><Attributes><Attribute z:Id="i26"><AttributeType>rgba</AttributeType><IsRequired>true</IsRequired><Value i:type="a:ArrayOfdouble" xmlns:a="http://schemas.microsoft.com/2003/10/Serialization/Arrays"><a:double>1</a:double><a:double>1</a:double><a:double>1</a:double><a:double>1</a:double></Value></Attribute></Attributes><ChildElements/><ElementName>color</ElementName><required>false</required><RGBAAttribute z:Ref="i26"/></URDFElement><URDFElement z:Id="i27" i:type="Texture"><Attributes><Attribute z:Id="i28"><AttributeType>filename</AttributeType><IsRequired>true</IsRequired><Value i:nil="true"/></Attribute></Attributes><ChildElements/><ElementName>texture</ElementName><required>false</required><FilenameAttribute z:Ref="i28"/><wFilename/></URDFElement></ChildElements><ElementName>material</ElementName><required>false</required><Color z:Ref="i25"/><NameAttribute z:Ref="i24"/><Texture z:Ref="i27"/></URDFElement></ChildElements><ElementName>visual</ElementName><required>false</required><Geometry z:Ref="i20"/><Material z:Ref="i23"/><Origin z:Ref="i17"/></URDFElement><URDFElement z:Id="i29" i:type="Collision"><Attributes/><ChildElements><URDFElement z:Id="i30" i:type="Origin"><Attributes><Attribute z:Id="i31"><AttributeType>xyz</AttributeType><IsRequired>true</IsRequired><Value i:type="a:ArrayOfdouble" xmlns:a="http://schemas.microsoft.com/2003/10/Serialization/Arrays"><a:double>0</a:double><a:double>0</a:double><a:double>0</a:double></Value></Attribute><Attribute z:Id="i32"><AttributeType>rpy</AttributeType><IsRequired>true</IsRequired><Value i:type="a:ArrayOfdouble" xmlns:a="http://schemas.microsoft.com/2003/10/Serialization/Arrays"><a:double>0</a:double><a:double>0</a:double><a:double>0</a:double></Value></Attribute></Attributes><ChildElements/><ElementName>origin</ElementName><required>false</required><RPYAttribute z:Ref="i32"/><XYZAttribute z:Ref="i31"/><isCustomized>false</isCustomized></URDFElement><URDFElement z:Id="i33" i:type="Geometry"><Attributes/><ChildElements><URDFElement z:Id="i34" i:type="Mesh"><Attributes><Attribute z:Id="i35"><AttributeType>filename</AttributeType><IsRequired>true</IsRequired><Value i:nil="true"/></Attribute></Attributes><ChildElements/><ElementName>mesh</ElementName><required>false</required><FilenameAttribute z:Ref="i35"/></URDFElement></ChildElements><ElementName>geometry</ElementName><required>true</required><Mesh z:Ref="i34"/></URDFElement></ChildElements><ElementName>collision</ElementName><required>false</required><Geometry z:Ref="i33"/><Origin z:Ref="i30"/></URDFElement><URDFElement z:Id="i36" i:type="Joint"><Attributes><Attribute z:Id="i37"><AttributeType>name</AttributeType><IsRequired>true</IsRequired><Value i:type="a:string" xmlns:a="http://www.w3.org/2001/XMLSchema"/></Attribute><Attribute z:Id="i38"><AttributeType>type</AttributeType><IsRequired>true</IsRequired><Value i:type="a:string" xmlns:a="http://www.w3.org/2001/XMLSchema"/></Attribute></Attributes><ChildElements><URDFElement z:Id="i39" i:type="Origin"><Attributes><Attribute z:Id="i40"><AttributeType>xyz</AttributeType><IsRequired>true</IsRequired><Value i:type="a:ArrayOfdouble" xmlns:a="http://schemas.microsoft.com/2003/10/Serialization/Arrays"><a:double>0</a:double><a:double>0</a:double><a:double>0</a:double></Value></Attribute><Attribute z:Id="i41"><AttributeType>rpy</AttributeType><IsRequired>true</IsRequired><Value i:type="a:ArrayOfdouble" xmlns:a="http://schemas.microsoft.com/2003/10/Serialization/Arrays"><a:double>0</a:double><a:double>0</a:double><a:double>0</a:double></Value></Attribute></Attributes><ChildElements/><ElementName>origin</ElementName><required>false</required><RPYAttribute z:Ref="i41"/><XYZAttribute z:Ref="i40"/><isCustomized>false</isCustomized></URDFElement><URDFElement z:Id="i42" i:type="ParentLink"><Attributes><Attribute z:Id="i43"><AttributeType>link</AttributeType><IsRequired>true</IsRequired><Value i:type="a:string" xmlns:a="http://www.w3.org/2001/XMLSchema"/></Attribute></Attributes><ChildElements/><ElementName>parent</ElementName><required>true</required><NameAttribute z:Ref="i43"/></URDFElement><URDFElement z:Id="i44" i:type="ChildLink"><Attributes><Attribute z:Id="i45"><AttributeType>link</AttributeType><IsRequired>true</IsRequired><Value i:type="a:string" xmlns:a="http://www.w3.org/2001/XMLSchema"/></Attribute></Attributes><ChildElements/><ElementName>child</ElementName><required>true</required><NameAttribute z:Ref="i45"/></URDFElement><URDFElement z:Id="i46" i:type="Axis"><Attributes><Attribute z:Id="i47"><AttributeType>xyz</AttributeType><IsRequired>true</IsRequired><Value i:type="a:ArrayOfdouble" xmlns:a="http://schemas.microsoft.com/2003/10/Serialization/Arrays"><a:double>0</a:double><a:double>0</a:double><a:double>0</a:double></Value></Attribute></Attributes><ChildElements/><ElementName>axis</ElementName><required>false</required><XYZAttribute z:Ref="i47"/></URDFElement><URDFElement z:Id="i48" i:type="Limit"><Attributes><Attribute z:Id="i49"><AttributeType>lower</AttributeType><IsRequired>false</IsRequired><Value i:nil="true"/></Attribute><Attribute z:Id="i50"><AttributeType>upper</AttributeType><IsRequired>false</IsRequired><Value i:nil="true"/></Attribute><Attribute z:Id="i51"><AttributeType>effort</AttributeType><IsRequired>true</IsRequired><Value i:nil="true"/></Attribute><Attribute z:Id="i52"><AttributeType>velocity</AttributeType><IsRequired>true</IsRequired><Value i:nil="true"/></Attribute></Attributes><ChildElements/><ElementName>limit</ElementName><required>false</required><EffortAttribute z:Ref="i51"/><LowerAttribute z:Ref="i49"/><UpperAttribute z:Ref="i50"/><VelocityAttribute z:Ref="i52"/></URDFElement><URDFElement z:Id="i53" i:type="Calibration"><Attributes><Attribute z:Id="i54"><AttributeType>rising</AttributeType><IsRequired>false</IsRequired><Value i:nil="true"/></Attribute><Attribute z:Id="i55"><AttributeType>falling</AttributeType><IsRequired>false</IsRequired><Value i:nil="true"/></Attribute></Attributes><ChildElements/><ElementName>calibration</ElementName><required>false</required><FallingAttribute z:Ref="i55"/><RisingAttribute z:Ref="i54"/></URDFElement><URDFElement z:Id="i56" i:type="Dynamics"><Attributes><Attribute z:Id="i57"><AttributeType>damping</AttributeType><IsRequired>false</IsRequired><Value i:nil="true"/></Attribute><Attribute z:Id="i58"><AttributeType>friction</AttributeType><IsRequired>false</IsRequired><Value i:nil="true"/></Attribute></Attributes><ChildElements/><ElementName>dynamics</ElementName><required>false</required><DampingAttribute z:Ref="i57"/><FrictionAttribute z:Ref="i58"/></URDFElement><URDFElement z:Id="i59" i:type="SafetyController"><Attributes><Attribute z:Id="i60"><AttributeType>soft_upper_limit</AttributeType><IsRequired>false</IsRequired><Value i:nil="true"/></Attribute><Attribute z:Id="i61"><AttributeType>soft_lower_limit</AttributeType><IsRequired>false</IsRequired><Value i:nil="true"/></Attribute><Attribute z:Id="i62"><AttributeType>k_position</AttributeType><IsRequired>false</IsRequired><Value i:nil="true"/></Attribute><Attribute z:Id="i63"><AttributeType>k_velocity</AttributeType><IsRequired>true</IsRequired><Value i:nil="true"/></Attribute></Attributes><ChildElements/><ElementName>safety_controller</ElementName><required>false</required><KPositionAttribute z:Ref="i62"/><KVelocityAttribute z:Ref="i63"/><SoftLowerAttribute z:Ref="i61"/><SoftUpperAttribute z:Ref="i60"/></URDFElement><URDFElement z:Id="i64" i:type="Mimic"><Attributes><Attribute z:Id="i65"><AttributeType>joint</AttributeType><IsRequired>true</IsRequired><Value i:nil="true"/></Attribute><Attribute z:Id="i66"><AttributeType>multiplier</AttributeType><IsRequired>false</IsRequired><Value i:nil="true"/></Attribute><Attribute z:Id="i67"><AttributeType>offset</AttributeType><IsRequired>false</IsRequired><Value i:nil="true"/></Attribute></Attributes><ChildElements/><ElementName>mimic</ElementName><required>false</required><JointNameAttribute z:Ref="i65"/><MultiplierAttribute z:Ref="i66"/><OffsetAttribute z:Ref="i67"/></URDFElement></ChildElements><ElementName>joint</ElementName><required>false</required><Axis z:Ref="i46"/><AxisName/><Calibration z:Ref="i53"/><Child z:Ref="i44"/><CoordinateSystemName>base_link </CoordinateSystemName><Dynamics z:Ref="i56"/><Limit z:Ref="i48"/><Mimic z:Ref="i64"/><NameAttribute z:Ref="i37"/><Origin z:Ref="i39"/><Parent z:Ref="i42"/><Safety z:Ref="i59"/><TypeAttribute z:Ref="i38"/></URDFElement></ChildElements><ElementName>link</ElementName><required>true</required><Children><Link z:Id="i68"><Attributes><Attribute z:Id="i69"><AttributeType>name</AttributeType><IsRequired>true</IsRequired><Value i:type="a:string" xmlns:a="http://www.w3.org/2001/XMLSchema">front_left_wheel</Value></Attribute></Attributes><ChildElements><URDFElement z:Id="i70" i:type="Inertial"><Attributes/><ChildElements><URDFElement z:Id="i71" i:type="Origin"><Attributes><Attribute z:Id="i72"><AttributeType>xyz</AttributeType><IsRequired>true</IsRequired><Value i:type="a:ArrayOfdouble" xmlns:a="http://schemas.microsoft.com/2003/10/Serialization/Arrays"><a:double>0</a:double><a:double>0</a:double><a:double>0</a:double></Value></Attribute><Attribute z:Id="i73"><AttributeType>rpy</AttributeType><IsRequired>true</IsRequired><Value i:type="a:ArrayOfdouble" xmlns:a="http://schemas.microsoft.com/2003/10/Serialization/Arrays"><a:double>0</a:double><a:double>0</a:double><a:double>0</a:double></Value></Attribute></Attributes><ChildElements/><ElementName>origin</ElementName><required>false</required><RPYAttribute z:Ref="i73"/><XYZAttribute z:Ref="i72"/><isCustomized>false</isCustomized></URDFElement><URDFElement z:Id="i74" i:type="Mass"><Attributes><Attribute z:Id="i75"><AttributeType>value</AttributeType><IsRequired>true</IsRequired><Value i:type="a:double" xmlns:a="http://www.w3.org/2001/XMLSchema">0</Value></Attribute></Attributes><ChildElements/><ElementName>mass</ElementName><required>false</required><ValueAttribute z:Ref="i75"/></URDFElement><URDFElement z:Id="i76" i:type="Inertia"><Attributes><Attribute z:Id="i77"><AttributeType>ixx</AttributeType><IsRequired>true</IsRequired><Value i:type="a:double" xmlns:a="http://www.w3.org/2001/XMLSchema">0</Value></Attribute><Attribute z:Id="i78"><AttributeType>ixy</AttributeType><IsRequired>true</IsRequired><Value i:type="a:double" xmlns:a="http://www.w3.org/2001/XMLSchema">0</Value></Attribute><Attribute z:Id="i79"><AttributeType>ixz</AttributeType><IsRequired>true</IsRequired><Value i:type="a:double" xmlns:a="http://www.w3.org/2001/XMLSchema">0</Value></Attribute><Attribute z:Id="i80"><AttributeType>iyy</AttributeType><IsRequired>true</IsRequired><Value i:type="a:double" xmlns:a="http://www.w3.org/2001/XMLSchema">0</Value></Attribute><Attribute z:Id="i81"><AttributeType>iyz</AttributeType><IsRequired>true</IsRequired><Value i:type="a:double" xmlns:a="http://www.w3.org/2001/XMLSchema">0</Value></Attribute><Attribute z:Id="i82"><AttributeType>izz</AttributeType><IsRequired>true</IsRequired><Value i:type="a:double" xmlns:a="http://www.w3.org/2001/XMLSchema">0</Value></Attribute></Attributes><ChildElements/><ElementName>inertia</ElementName><required>false</required><IxxAttribute z:Ref="i77"/><IxyAttribute z:Ref="i78"/><IxzAttribute z:Ref="i79"/><IyyAttribute z:Ref="i80"/><IyzAttribute z:Ref="i81"/><IzzAttribute z:Ref="i82"/></URDFElement></ChildElements><ElementName>inertial</ElementName><required>false</required><Inertia z:Ref="i76"/><Mass z:Ref="i74"/><Origin z:Ref="i71"/></URDFElement><URDFElement z:Id="i83" i:type="Visual"><Attributes/><ChildElements><URDFElement z:Id="i84" i:type="Origin"><Attributes><Attribute z:Id="i85"><AttributeType>xyz</AttributeType><IsRequired>true</IsRequired><Value i:type="a:ArrayOfdouble" xmlns:a="http://schemas.microsoft.com/2003/10/Serialization/Arrays"><a:double>0</a:double><a:double>0</a:double><a:double>0</a:double></Value></Attribute><Attribute z:Id="i86"><AttributeType>rpy</AttributeType><IsRequired>true</IsRequired><Value i:type="a:ArrayOfdouble" xmlns:a="http://schemas.microsoft.com/2003/10/Serialization/Arrays"><a:double>0</a:double><a:double>0</a:double><a:double>0</a:double></Value></Attribute></Attributes><ChildElements/><ElementName>origin</ElementName><required>false</required><RPYAttribute z:Ref="i86"/><XYZAttribute z:Ref="i85"/><isCustomized>false</isCustomized></URDFElement><URDFElement z:Id="i87" i:type="Geometry"><Attributes/><ChildElements><URDFElement z:Id="i88" i:type="Mesh"><Attributes><Attribute z:Id="i89"><AttributeType>filename</AttributeType><IsRequired>true</IsRequired><Value i:nil="true"/></Attribute></Attributes><ChildElements/><ElementName>mesh</ElementName><required>false</required><FilenameAttribute z:Ref="i89"/></URDFElement></ChildElements><ElementName>geometry</ElementName><required>true</required><Mesh z:Ref="i88"/></URDFElement><URDFElement z:Id="i90" i:type="Material"><Attributes><Attribute z:Id="i91"><AttributeType>name</AttributeType><IsRequired>true</IsRequired><Value i:type="a:string" xmlns:a="http://www.w3.org/2001/XMLSchema"/></Attribute></Attributes><ChildElements><URDFElement z:Id="i92" i:type="Color"><Attributes><Attribute z:Id="i93"><AttributeType>rgba</AttributeType><IsRequired>true</IsRequired><Value i:type="a:ArrayOfdouble" xmlns:a="http://schemas.microsoft.com/2003/10/Serialization/Arrays"><a:double>1</a:double><a:double>1</a:double><a:double>1</a:double><a:double>1</a:double></Value></Attribute></Attributes><ChildElements/><ElementName>color</ElementName><required>false</required><RGBAAttribute z:Ref="i93"/></URDFElement><URDFElement z:Id="i94" i:type="Texture"><Attributes><Attribute z:Id="i95"><AttributeType>filename</AttributeType><IsRequired>true</IsRequired><Value i:nil="true"/></Attribute></Attributes><ChildElements/><ElementName>texture</ElementName><required>false</required><FilenameAttribute z:Ref="i95"/><wFilename/></URDFElement></ChildElements><ElementName>material</ElementName><required>false</required><Color z:Ref="i92"/><NameAttribute z:Ref="i91"/><Texture z:Ref="i94"/></URDFElement></ChildElements><ElementName>visual</ElementName><required>false</required><Geometry z:Ref="i87"/><Material z:Ref="i90"/><Origin z:Ref="i84"/></URDFElement><URDFElement z:Id="i96" i:type="Collision"><Attributes/><ChildElements><URDFElement z:Id="i97" i:type="Origin"><Attributes><Attribute z:Id="i98"><AttributeType>xyz</AttributeType><IsRequired>true</IsRequired><Value i:type="a:ArrayOfdouble" xmlns:a="http://schemas.microsoft.com/2003/10/Serialization/Arrays"><a:double>0</a:double><a:double>0</a:double><a:double>0</a:double></Value></Attribute><Attribute z:Id="i99"><AttributeType>rpy</AttributeType><IsRequired>true</IsRequired><Value i:type="a:ArrayOfdouble" xmlns:a="http://schemas.microsoft.com/2003/10/Serialization/Arrays"><a:double>0</a:double><a:double>0</a:double><a:double>0</a:double></Value></Attribute></Attributes><ChildElements/><ElementName>origin</ElementName><required>false</required><RPYAttribute z:Ref="i99"/><XYZAttribute z:Ref="i98"/><isCustomized>false</isCustomized></URDFElement><URDFElement z:Id="i100" i:type="Geometry"><Attributes/><ChildElements><URDFElement z:Id="i101" i:type="Mesh"><Attributes><Attribute z:Id="i102"><AttributeType>filename</AttributeType><IsRequired>true</IsRequired><Value i:nil="true"/></Attribute></Attributes><ChildElements/><ElementName>mesh</ElementName><required>false</required><FilenameAttribute z:Ref="i102"/></URDFElement></ChildElements><ElementName>geometry</ElementName><required>true</required><Mesh z:Ref="i101"/></URDFElement></ChildElements><ElementName>collision</ElementName><required>false</required><Geometry z:Ref="i100"/><Origin z:Ref="i97"/></URDFElement><URDFElement z:Id="i103" i:type="Joint"><Attributes><Attribute z:Id="i104"><AttributeType>name</AttributeType><IsRequired>true</IsRequired><Value i:type="a:string" xmlns:a="http://www.w3.org/2001/XMLSchema">front_left_wheel_joint</Value></Attribute><Attribute z:Id="i105"><AttributeType>type</AttributeType><IsRequired>true</IsRequired><Value i:type="a:string" xmlns:a="http://www.w3.org/2001/XMLSchema">revolute</Value></Attribute></Attributes><ChildElements><URDFElement z:Id="i106" i:type="Origin"><Attributes><Attribute z:Id="i107"><AttributeType>xyz</AttributeType><IsRequired>true</IsRequired><Value i:type="a:ArrayOfdouble" xmlns:a="http://schemas.microsoft.com/2003/10/Serialization/Arrays"><a:double>0</a:double><a:double>0</a:double><a:double>0</a:double></Value></Attribute><Attribute z:Id="i108"><AttributeType>rpy</AttributeType><IsRequired>true</IsRequired><Value i:type="a:ArrayOfdouble" xmlns:a="http://schemas.microsoft.com/2003/10/Serialization/Arrays"><a:double>0</a:double><a:double>0</a:double><a:double>0</a:double></Value></Attribute></Attributes><ChildElements/><ElementName>origin</ElementName><required>false</required><RPYAttribute z:Ref="i108"/><XYZAttribute z:Ref="i107"/><isCustomized>false</isCustomized></URDFElement><URDFElement z:Id="i109" i:type="ParentLink"><Attributes><Attribute z:Id="i110"><AttributeType>link</AttributeType><IsRequired>true</IsRequired><Value i:type="a:string" xmlns:a="http://www.w3.org/2001/XMLSchema"/></Attribute></Attributes><ChildElements/><ElementName>parent</ElementName><required>true</required><NameAttribute z:Ref="i110"/></URDFElement><URDFElement z:Id="i111" i:type="ChildLink"><Attributes><Attribute z:Id="i112"><AttributeType>link</AttributeType><IsRequired>true</IsRequired><Value i:type="a:string" xmlns:a="http://www.w3.org/2001/XMLSchema"/></Attribute></Attributes><ChildElements/><ElementName>child</ElementName><required>true</required><NameAttribute z:Ref="i112"/></URDFElement><URDFElement z:Id="i113" i:type="Axis"><Attributes><Attribute z:Id="i114"><AttributeType>xyz</AttributeType><IsRequired>true</IsRequired><Value i:type="a:ArrayOfdouble" xmlns:a="http://schemas.microsoft.com/2003/10/Serialization/Arrays"><a:double>0</a:double><a:double>0</a:double><a:double>0</a:double></Value></Attribute></Attributes><ChildElements/><ElementName>axis</ElementName><required>false</required><XYZAttribute z:Ref="i114"/></URDFElement><URDFElement z:Id="i115" i:type="Limit"><Attributes><Attribute z:Id="i116"><AttributeType>lower</AttributeType><IsRequired>true</IsRequired><Value i:nil="true"/></Attribute><Attribute z:Id="i117"><AttributeType>upper</AttributeType><IsRequired>true</IsRequired><Value i:nil="true"/></Attribute><Attribute z:Id="i118"><AttributeType>effort</AttributeType><IsRequired>true</IsRequired><Value i:nil="true"/></Attribute><Attribute z:Id="i119"><AttributeType>velocity</AttributeType><IsRequired>true</IsRequired><Value i:nil="true"/></Attribute></Attributes><ChildElements/><ElementName>limit</ElementName><required>true</required><EffortAttribute z:Ref="i118"/><LowerAttribute z:Ref="i116"/><UpperAttribute z:Ref="i117"/><VelocityAttribute z:Ref="i119"/></URDFElement><URDFElement z:Id="i120" i:type="Calibration"><Attributes><Attribute z:Id="i121"><AttributeType>rising</AttributeType><IsRequired>false</IsRequired><Value i:nil="true"/></Attribute><Attribute z:Id="i122"><AttributeType>falling</AttributeType><IsRequired>false</IsRequired><Value i:nil="true"/></Attribute></Attributes><ChildElements/><ElementName>calibration</ElementName><required>false</required><FallingAttribute z:Ref="i122"/><RisingAttribute z:Ref="i121"/></URDFElement><URDFElement z:Id="i123" i:type="Dynamics"><Attributes><Attribute z:Id="i124"><AttributeType>damping</AttributeType><IsRequired>false</IsRequired><Value i:nil="true"/></Attribute><Attribute z:Id="i125"><AttributeType>friction</AttributeType><IsRequired>false</IsRequired><Value i:nil="true"/></Attribute></Attributes><ChildElements/><ElementName>dynamics</ElementName><required>false</required><DampingAttribute z:Ref="i124"/><FrictionAttribute z:Ref="i125"/></URDFElement><URDFElement z:Id="i126" i:type="SafetyController"><Attributes><Attribute z:Id="i127"><AttributeType>soft_upper_limit</AttributeType><IsRequired>false</IsRequired><Value i:nil="true"/></Attribute><Attribute z:Id="i128"><AttributeType>soft_lower_limit</AttributeType><IsRequired>false</IsRequired><Value i:nil="true"/></Attribute><Attribute z:Id="i129"><AttributeType>k_position</AttributeType><IsRequired>false</IsRequired><Value i:nil="true"/></Attribute><Attribute z:Id="i130"><AttributeType>k_velocity</AttributeType><IsRequired>true</IsRequired><Value i:nil="true"/></Attribute></Attributes><ChildElements/><ElementName>safety_controller</ElementName><required>false</required><KPositionAttribute z:Ref="i129"/><KVelocityAttribute z:Ref="i130"/><SoftLowerAttribute z:Ref="i128"/><SoftUpperAttribute z:Ref="i127"/></URDFElement><URDFElement z:Id="i131" i:type="Mimic"><Attributes><Attribute z:Id="i132"><AttributeType>joint</AttributeType><IsRequired>true</IsRequired><Value i:nil="true"/></Attribute><Attribute z:Id="i133"><AttributeType>multiplier</AttributeType><IsRequired>false</IsRequired><Value i:nil="true"/></Attribute><Attribute z:Id="i134"><AttributeType>offset</AttributeType><IsRequired>false</IsRequired><Value i:nil="true"/></Attribute></Attributes><ChildElements/><ElementName>mimic</ElementName><required>false</required><JointNameAttribute z:Ref="i132"/><MultiplierAttribute z:Ref="i133"/><OffsetAttribute z:Ref="i134"/></URDFElement></ChildElements><ElementName>joint</ElementName><required>false</required><Axis z:Ref="i113"/><AxisName>front_left</AxisName><Calibration z:Ref="i120"/><Child z:Ref="i111"/><CoordinateSystemName>front_right_wheel</CoordinateSystemName><Dynamics z:Ref="i123"/><Limit z:Ref="i115"/><Mimic z:Ref="i131"/><NameAttribute z:Ref="i104"/><Origin z:Ref="i106"/><Parent z:Ref="i109"/><Safety z:Ref="i126"/><TypeAttribute z:Ref="i105"/></URDFElement></ChildElements><ElementName>link</ElementName><required>true</required><Children/><Collision z:Ref="i96"/><Inertial z:Ref="i70"/><Joint z:Ref="i103"/><NameAttribute z:Ref="i69"/><Parent z:Ref="i1"/><STLQualityFine>false</STLQualityFine><SWComponentPIDs xmlns:a="http://schemas.microsoft.com/2003/10/Serialization/Arrays"><a:base64Binary>UEYAAAUAAAD//v9FdwBoAGUAZQBsACAAYQBzAHMAZQBtAGIAbAB5AC0AMwBAAEYAdQBsAGwAIABhAHMAcwBlAG0AYgBsAHkALwBXAGgAZQBlAGwAIAAzAGQAcwBjAGEAbgAgAGIAYQBzAGUAZAAgAFYAMwAtADEAQAB3AGgAZQBlAGwAIABhAHMAcwBlAG0AYgBsAHkABAAAABAAAAABAAAAAgAAAAwBAACFAAAA</a:base64Binary><a:base64Binary>UEYAAAUAAAD//v9OdwBoAGUAZQBsACAAYQBzAHMAZQBtAGIAbAB5AC0AMwBAAEYAdQBsAGwAIABhAHMAcwBlAG0AYgBsAHkALwBXAGgAZQBlAGwAIABoAHUAYgAgAHAAbABhAHQAZQBeAHcAaABlAGUAbAAgAGEAcwBzAGUAbQBiAGwAeQAtADEAQAB3AGgAZQBlAGwAIABhAHMAcwBlAG0AYgBsAHkABAAAABAAAAABAAAAAgAAAAwBAABNAAAA</a:base64Binary><a:base64Binary>UEYAAAUAAAD//v9EdwBoAGUAZQBsACAAYQBzAHMAZQBtAGIAbAB5AC0AMwBAAEYAdQBsAGwAIABhAHMAcwBlAG0AYgBsAHkALwBQAGEAcgB0ADIAXgB3AGgAZQBlAGwAIABhAHMAcwBlAG0AYgBsAHkALQAxAEAAdwBoAGUAZQBsACAAYQBzAHMAZQBtAGIAbAB5AAQAAAAQAAAAAQAAAAIAAAAMAQAAkwAAAA==</a:base64Binary><a:base64Binary>UEYAAAUAAAD//v9QdwBoAGUAZQBsACAAYQBzAHMAZQBtAGIAbAB5AC0AMwBAAEYAdQBsAGwAIABhAHMAcwBlAG0AYgBsAHkALwAxADQAbQBtACAAawBlAHkAdwBhAHkAIABmAGwAYQBuAGcAZQAgAGMAbwB1AHAAbABpAG4AZwAgACgAbQA1ACkALQAxAEAAdwBoAGUAZQBsACAAYQBzAHMAZQBtAGIAbAB5AAQAAAAQAAAAAQAAAAIAAAAMAQAAHgAAAA==</a:base64Binary><a:base64Binary>UEYAAAUAAAD//v9IdwBoAGUAZQBsACAAYQBzAHMAZQBtAGIAbAB5AC0AMwBAAEYAdQBsAGwAIABhAHMAcwBlAG0AYgBsAHkALwBXAGgAZQBlAGwAIABjAHUAcABeAHcAaABlAGUAbAAgAGEAcwBzAGUAbQBiAGwAeQAtADEAQAB3AGgAZQBlAGwAIABhAHMAcwBlAG0AYgBsAHkABAAAABAAAAABAAAAAgAAAAwBAACPAAAA</a:base64Binary></SWComponentPIDs><SWMainComponentPID i:nil="true"/><Visual z:Ref="i83"/><isFixedFrame>false</isFixedFrame><isIncomplete>false</isIncomplete></Link><Link z:Id="i135"><Attributes><Attribute z:Id="i136"><AttributeType>name</AttributeType><IsRequired>true</IsRequired><Value i:type="a:string" xmlns:a="http://www.w3.org/2001/XMLSchema">front_right_wheel</Value></Attribute></Attributes><ChildElements><URDFElement z:Id="i137" i:type="Inertial"><Attributes/><ChildElements><URDFElement z:Id="i138" i:type="Origin"><Attributes><Attribute z:Id="i139"><AttributeType>xyz</AttributeType><IsRequired>true</IsRequired><Value i:type="a:ArrayOfdouble" xmlns:a="http://schemas.microsoft.com/2003/10/Serialization/Arrays"><a:double>0</a:double><a:double>0</a:double><a:double>0</a:double></Value></Attribute><Attribute z:Id="i140"><AttributeType>rpy</AttributeType><IsRequired>true</IsRequired><Value i:type="a:ArrayOfdouble" xmlns:a="http://schemas.microsoft.com/2003/10/Serialization/Arrays"><a:double>0</a:double><a:double>0</a:double><a:double>0</a:double></Value></Attribute></Attributes><ChildElements/><ElementName>origin</ElementName><required>false</required><RPYAttribute z:Ref="i140"/><XYZAttribute z:Ref="i139"/><isCustomized>false</isCustomized></URDFElement><URDFElement z:Id="i141" i:type="Mass"><Attributes><Attribute z:Id="i142"><AttributeType>value</AttributeType><IsRequired>true</IsRequired><Value i:type="a:double" xmlns:a="http://www.w3.org/2001/XMLSchema">0</Value></Attribute></Attributes><ChildElements/><ElementName>mass</ElementName><required>false</required><ValueAttribute z:Ref="i142"/></URDFElement><URDFElement z:Id="i143" i:type="Inertia"><Attributes><Attribute z:Id="i144"><AttributeType>ixx</AttributeType><IsRequired>true</IsRequired><Value i:type="a:double" xmlns:a="http://www.w3.org/2001/XMLSchema">0</Value></Attribute><Attribute z:Id="i145"><AttributeType>ixy</AttributeType><IsRequired>true</IsRequired><Value i:type="a:double" xmlns:a="http://www.w3.org/2001/XMLSchema">0</Value></Attribute><Attribute z:Id="i146"><AttributeType>ixz</AttributeType><IsRequired>true</IsRequired><Value i:type="a:double" xmlns:a="http://www.w3.org/2001/XMLSchema">0</Value></Attribute><Attribute z:Id="i147"><AttributeType>iyy</AttributeType><IsRequired>true</IsRequired><Value i:type="a:double" xmlns:a="http://www.w3.org/2001/XMLSchema">0</Value></Attribute><Attribute z:Id="i148"><AttributeType>iyz</AttributeType><IsRequired>true</IsRequired><Value i:type="a:double" xmlns:a="http://www.w3.org/2001/XMLSchema">0</Value></Attribute><Attribute z:Id="i149"><AttributeType>izz</AttributeType><IsRequired>true</IsRequired><Value i:type="a:double" xmlns:a="http://www.w3.org/2001/XMLSchema">0</Value></Attribute></Attributes><ChildElements/><ElementName>inertia</ElementName><required>false</required><IxxAttribute z:Ref="i144"/><IxyAttribute z:Ref="i145"/><IxzAttribute z:Ref="i146"/><IyyAttribute z:Ref="i147"/><IyzAttribute z:Ref="i148"/><IzzAttribute z:Ref="i149"/></URDFElement></ChildElements><ElementName>inertial</ElementName><required>false</required><Inertia z:Ref="i143"/><Mass z:Ref="i141"/><Origin z:Ref="i138"/></URDFElement><URDFElement z:Id="i150" i:type="Visual"><Attributes/><ChildElements><URDFElement z:Id="i151" i:type="Origin"><Attributes><Attribute z:Id="i152"><AttributeType>xyz</AttributeType><IsRequired>true</IsRequired><Value i:type="a:ArrayOfdouble" xmlns:a="http://schemas.microsoft.com/2003/10/Serialization/Arrays"><a:double>0</a:double><a:double>0</a:double><a:double>0</a:double></Value></Attribute><Attribute z:Id="i153"><AttributeType>rpy</AttributeType><IsRequired>true</IsRequired><Value i:type="a:ArrayOfdouble" xmlns:a="http://schemas.microsoft.com/2003/10/Serialization/Arrays"><a:double>0</a:double><a:double>0</a:double><a:double>0</a:double></Value></Attribute></Attributes><ChildElements/><ElementName>origin</ElementName><required>false</required><RPYAttribute z:Ref="i153"/><XYZAttribute z:Ref="i152"/><isCustomized>false</isCustomized></URDFElement><URDFElement z:Id="i154" i:type="Geometry"><Attributes/><ChildElements><URDFElement z:Id="i155" i:type="Mesh"><Attributes><Attribute z:Id="i156"><AttributeType>filename</AttributeType><IsRequired>true</IsRequired><Value i:nil="true"/></Attribute></Attributes><ChildElements/><ElementName>mesh</ElementName><required>false</required><FilenameAttribute z:Ref="i156"/></URDFElement></ChildElements><ElementName>geometry</ElementName><required>true</required><Mesh z:Ref="i155"/></URDFElement><URDFElement z:Id="i157" i:type="Material"><Attributes><Attribute z:Id="i158"><AttributeType>name</AttributeType><IsRequired>true</IsRequired><Value i:type="a:string" xmlns:a="http://www.w3.org/2001/XMLSchema"/></Attribute></Attributes><ChildElements><URDFElement z:Id="i159" i:type="Color"><Attributes><Attribute z:Id="i160"><AttributeType>rgba</AttributeType><IsRequired>true</IsRequired><Value i:type="a:ArrayOfdouble" xmlns:a="http://schemas.microsoft.com/2003/10/Serialization/Arrays"><a:double>1</a:double><a:double>1</a:double><a:double>1</a:double><a:double>1</a:double></Value></Attribute></Attributes><ChildElements/><ElementName>color</ElementName><required>false</required><RGBAAttribute z:Ref="i160"/></URDFElement><URDFElement z:Id="i161" i:type="Texture"><Attributes><Attribute z:Id="i162"><AttributeType>filename</AttributeType><IsRequired>true</IsRequired><Value i:nil="true"/></Attribute></Attributes><ChildElements/><ElementName>texture</ElementName><required>false</required><FilenameAttribute z:Ref="i162"/><wFilename/></URDFElement></ChildElements><ElementName>material</ElementName><required>false</required><Color z:Ref="i159"/><NameAttribute z:Ref="i158"/><Texture z:Ref="i161"/></URDFElement></ChildElements><ElementName>visual</ElementName><required>false</required><Geometry z:Ref="i154"/><Material z:Ref="i157"/><Origin z:Ref="i151"/></URDFElement><URDFElement z:Id="i163" i:type="Collision"><Attributes/><ChildElements><URDFElement z:Id="i164" i:type="Origin"><Attributes><Attribute z:Id="i165"><AttributeType>xyz</AttributeType><IsRequired>true</IsRequired><Value i:type="a:ArrayOfdouble" xmlns:a="http://schemas.microsoft.com/2003/10/Serialization/Arrays"><a:double>0</a:double><a:double>0</a:double><a:double>0</a:double></Value></Attribute><Attribute z:Id="i166"><AttributeType>rpy</AttributeType><IsRequired>true</IsRequired><Value i:type="a:ArrayOfdouble" xmlns:a="http://schemas.microsoft.com/2003/10/Serialization/Arrays"><a:double>0</a:double><a:double>0</a:double><a:double>0</a:double></Value></Attribute></Attributes><ChildElements/><ElementName>origin</ElementName><required>false</required><RPYAttribute z:Ref="i166"/><XYZAttribute z:Ref="i165"/><isCustomized>false</isCustomized></URDFElement><URDFElement z:Id="i167" i:type="Geometry"><Attributes/><ChildElements><URDFElement z:Id="i168" i:type="Mesh"><Attributes><Attribute z:Id="i169"><AttributeType>filename</AttributeType><IsRequired>true</IsRequired><Value i:nil="true"/></Attribute></Attributes><ChildElements/><ElementName>mesh</ElementName><required>false</required><FilenameAttribute z:Ref="i169"/></URDFElement></ChildElements><ElementName>geometry</ElementName><required>true</required><Mesh z:Ref="i168"/></URDFElement></ChildElements><ElementName>collision</ElementName><required>false</required><Geometry z:Ref="i167"/><Origin z:Ref="i164"/></URDFElement><URDFElement z:Id="i170" i:type="Joint"><Attributes><Attribute z:Id="i171"><AttributeType>name</AttributeType><IsRequired>true</IsRequired><Value i:type="a:string" xmlns:a="http://www.w3.org/2001/XMLSchema">front_right_wheel_joint</Value></Attribute><Attribute z:Id="i172"><AttributeType>type</AttributeType><IsRequired>true</IsRequired><Value i:type="a:string" xmlns:a="http://www.w3.org/2001/XMLSchema">prismatic</Value></Attribute></Attributes><ChildElements><URDFElement z:Id="i173" i:type="Origin"><Attributes><Attribute z:Id="i174"><AttributeType>xyz</AttributeType><IsRequired>true</IsRequired><Value i:type="a:ArrayOfdouble" xmlns:a="http://schemas.microsoft.com/2003/10/Serialization/Arrays"><a:double>0</a:double><a:double>0</a:double><a:double>0</a:double></Value></Attribute><Attribute z:Id="i175"><AttributeType>rpy</AttributeType><IsRequired>true</IsRequired><Value i:type="a:ArrayOfdouble" xmlns:a="http://schemas.microsoft.com/2003/10/Serialization/Arrays"><a:double>0</a:double><a:double>0</a:double><a:double>0</a:double></Value></Attribute></Attributes><ChildElements/><ElementName>origin</ElementName><required>false</required><RPYAttribute z:Ref="i175"/><XYZAttribute z:Ref="i174"/><isCustomized>false</isCustomized></URDFElement><URDFElement z:Id="i176" i:type="ParentLink"><Attributes><Attribute z:Id="i177"><AttributeType>link</AttributeType><IsRequired>true</IsRequired><Value i:type="a:string" xmlns:a="http://www.w3.org/2001/XMLSchema"/></Attribute></Attributes><ChildElements/><ElementName>parent</ElementName><required>true</required><NameAttribute z:Ref="i177"/></URDFElement><URDFElement z:Id="i178" i:type="ChildLink"><Attributes><Attribute z:Id="i179"><AttributeType>link</AttributeType><IsRequired>true</IsRequired><Value i:type="a:string" xmlns:a="http://www.w3.org/2001/XMLSchema"/></Attribute></Attributes><ChildElements/><ElementName>child</ElementName><required>true</required><NameAttribute z:Ref="i179"/></URDFElement><URDFElement z:Id="i180" i:type="Axis"><Attributes><Attribute z:Id="i181"><AttributeType>xyz</AttributeType><IsRequired>true</IsRequired><Value i:type="a:ArrayOfdouble" xmlns:a="http://schemas.microsoft.com/2003/10/Serialization/Arrays"><a:double>0</a:double><a:double>0</a:double><a:double>0</a:double></Value></Attribute></Attributes><ChildElements/><ElementName>axis</ElementName><required>false</required><XYZAttribute z:Ref="i181"/></URDFElement><URDFElement z:Id="i182" i:type="Limit"><Attributes><Attribute z:Id="i183"><AttributeType>lower</AttributeType><IsRequired>false</IsRequired><Value i:nil="true"/></Attribute><Attribute z:Id="i184"><AttributeType>upper</AttributeType><IsRequired>false</IsRequired><Value i:nil="true"/></Attribute><Attribute z:Id="i185"><AttributeType>effort</AttributeType><IsRequired>true</IsRequired><Value i:nil="true"/></Attribute><Attribute z:Id="i186"><AttributeType>velocity</AttributeType><IsRequired>true</IsRequired><Value i:nil="true"/></Attribute></Attributes><ChildElements/><ElementName>limit</ElementName><required>false</required><EffortAttribute z:Ref="i185"/><LowerAttribute z:Ref="i183"/><UpperAttribute z:Ref="i184"/><VelocityAttribute z:Ref="i186"/></URDFElement><URDFElement z:Id="i187" i:type="Calibration"><Attributes><Attribute z:Id="i188"><AttributeType>rising</AttributeType><IsRequired>false</IsRequired><Value i:nil="true"/></Attribute><Attribute z:Id="i189"><AttributeType>falling</AttributeType><IsRequired>false</IsRequired><Value i:nil="true"/></Attribute></Attributes><ChildElements/><ElementName>calibration</ElementName><required>false</required><FallingAttribute z:Ref="i189"/><RisingAttribute z:Ref="i188"/></URDFElement><URDFElement z:Id="i190" i:type="Dynamics"><Attributes><Attribute z:Id="i191"><AttributeType>damping</AttributeType><IsRequired>false</IsRequired><Value i:nil="true"/></Attribute><Attribute z:Id="i192"><AttributeType>friction</AttributeType><IsRequired>false</IsRequired><Value i:nil="true"/></Attribute></Attributes><ChildElements/><ElementName>dynamics</ElementName><required>false</required><DampingAttribute z:Ref="i191"/><FrictionAttribute z:Ref="i192"/></URDFElement><URDFElement z:Id="i193" i:type="SafetyController"><Attributes><Attribute z:Id="i194"><AttributeType>soft_upper_limit</AttributeType><IsRequired>false</IsRequired><Value i:nil="true"/></Attribute><Attribute z:Id="i195"><AttributeType>soft_lower_limit</AttributeType><IsRequired>false</IsRequired><Value i:nil="true"/></Attribute><Attribute z:Id="i196"><AttributeType>k_position</AttributeType><IsRequired>false</IsRequired><Value i:nil="true"/></Attribute><Attribute z:Id="i197"><AttributeType>k_velocity</AttributeType><IsRequired>true</IsRequired><Value i:nil="true"/></Attribute></Attributes><ChildElements/><ElementName>safety_controller</ElementName><required>false</required><KPositionAttribute z:Ref="i196"/><KVelocityAttribute z:Ref="i197"/><SoftLowerAttribute z:Ref="i195"/><SoftUpperAttribute z:Ref="i194"/></URDFElement><URDFElement z:Id="i198" i:type="Mimic"><Attributes><Attribute z:Id="i199"><AttributeType>joint</AttributeType><IsRequired>true</IsRequired><Value i:nil="true"/></Attribute><Attribute z:Id="i200"><AttributeType>multiplier</AttributeType><IsRequired>false</IsRequired><Value i:nil="true"/></Attribute><Attribute z:Id="i201"><AttributeType>offset</AttributeType><IsRequired>false</IsRequired><Value i:nil="true"/></Attribute></Attributes><ChildElements/><ElementName>mimic</ElementName><required>false</required><JointNameAttribute z:Ref="i199"/><MultiplierAttribute z:Ref="i200"/><OffsetAttribute z:Ref="i201"/></URDFElement></ChildElements><ElementName>joint</ElementName><required>false</required><Axis z:Ref="i180"/><AxisName>front_right</AxisName><Calibration z:Ref="i187"/><Child z:Ref="i178"/><CoordinateSystemName>front_right_wheel</CoordinateSystemName><Dynamics z:Ref="i190"/><Limit z:Ref="i182"/><Mimic z:Ref="i198"/><NameAttribute z:Ref="i171"/><Origin z:Ref="i173"/><Parent z:Ref="i176"/><Safety z:Ref="i193"/><TypeAttribute z:Ref="i172"/></URDFElement></ChildElements><ElementName>link</ElementName><required>true</required><Children/><Collision z:Ref="i163"/><Inertial z:Ref="i137"/><Joint z:Ref="i170"/><NameAttribute z:Ref="i136"/><Parent z:Ref="i1"/><STLQualityFine>false</STLQualityFine><SWComponentPIDs xmlns:a="http://schemas.microsoft.com/2003/10/Serialization/Arrays"><a:base64Binary>UEYAAAUAAAD//v9FdwBoAGUAZQBsACAAYQBzAHMAZQBtAGIAbAB5AC0AMQBAAEYAdQBsAGwAIABhAHMAcwBlAG0AYgBsAHkALwBXAGgAZQBlAGwAIAAzAGQAcwBjAGEAbgAgAGIAYQBzAGUAZAAgAFYAMwAtADEAQAB3AGgAZQBlAGwAIABhAHMAcwBlAG0AYgBsAHkABAAAABAAAAABAAAAAgAAAAIBAACFAAAA</a:base64Binary><a:base64Binary>UEYAAAUAAAD//v9OdwBoAGUAZQBsACAAYQBzAHMAZQBtAGIAbAB5AC0AMQBAAEYAdQBsAGwAIABhAHMAcwBlAG0AYgBsAHkALwBXAGgAZQBlAGwAIABoAHUAYgAgAHAAbABhAHQAZQBeAHcAaABlAGUAbAAgAGEAcwBzAGUAbQBiAGwAeQAtADEAQAB3AGgAZQBlAGwAIABhAHMAcwBlAG0AYgBsAHkABAAAABAAAAABAAAAAgAAAAIBAABNAAAA</a:base64Binary><a:base64Binary>UEYAAAUAAAD//v9EdwBoAGUAZQBsACAAYQBzAHMAZQBtAGIAbAB5AC0AMQBAAEYAdQBsAGwAIABhAHMAcwBlAG0AYgBsAHkALwBQAGEAcgB0ADIAXgB3AGgAZQBlAGwAIABhAHMAcwBlAG0AYgBsAHkALQAxAEAAdwBoAGUAZQBsACAAYQBzAHMAZQBtAGIAbAB5AAQAAAAQAAAAAQAAAAIAAAACAQAAkwAAAA==</a:base64Binary><a:base64Binary>UEYAAAUAAAD//v9QdwBoAGUAZQBsACAAYQBzAHMAZQBtAGIAbAB5AC0AMQBAAEYAdQBsAGwAIABhAHMAcwBlAG0AYgBsAHkALwAxADQAbQBtACAAawBlAHkAdwBhAHkAIABmAGwAYQBuAGcAZQAgAGMAbwB1AHAAbABpAG4AZwAgACgAbQA1ACkALQAxAEAAdwBoAGUAZQBsACAAYQBzAHMAZQBtAGIAbAB5AAQAAAAQAAAAAQAAAAIAAAACAQAAHgAAAA==</a:base64Binary><a:base64Binary>UEYAAAUAAAD//v9IdwBoAGUAZQBsACAAYQBzAHMAZQBtAGIAbAB5AC0AMQBAAEYAdQBsAGwAIABhAHMAcwBlAG0AYgBsAHkALwBXAGgAZQBlAGwAIABjAHUAcABeAHcAaABlAGUAbAAgAGEAcwBzAGUAbQBiAGwAeQAtADEAQAB3AGgAZQBlAGwAIABhAHMAcwBlAG0AYgBsAHkABAAAABAAAAABAAAAAgAAAAIBAACPAAAA</a:base64Binary></SWComponentPIDs><SWMainComponentPID i:nil="true"/><Visual z:Ref="i150"/><isFixedFrame>false</isFixedFrame><isIncomplete>false</isIncomplete></Link><Link z:Id="i202"><Attributes><Attribute z:Id="i203"><AttributeType>name</AttributeType><IsRequired>true</IsRequired><Value i:type="a:string" xmlns:a="http://www.w3.org/2001/XMLSchema">rear_left_wheel</Value></Attribute></Attributes><ChildElements><URDFElement z:Id="i204" i:type="Inertial"><Attributes/><ChildElements><URDFElement z:Id="i205" i:type="Origin"><Attributes><Attribute z:Id="i206"><AttributeType>xyz</AttributeType><IsRequired>true</IsRequired><Value i:type="a:ArrayOfdouble" xmlns:a="http://schemas.microsoft.com/2003/10/Serialization/Arrays"><a:double>0</a:double><a:double>0</a:double><a:double>0</a:double></Value></Attribute><Attribute z:Id="i207"><AttributeType>rpy</AttributeType><IsRequired>true</IsRequired><Value i:type="a:ArrayOfdouble" xmlns:a="http://schemas.microsoft.com/2003/10/Serialization/Arrays"><a:double>0</a:double><a:double>0</a:double><a:double>0</a:double></Value></Attribute></Attributes><ChildElements/><ElementName>origin</ElementName><required>false</required><RPYAttribute z:Ref="i207"/><XYZAttribute z:Ref="i206"/><isCustomized>false</isCustomized></URDFElement><URDFElement z:Id="i208" i:type="Mass"><Attributes><Attribute z:Id="i209"><AttributeType>value</AttributeType><IsRequired>true</IsRequired><Value i:type="a:double" xmlns:a="http://www.w3.org/2001/XMLSchema">0</Value></Attribute></Attributes><ChildElements/><ElementName>mass</ElementName><required>false</required><ValueAttribute z:Ref="i209"/></URDFElement><URDFElement z:Id="i210" i:type="Inertia"><Attributes><Attribute z:Id="i211"><AttributeType>ixx</AttributeType><IsRequired>true</IsRequired><Value i:type="a:double" xmlns:a="http://www.w3.org/2001/XMLSchema">0</Value></Attribute><Attribute z:Id="i212"><AttributeType>ixy</AttributeType><IsRequired>true</IsRequired><Value i:type="a:double" xmlns:a="http://www.w3.org/2001/XMLSchema">0</Value></Attribute><Attribute z:Id="i213"><AttributeType>ixz</AttributeType><IsRequired>true</IsRequired><Value i:type="a:double" xmlns:a="http://www.w3.org/2001/XMLSchema">0</Value></Attribute><Attribute z:Id="i214"><AttributeType>iyy</AttributeType><IsRequired>true</IsRequired><Value i:type="a:double" xmlns:a="http://www.w3.org/2001/XMLSchema">0</Value></Attribute><Attribute z:Id="i215"><AttributeType>iyz</AttributeType><IsRequired>true</IsRequired><Value i:type="a:double" xmlns:a="http://www.w3.org/2001/XMLSchema">0</Value></Attribute><Attribute z:Id="i216"><AttributeType>izz</AttributeType><IsRequired>true</IsRequired><Value i:type="a:double" xmlns:a="http://www.w3.org/2001/XMLSchema">0</Value></Attribute></Attributes><ChildElements/><ElementName>inertia</ElementName><required>false</required><IxxAttribute z:Ref="i211"/><IxyAttribute z:Ref="i212"/><IxzAttribute z:Ref="i213"/><IyyAttribute z:Ref="i214"/><IyzAttribute z:Ref="i215"/><IzzAttribute z:Ref="i216"/></URDFElement></ChildElements><ElementName>inertial</ElementName><required>false</required><Inertia z:Ref="i210"/><Mass z:Ref="i208"/><Origin z:Ref="i205"/></URDFElement><URDFElement z:Id="i217" i:type="Visual"><Attributes/><ChildElements><URDFElement z:Id="i218" i:type="Origin"><Attributes><Attribute z:Id="i219"><AttributeType>xyz</AttributeType><IsRequired>true</IsRequired><Value i:type="a:ArrayOfdouble" xmlns:a="http://schemas.microsoft.com/2003/10/Serialization/Arrays"><a:double>0</a:double><a:double>0</a:double><a:double>0</a:double></Value></Attribute><Attribute z:Id="i220"><AttributeType>rpy</AttributeType><IsRequired>true</IsRequired><Value i:type="a:ArrayOfdouble" xmlns:a="http://schemas.microsoft.com/2003/10/Serialization/Arrays"><a:double>0</a:double><a:double>0</a:double><a:double>0</a:double></Value></Attribute></Attributes><ChildElements/><ElementName>origin</ElementName><required>false</required><RPYAttribute z:Ref="i220"/><XYZAttribute z:Ref="i219"/><isCustomized>false</isCustomized></URDFElement><URDFElement z:Id="i221" i:type="Geometry"><Attributes/><ChildElements><URDFElement z:Id="i222" i:type="Mesh"><Attributes><Attribute z:Id="i223"><AttributeType>filename</AttributeType><IsRequired>true</IsRequired><Value i:nil="true"/></Attribute></Attributes><ChildElements/><ElementName>mesh</ElementName><required>false</required><FilenameAttribute z:Ref="i223"/></URDFElement></ChildElements><ElementName>geometry</ElementName><required>true</required><Mesh z:Ref="i222"/></URDFElement><URDFElement z:Id="i224" i:type="Material"><Attributes><Attribute z:Id="i225"><AttributeType>name</AttributeType><IsRequired>true</IsRequired><Value i:type="a:string" xmlns:a="http://www.w3.org/2001/XMLSchema"/></Attribute></Attributes><ChildElements><URDFElement z:Id="i226" i:type="Color"><Attributes><Attribute z:Id="i227"><AttributeType>rgba</AttributeType><IsRequired>true</IsRequired><Value i:type="a:ArrayOfdouble" xmlns:a="http://schemas.microsoft.com/2003/10/Serialization/Arrays"><a:double>1</a:double><a:double>1</a:double><a:double>1</a:double><a:double>1</a:double></Value></Attribute></Attributes><ChildElements/><ElementName>color</ElementName><required>false</required><RGBAAttribute z:Ref="i227"/></URDFElement><URDFElement z:Id="i228" i:type="Texture"><Attributes><Attribute z:Id="i229"><AttributeType>filename</AttributeType><IsRequired>true</IsRequired><Value i:nil="true"/></Attribute></Attributes><ChildElements/><ElementName>texture</ElementName><required>false</required><FilenameAttribute z:Ref="i229"/><wFilename/></URDFElement></ChildElements><ElementName>material</ElementName><required>false</required><Color z:Ref="i226"/><NameAttribute z:Ref="i225"/><Texture z:Ref="i228"/></URDFElement></ChildElements><ElementName>visual</ElementName><required>false</required><Geometry z:Ref="i221"/><Material z:Ref="i224"/><Origin z:Ref="i218"/></URDFElement><URDFElement z:Id="i230" i:type="Collision"><Attributes/><ChildElements><URDFElement z:Id="i231" i:type="Origin"><Attributes><Attribute z:Id="i232"><AttributeType>xyz</AttributeType><IsRequired>true</IsRequired><Value i:type="a:ArrayOfdouble" xmlns:a="http://schemas.microsoft.com/2003/10/Serialization/Arrays"><a:double>0</a:double><a:double>0</a:double><a:double>0</a:double></Value></Attribute><Attribute z:Id="i233"><AttributeType>rpy</AttributeType><IsRequired>true</IsRequired><Value i:type="a:ArrayOfdouble" xmlns:a="http://schemas.microsoft.com/2003/10/Serialization/Arrays"><a:double>0</a:double><a:double>0</a:double><a:double>0</a:double></Value></Attribute></Attributes><ChildElements/><ElementName>origin</ElementName><required>false</required><RPYAttribute z:Ref="i233"/><XYZAttribute z:Ref="i232"/><isCustomized>false</isCustomized></URDFElement><URDFElement z:Id="i234" i:type="Geometry"><Attributes/><ChildElements><URDFElement z:Id="i235" i:type="Mesh"><Attributes><Attribute z:Id="i236"><AttributeType>filename</AttributeType><IsRequired>true</IsRequired><Value i:nil="true"/></Attribute></Attributes><ChildElements/><ElementName>mesh</ElementName><required>false</required><FilenameAttribute z:Ref="i236"/></URDFElement></ChildElements><ElementName>geometry</ElementName><required>true</required><Mesh z:Ref="i235"/></URDFElement></ChildElements><ElementName>collision</ElementName><required>false</required><Geometry z:Ref="i234"/><Origin z:Ref="i231"/></URDFElement><URDFElement z:Id="i237" i:type="Joint"><Attributes><Attribute z:Id="i238"><AttributeType>name</AttributeType><IsRequired>true</IsRequired><Value i:type="a:string" xmlns:a="http://www.w3.org/2001/XMLSchema">rear_left_wheel_joint</Value></Attribute><Attribute z:Id="i239"><AttributeType>type</AttributeType><IsRequired>true</IsRequired><Value i:type="a:string" xmlns:a="http://www.w3.org/2001/XMLSchema">revolute</Value></Attribute></Attributes><ChildElements><URDFElement z:Id="i240" i:type="Origin"><Attributes><Attribute z:Id="i241"><AttributeType>xyz</AttributeType><IsRequired>true</IsRequired><Value i:type="a:ArrayOfdouble" xmlns:a="http://schemas.microsoft.com/2003/10/Serialization/Arrays"><a:double>0</a:double><a:double>0</a:double><a:double>0</a:double></Value></Attribute><Attribute z:Id="i242"><AttributeType>rpy</AttributeType><IsRequired>true</IsRequired><Value i:type="a:ArrayOfdouble" xmlns:a="http://schemas.microsoft.com/2003/10/Serialization/Arrays"><a:double>0</a:double><a:double>0</a:double><a:double>0</a:double></Value></Attribute></Attributes><ChildElements/><ElementName>origin</ElementName><required>false</required><RPYAttribute z:Ref="i242"/><XYZAttribute z:Ref="i241"/><isCustomized>false</isCustomized></URDFElement><URDFElement z:Id="i243" i:type="ParentLink"><Attributes><Attribute z:Id="i244"><AttributeType>link</AttributeType><IsRequired>true</IsRequired><Value i:type="a:string" xmlns:a="http://www.w3.org/2001/XMLSchema"/></Attribute></Attributes><ChildElements/><ElementName>parent</ElementName><required>true</required><NameAttribute z:Ref="i244"/></URDFElement><URDFElement z:Id="i245" i:type="ChildLink"><Attributes><Attribute z:Id="i246"><AttributeType>link</AttributeType><IsRequired>true</IsRequired><Value i:type="a:string" xmlns:a="http://www.w3.org/2001/XMLSchema"/></Attribute></Attributes><ChildElements/><ElementName>child</ElementName><required>true</required><NameAttribute z:Ref="i246"/></URDFElement><URDFElement z:Id="i247" i:type="Axis"><Attributes><Attribute z:Id="i248"><AttributeType>xyz</AttributeType><IsRequired>true</IsRequired><Value i:type="a:ArrayOfdouble" xmlns:a="http://schemas.microsoft.com/2003/10/Serialization/Arrays"><a:double>0</a:double><a:double>0</a:double><a:double>0</a:double></Value></Attribute></Attributes><ChildElements/><ElementName>axis</ElementName><required>false</required><XYZAttribute z:Ref="i248"/></URDFElement><URDFElement z:Id="i249" i:type="Limit"><Attributes><Attribute z:Id="i250"><AttributeType>lower</AttributeType><IsRequired>false</IsRequired><Value i:nil="true"/></Attribute><Attribute z:Id="i251"><AttributeType>upper</AttributeType><IsRequired>false</IsRequired><Value i:nil="true"/></Attribute><Attribute z:Id="i252"><AttributeType>effort</AttributeType><IsRequired>true</IsRequired><Value i:nil="true"/></Attribute><Attribute z:Id="i253"><AttributeType>velocity</AttributeType><IsRequired>true</IsRequired><Value i:nil="true"/></Attribute></Attributes><ChildElements/><ElementName>limit</ElementName><required>false</required><EffortAttribute z:Ref="i252"/><LowerAttribute z:Ref="i250"/><UpperAttribute z:Ref="i251"/><VelocityAttribute z:Ref="i253"/></URDFElement><URDFElement z:Id="i254" i:type="Calibration"><Attributes><Attribute z:Id="i255"><AttributeType>rising</AttributeType><IsRequired>false</IsRequired><Value i:nil="true"/></Attribute><Attribute z:Id="i256"><AttributeType>falling</AttributeType><IsRequired>false</IsRequired><Value i:nil="true"/></Attribute></Attributes><ChildElements/><ElementName>calibration</ElementName><required>false</required><FallingAttribute z:Ref="i256"/><RisingAttribute z:Ref="i255"/></URDFElement><URDFElement z:Id="i257" i:type="Dynamics"><Attributes><Attribute z:Id="i258"><AttributeType>damping</AttributeType><IsRequired>false</IsRequired><Value i:nil="true"/></Attribute><Attribute z:Id="i259"><AttributeType>friction</AttributeType><IsRequired>false</IsRequired><Value i:nil="true"/></Attribute></Attributes><ChildElements/><ElementName>dynamics</ElementName><required>false</required><DampingAttribute z:Ref="i258"/><FrictionAttribute z:Ref="i259"/></URDFElement><URDFElement z:Id="i260" i:type="SafetyController"><Attributes><Attribute z:Id="i261"><AttributeType>soft_upper_limit</AttributeType><IsRequired>false</IsRequired><Value i:nil="true"/></Attribute><Attribute z:Id="i262"><AttributeType>soft_lower_limit</AttributeType><IsRequired>false</IsRequired><Value i:nil="true"/></Attribute><Attribute z:Id="i263"><AttributeType>k_position</AttributeType><IsRequired>false</IsRequired><Value i:nil="true"/></Attribute><Attribute z:Id="i264"><AttributeType>k_velocity</AttributeType><IsRequired>true</IsRequired><Value i:nil="true"/></Attribute></Attributes><ChildElements/><ElementName>safety_controller</ElementName><required>false</required><KPositionAttribute z:Ref="i263"/><KVelocityAttribute z:Ref="i264"/><SoftLowerAttribute z:Ref="i262"/><SoftUpperAttribute z:Ref="i261"/></URDFElement><URDFElement z:Id="i265" i:type="Mimic"><Attributes><Attribute z:Id="i266"><AttributeType>joint</AttributeType><IsRequired>true</IsRequired><Value i:nil="true"/></Attribute><Attribute z:Id="i267"><AttributeType>multiplier</AttributeType><IsRequired>false</IsRequired><Value i:nil="true"/></Attribute><Attribute z:Id="i268"><AttributeType>offset</AttributeType><IsRequired>false</IsRequired><Value i:nil="true"/></Attribute></Attributes><ChildElements/><ElementName>mimic</ElementName><required>false</required><JointNameAttribute z:Ref="i266"/><MultiplierAttribute z:Ref="i267"/><OffsetAttribute z:Ref="i268"/></URDFElement></ChildElements><ElementName>joint</ElementName><required>false</required><Axis z:Ref="i247"/><AxisName>rear_left</AxisName><Calibration z:Ref="i254"/><Child z:Ref="i245"/><CoordinateSystemName>rear__left_wheel</CoordinateSystemName><Dynamics z:Ref="i257"/><Limit z:Ref="i249"/><Mimic z:Ref="i265"/><NameAttribute z:Ref="i238"/><Origin z:Ref="i240"/><Parent z:Ref="i243"/><Safety z:Ref="i260"/><TypeAttribute z:Ref="i239"/></URDFElement></ChildElements><ElementName>link</ElementName><required>true</required><Children/><Collision z:Ref="i230"/><Inertial z:Ref="i204"/><Joint z:Ref="i237"/><NameAttribute z:Ref="i203"/><Parent z:Ref="i1"/><STLQualityFine>false</STLQualityFine><SWComponentPIDs xmlns:a="http://schemas.microsoft.com/2003/10/Serialization/Arrays"><a:base64Binary>UEYAAAUAAAD//v9FdwBoAGUAZQBsACAAYQBzAHMAZQBtAGIAbAB5AC0AMgBAAEYAdQBsAGwAIABhAHMAcwBlAG0AYgBsAHkALwBXAGgAZQBlAGwAIAAzAGQAcwBjAGEAbgAgAGIAYQBzAGUAZAAgAFYAMwAtADEAQAB3AGgAZQBlAGwAIABhAHMAcwBlAG0AYgBsAHkABAAAABAAAAABAAAAAgAAAAkBAACFAAAA</a:base64Binary><a:base64Binary>UEYAAAUAAAD//v9OdwBoAGUAZQBsACAAYQBzAHMAZQBtAGIAbAB5AC0AMgBAAEYAdQBsAGwAIABhAHMAcwBlAG0AYgBsAHkALwBXAGgAZQBlAGwAIABoAHUAYgAgAHAAbABhAHQAZQBeAHcAaABlAGUAbAAgAGEAcwBzAGUAbQBiAGwAeQAtADEAQAB3AGgAZQBlAGwAIABhAHMAcwBlAG0AYgBsAHkABAAAABAAAAABAAAAAgAAAAkBAABNAAAA</a:base64Binary><a:base64Binary>UEYAAAUAAAD//v9EdwBoAGUAZQBsACAAYQBzAHMAZQBtAGIAbAB5AC0AMgBAAEYAdQBsAGwAIABhAHMAcwBlAG0AYgBsAHkALwBQAGEAcgB0ADIAXgB3AGgAZQBlAGwAIABhAHMAcwBlAG0AYgBsAHkALQAxAEAAdwBoAGUAZQBsACAAYQBzAHMAZQBtAGIAbAB5AAQAAAAQAAAAAQAAAAIAAAAJAQAAkwAAAA==</a:base64Binary><a:base64Binary>UEYAAAUAAAD//v9QdwBoAGUAZQBsACAAYQBzAHMAZQBtAGIAbAB5AC0AMgBAAEYAdQBsAGwAIABhAHMAcwBlAG0AYgBsAHkALwAxADQAbQBtACAAawBlAHkAdwBhAHkAIABmAGwAYQBuAGcAZQAgAGMAbwB1AHAAbABpAG4AZwAgACgAbQA1ACkALQAxAEAAdwBoAGUAZQBsACAAYQBzAHMAZQBtAGIAbAB5AAQAAAAQAAAAAQAAAAIAAAAJAQAAHgAAAA==</a:base64Binary><a:base64Binary>UEYAAAUAAAD//v9IdwBoAGUAZQBsACAAYQBzAHMAZQBtAGIAbAB5AC0AMgBAAEYAdQBsAGwAIABhAHMAcwBlAG0AYgBsAHkALwBXAGgAZQBlAGwAIABjAHUAcABeAHcAaABlAGUAbAAgAGEAcwBzAGUAbQBiAGwAeQAtADEAQAB3AGgAZQBlAGwAIABhAHMAcwBlAG0AYgBsAHkABAAAABAAAAABAAAAAgAAAAkBAACPAAAA</a:base64Binary></SWComponentPIDs><SWMainComponentPID i:nil="true"/><Visual z:Ref="i217"/><isFixedFrame>false</isFixedFrame><isIncomplete>false</isIncomplete></Link><Link z:Id="i269"><Attributes><Attribute z:Id="i270"><AttributeType>name</AttributeType><IsRequired>true</IsRequired><Value i:type="a:string" xmlns:a="http://www.w3.org/2001/XMLSchema">rear_right_wheel</Value></Attribute></Attributes><ChildElements><URDFElement z:Id="i271" i:type="Inertial"><Attributes/><ChildElements><URDFElement z:Id="i272" i:type="Origin"><Attributes><Attribute z:Id="i273"><AttributeType>xyz</AttributeType><IsRequired>true</IsRequired><Value i:type="a:ArrayOfdouble" xmlns:a="http://schemas.microsoft.com/2003/10/Serialization/Arrays"><a:double>0</a:double><a:double>0</a:double><a:double>0</a:double></Value></Attribute><Attribute z:Id="i274"><AttributeType>rpy</AttributeType><IsRequired>true</IsRequired><Value i:type="a:ArrayOfdouble" xmlns:a="http://schemas.microsoft.com/2003/10/Serialization/Arrays"><a:double>0</a:double><a:double>0</a:double><a:double>0</a:double></Value></Attribute></Attributes><ChildElements/><ElementName>origin</ElementName><required>false</required><RPYAttribute z:Ref="i274"/><XYZAttribute z:Ref="i273"/><isCustomized>false</isCustomized></URDFElement><URDFElement z:Id="i275" i:type="Mass"><Attributes><Attribute z:Id="i276"><AttributeType>value</AttributeType><IsRequired>true</IsRequired><Value i:type="a:double" xmlns:a="http://www.w3.org/2001/XMLSchema">0</Value></Attribute></Attributes><ChildElements/><ElementName>mass</ElementName><required>false</required><ValueAttribute z:Ref="i276"/></URDFElement><URDFElement z:Id="i277" i:type="Inertia"><Attributes><Attribute z:Id="i278"><AttributeType>ixx</AttributeType><IsRequired>true</IsRequired><Value i:type="a:double" xmlns:a="http://www.w3.org/2001/XMLSchema">0</Value></Attribute><Attribute z:Id="i279"><AttributeType>ixy</AttributeType><IsRequired>true</IsRequired><Value i:type="a:double" xmlns:a="http://www.w3.org/2001/XMLSchema">0</Value></Attribute><Attribute z:Id="i280"><AttributeType>ixz</AttributeType><IsRequired>true</IsRequired><Value i:type="a:double" xmlns:a="http://www.w3.org/2001/XMLSchema">0</Value></Attribute><Attribute z:Id="i281"><AttributeType>iyy</AttributeType><IsRequired>true</IsRequired><Value i:type="a:double" xmlns:a="http://www.w3.org/2001/XMLSchema">0</Value></Attribute><Attribute z:Id="i282"><AttributeType>iyz</AttributeType><IsRequired>true</IsRequired><Value i:type="a:double" xmlns:a="http://www.w3.org/2001/XMLSchema">0</Value></Attribute><Attribute z:Id="i283"><AttributeType>izz</AttributeType><IsRequired>true</IsRequired><Value i:type="a:double" xmlns:a="http://www.w3.org/2001/XMLSchema">0</Value></Attribute></Attributes><ChildElements/><ElementName>inertia</ElementName><required>false</required><IxxAttribute z:Ref="i278"/><IxyAttribute z:Ref="i279"/><IxzAttribute z:Ref="i280"/><IyyAttribute z:Ref="i281"/><IyzAttribute z:Ref="i282"/><IzzAttribute z:Ref="i283"/></URDFElement></ChildElements><ElementName>inertial</ElementName><required>false</required><Inertia z:Ref="i277"/><Mass z:Ref="i275"/><Origin z:Ref="i272"/></URDFElement><URDFElement z:Id="i284" i:type="Visual"><Attributes/><ChildElements><URDFElement z:Id="i285" i:type="Origin"><Attributes><Attribute z:Id="i286"><AttributeType>xyz</AttributeType><IsRequired>true</IsRequired><Value i:type="a:ArrayOfdouble" xmlns:a="http://schemas.microsoft.com/2003/10/Serialization/Arrays"><a:double>0</a:double><a:double>0</a:double><a:double>0</a:double></Value></Attribute><Attribute z:Id="i287"><AttributeType>rpy</AttributeType><IsRequired>true</IsRequired><Value i:type="a:ArrayOfdouble" xmlns:a="http://schemas.microsoft.com/2003/10/Serialization/Arrays"><a:double>0</a:double><a:double>0</a:double><a:double>0</a:double></Value></Attribute></Attributes><ChildElements/><ElementName>origin</ElementName><required>false</required><RPYAttribute z:Ref="i287"/><XYZAttribute z:Ref="i286"/><isCustomized>false</isCustomized></URDFElement><URDFElement z:Id="i288" i:type="Geometry"><Attributes/><ChildElements><URDFElement z:Id="i289" i:type="Mesh"><Attributes><Attribute z:Id="i290"><AttributeType>filename</AttributeType><IsRequired>true</IsRequired><Value i:nil="true"/></Attribute></Attributes><ChildElements/><ElementName>mesh</ElementName><required>false</required><FilenameAttribute z:Ref="i290"/></URDFElement></ChildElements><ElementName>geometry</ElementName><required>true</required><Mesh z:Ref="i289"/></URDFElement><URDFElement z:Id="i291" i:type="Material"><Attributes><Attribute z:Id="i292"><AttributeType>name</AttributeType><IsRequired>true</IsRequired><Value i:type="a:string" xmlns:a="http://www.w3.org/2001/XMLSchema"/></Attribute></Attributes><ChildElements><URDFElement z:Id="i293" i:type="Color"><Attributes><Attribute z:Id="i294"><AttributeType>rgba</AttributeType><IsRequired>true</IsRequired><Value i:type="a:ArrayOfdouble" xmlns:a="http://schemas.microsoft.com/2003/10/Serialization/Arrays"><a:double>1</a:double><a:double>1</a:double><a:double>1</a:double><a:double>1</a:double></Value></Attribute></Attributes><ChildElements/><ElementName>color</ElementName><required>false</required><RGBAAttribute z:Ref="i294"/></URDFElement><URDFElement z:Id="i295" i:type="Texture"><Attributes><Attribute z:Id="i296"><AttributeType>filename</AttributeType><IsRequired>true</IsRequired><Value i:nil="true"/></Attribute></Attributes><ChildElements/><ElementName>texture</ElementName><required>false</required><FilenameAttribute z:Ref="i296"/><wFilename/></URDFElement></ChildElements><ElementName>material</ElementName><required>false</required><Color z:Ref="i293"/><NameAttribute z:Ref="i292"/><Texture z:Ref="i295"/></URDFElement></ChildElements><ElementName>visual</ElementName><required>false</required><Geometry z:Ref="i288"/><Material z:Ref="i291"/><Origin z:Ref="i285"/></URDFElement><URDFElement z:Id="i297" i:type="Collision"><Attributes/><ChildElements><URDFElement z:Id="i298" i:type="Origin"><Attributes><Attribute z:Id="i299"><AttributeType>xyz</AttributeType><IsRequired>true</IsRequired><Value i:type="a:ArrayOfdouble" xmlns:a="http://schemas.microsoft.com/2003/10/Serialization/Arrays"><a:double>0</a:double><a:double>0</a:double><a:double>0</a:double></Value></Attribute><Attribute z:Id="i300"><AttributeType>rpy</AttributeType><IsRequired>true</IsRequired><Value i:type="a:ArrayOfdouble" xmlns:a="http://schemas.microsoft.com/2003/10/Serialization/Arrays"><a:double>0</a:double><a:double>0</a:double><a:double>0</a:double></Value></Attribute></Attributes><ChildElements/><ElementName>origin</ElementName><required>false</required><RPYAttribute z:Ref="i300"/><XYZAttribute z:Ref="i299"/><isCustomized>false</isCustomized></URDFElement><URDFElement z:Id="i301" i:type="Geometry"><Attributes/><ChildElements><URDFElement z:Id="i302" i:type="Mesh"><Attributes><Attribute z:Id="i303"><AttributeType>filename</AttributeType><IsRequired>true</IsRequired><Value i:nil="true"/></Attribute></Attributes><ChildElements/><ElementName>mesh</ElementName><required>false</required><FilenameAttribute z:Ref="i303"/></URDFElement></ChildElements><ElementName>geometry</ElementName><required>true</required><Mesh z:Ref="i302"/></URDFElement></ChildElements><ElementName>collision</ElementName><required>false</required><Geometry z:Ref="i301"/><Origin z:Ref="i298"/></URDFElement><URDFElement z:Id="i304" i:type="Joint"><Attributes><Attribute z:Id="i305"><AttributeType>name</AttributeType><IsRequired>true</IsRequired><Value i:type="a:string" xmlns:a="http://www.w3.org/2001/XMLSchema">rear_right_wheel_joint</Value></Attribute><Attribute z:Id="i306"><AttributeType>type</AttributeType><IsRequired>true</IsRequired><Value i:type="a:string" xmlns:a="http://www.w3.org/2001/XMLSchema">revolute</Value></Attribute></Attributes><ChildElements><URDFElement z:Id="i307" i:type="Origin"><Attributes><Attribute z:Id="i308"><AttributeType>xyz</AttributeType><IsRequired>true</IsRequired><Value i:type="a:ArrayOfdouble" xmlns:a="http://schemas.microsoft.com/2003/10/Serialization/Arrays"><a:double>0</a:double><a:double>0</a:double><a:double>0</a:double></Value></Attribute><Attribute z:Id="i309"><AttributeType>rpy</AttributeType><IsRequired>true</IsRequired><Value i:type="a:ArrayOfdouble" xmlns:a="http://schemas.microsoft.com/2003/10/Serialization/Arrays"><a:double>0</a:double><a:double>0</a:double><a:double>0</a:double></Value></Attribute></Attributes><ChildElements/><ElementName>origin</ElementName><required>false</required><RPYAttribute z:Ref="i309"/><XYZAttribute z:Ref="i308"/><isCustomized>false</isCustomized></URDFElement><URDFElement z:Id="i310" i:type="ParentLink"><Attributes><Attribute z:Id="i311"><AttributeType>link</AttributeType><IsRequired>true</IsRequired><Value i:type="a:string" xmlns:a="http://www.w3.org/2001/XMLSchema"/></Attribute></Attributes><ChildElements/><ElementName>parent</ElementName><required>true</required><NameAttribute z:Ref="i311"/></URDFElement><URDFElement z:Id="i312" i:type="ChildLink"><Attributes><Attribute z:Id="i313"><AttributeType>link</AttributeType><IsRequired>true</IsRequired><Value i:type="a:string" xmlns:a="http://www.w3.org/2001/XMLSchema"/></Attribute></Attributes><ChildElements/><ElementName>child</ElementName><required>true</required><NameAttribute z:Ref="i313"/></URDFElement><URDFElement z:Id="i314" i:type="Axis"><Attributes><Attribute z:Id="i315"><AttributeType>xyz</AttributeType><IsRequired>true</IsRequired><Value i:type="a:ArrayOfdouble" xmlns:a="http://schemas.microsoft.com/2003/10/Serialization/Arrays"><a:double>0</a:double><a:double>0</a:double><a:double>0</a:double></Value></Attribute></Attributes><ChildElements/><ElementName>axis</ElementName><required>false</required><XYZAttribute z:Ref="i315"/></URDFElement><URDFElement z:Id="i316" i:type="Limit"><Attributes><Attribute z:Id="i317"><AttributeType>lower</AttributeType><IsRequired>false</IsRequired><Value i:nil="true"/></Attribute><Attribute z:Id="i318"><AttributeType>upper</AttributeType><IsRequired>false</IsRequired><Value i:nil="true"/></Attribute><Attribute z:Id="i319"><AttributeType>effort</AttributeType><IsRequired>true</IsRequired><Value i:nil="true"/></Attribute><Attribute z:Id="i320"><AttributeType>velocity</AttributeType><IsRequired>true</IsRequired><Value i:nil="true"/></Attribute></Attributes><ChildElements/><ElementName>limit</ElementName><required>false</required><EffortAttribute z:Ref="i319"/><LowerAttribute z:Ref="i317"/><UpperAttribute z:Ref="i318"/><VelocityAttribute z:Ref="i320"/></URDFElement><URDFElement z:Id="i321" i:type="Calibration"><Attributes><Attribute z:Id="i322"><AttributeType>rising</AttributeType><IsRequired>false</IsRequired><Value i:nil="true"/></Attribute><Attribute z:Id="i323"><AttributeType>falling</AttributeType><IsRequired>false</IsRequired><Value i:nil="true"/></Attribute></Attributes><ChildElements/><ElementName>calibration</ElementName><required>false</required><FallingAttribute z:Ref="i323"/><RisingAttribute z:Ref="i322"/></URDFElement><URDFElement z:Id="i324" i:type="Dynamics"><Attributes><Attribute z:Id="i325"><AttributeType>damping</AttributeType><IsRequired>false</IsRequired><Value i:nil="true"/></Attribute><Attribute z:Id="i326"><AttributeType>friction</AttributeType><IsRequired>false</IsRequired><Value i:nil="true"/></Attribute></Attributes><ChildElements/><ElementName>dynamics</ElementName><required>false</required><DampingAttribute z:Ref="i325"/><FrictionAttribute z:Ref="i326"/></URDFElement><URDFElement z:Id="i327" i:type="SafetyController"><Attributes><Attribute z:Id="i328"><AttributeType>soft_upper_limit</AttributeType><IsRequired>false</IsRequired><Value i:nil="true"/></Attribute><Attribute z:Id="i329"><AttributeType>soft_lower_limit</AttributeType><IsRequired>false</IsRequired><Value i:nil="true"/></Attribute><Attribute z:Id="i330"><AttributeType>k_position</AttributeType><IsRequired>false</IsRequired><Value i:nil="true"/></Attribute><Attribute z:Id="i331"><AttributeType>k_velocity</AttributeType><IsRequired>true</IsRequired><Value i:nil="true"/></Attribute></Attributes><ChildElements/><ElementName>safety_controller</ElementName><required>false</required><KPositionAttribute z:Ref="i330"/><KVelocityAttribute z:Ref="i331"/><SoftLowerAttribute z:Ref="i329"/><SoftUpperAttribute z:Ref="i328"/></URDFElement><URDFElement z:Id="i332" i:type="Mimic"><Attributes><Attribute z:Id="i333"><AttributeType>joint</AttributeType><IsRequired>true</IsRequired><Value i:nil="true"/></Attribute><Attribute z:Id="i334"><AttributeType>multiplier</AttributeType><IsRequired>false</IsRequired><Value i:nil="true"/></Attribute><Attribute z:Id="i335"><AttributeType>offset</AttributeType><IsRequired>false</IsRequired><Value i:nil="true"/></Attribute></Attributes><ChildElements/><ElementName>mimic</ElementName><required>false</required><JointNameAttribute z:Ref="i333"/><MultiplierAttribute z:Ref="i334"/><OffsetAttribute z:Ref="i335"/></URDFElement></ChildElements><ElementName>joint</ElementName><required>false</required><Axis z:Ref="i314"/><AxisName>rear_right</AxisName><Calibration z:Ref="i321"/><Child z:Ref="i312"/><CoordinateSystemName>rear_right_wheel</CoordinateSystemName><Dynamics z:Ref="i324"/><Limit z:Ref="i316"/><Mimic z:Ref="i332"/><NameAttribute z:Ref="i305"/><Origin z:Ref="i307"/><Parent z:Ref="i310"/><Safety z:Ref="i327"/><TypeAttribute z:Ref="i306"/></URDFElement></ChildElements><ElementName>link</ElementName><required>true</required><Children/><Collision z:Ref="i297"/><Inertial z:Ref="i271"/><Joint z:Ref="i304"/><NameAttribute z:Ref="i270"/><Parent z:Ref="i1"/><STLQualityFine>false</STLQualityFine><SWComponentPIDs xmlns:a="http://schemas.microsoft.com/2003/10/Serialization/Arrays"><a:base64Binary>UEYAAAUAAAD//v9FdwBoAGUAZQBsACAAYQBzAHMAZQBtAGIAbAB5AC0ANABAAEYAdQBsAGwAIABhAHMAcwBlAG0AYgBsAHkALwBXAGgAZQBlAGwAIAAzAGQAcwBjAGEAbgAgAGIAYQBzAGUAZAAgAFYAMwAtADEAQAB3AGgAZQBlAGwAIABhAHMAcwBlAG0AYgBsAHkABAAAABAAAAABAAAAAgAAAA0BAACFAAAA</a:base64Binary><a:base64Binary>UEYAAAUAAAD//v9OdwBoAGUAZQBsACAAYQBzAHMAZQBtAGIAbAB5AC0ANABAAEYAdQBsAGwAIABhAHMAcwBlAG0AYgBsAHkALwBXAGgAZQBlAGwAIABoAHUAYgAgAHAAbABhAHQAZQBeAHcAaABlAGUAbAAgAGEAcwBzAGUAbQBiAGwAeQAtADEAQAB3AGgAZQBlAGwAIABhAHMAcwBlAG0AYgBsAHkABAAAABAAAAABAAAAAgAAAA0BAABNAAAA</a:base64Binary><a:base64Binary>UEYAAAUAAAD//v9EdwBoAGUAZQBsACAAYQBzAHMAZQBtAGIAbAB5AC0ANABAAEYAdQBsAGwAIABhAHMAcwBlAG0AYgBsAHkALwBQAGEAcgB0ADIAXgB3AGgAZQBlAGwAIABhAHMAcwBlAG0AYgBsAHkALQAxAEAAdwBoAGUAZQBsACAAYQBzAHMAZQBtAGIAbAB5AAQAAAAQAAAAAQAAAAIAAAANAQAAkwAAAA==</a:base64Binary><a:base64Binary>UEYAAAUAAAD//v9QdwBoAGUAZQBsACAAYQBzAHMAZQBtAGIAbAB5AC0ANABAAEYAdQBsAGwAIABhAHMAcwBlAG0AYgBsAHkALwAxADQAbQBtACAAawBlAHkAdwBhAHkAIABmAGwAYQBuAGcAZQAgAGMAbwB1AHAAbABpAG4AZwAgACgAbQA1ACkALQAxAEAAdwBoAGUAZQBsACAAYQBzAHMAZQBtAGIAbAB5AAQAAAAQAAAAAQAAAAIAAAANAQAAHgAAAA==</a:base64Binary><a:base64Binary>UEYAAAUAAAD//v9IdwBoAGUAZQBsACAAYQBzAHMAZQBtAGIAbAB5AC0ANABAAEYAdQBsAGwAIABhAHMAcwBlAG0AYgBsAHkALwBXAGgAZQBlAGwAIABjAHUAcABeAHcAaABlAGUAbAAgAGEAcwBzAGUAbQBiAGwAeQAtADEAQAB3AGgAZQBlAGwAIABhAHMAcwBlAG0AYgBsAHkABAAAABAAAAABAAAAAgAAAA0BAACPAAAA</a:base64Binary></SWComponentPIDs><SWMainComponentPID i:nil="true"/><Visual z:Ref="i284"/><isFixedFrame>false</isFixedFrame><isIncomplete>false</isIncomplete></Link><Link z:Id="i336"><Attributes><Attribute z:Id="i337"><AttributeType>name</AttributeType><IsRequired>true</IsRequired><Value i:type="a:string" xmlns:a="http://www.w3.org/2001/XMLSchema">front_lidar</Value></Attribute></Attributes><ChildElements><URDFElement z:Id="i338" i:type="Inertial"><Attributes/><ChildElements><URDFElement z:Id="i339" i:type="Origin"><Attributes><Attribute z:Id="i340"><AttributeType>xyz</AttributeType><IsRequired>true</IsRequired><Value i:type="a:ArrayOfdouble" xmlns:a="http://schemas.microsoft.com/2003/10/Serialization/Arrays"><a:double>0</a:double><a:double>0</a:double><a:double>0</a:double></Value></Attribute><Attribute z:Id="i341"><AttributeType>rpy</AttributeType><IsRequired>true</IsRequired><Value i:type="a:ArrayOfdouble" xmlns:a="http://schemas.microsoft.com/2003/10/Serialization/Arrays"><a:double>0</a:double><a:double>0</a:double><a:double>0</a:double></Value></Attribute></Attributes><ChildElements/><ElementName>origin</ElementName><required>false</required><RPYAttribute z:Ref="i341"/><XYZAttribute z:Ref="i340"/><isCustomized>false</isCustomized></URDFElement><URDFElement z:Id="i342" i:type="Mass"><Attributes><Attribute z:Id="i343"><AttributeType>value</AttributeType><IsRequired>true</IsRequired><Value i:type="a:double" xmlns:a="http://www.w3.org/2001/XMLSchema">0</Value></Attribute></Attributes><ChildElements/><ElementName>mass</ElementName><required>false</required><ValueAttribute z:Ref="i343"/></URDFElement><URDFElement z:Id="i344" i:type="Inertia"><Attributes><Attribute z:Id="i345"><AttributeType>ixx</AttributeType><IsRequired>true</IsRequired><Value i:type="a:double" xmlns:a="http://www.w3.org/2001/XMLSchema">0</Value></Attribute><Attribute z:Id="i346"><AttributeType>ixy</AttributeType><IsRequired>true</IsRequired><Value i:type="a:double" xmlns:a="http://www.w3.org/2001/XMLSchema">0</Value></Attribute><Attribute z:Id="i347"><AttributeType>ixz</AttributeType><IsRequired>true</IsRequired><Value i:type="a:double" xmlns:a="http://www.w3.org/2001/XMLSchema">0</Value></Attribute><Attribute z:Id="i348"><AttributeType>iyy</AttributeType><IsRequired>true</IsRequired><Value i:type="a:double" xmlns:a="http://www.w3.org/2001/XMLSchema">0</Value></Attribute><Attribute z:Id="i349"><AttributeType>iyz</AttributeType><IsRequired>true</IsRequired><Value i:type="a:double" xmlns:a="http://www.w3.org/2001/XMLSchema">0</Value></Attribute><Attribute z:Id="i350"><AttributeType>izz</AttributeType><IsRequired>true</IsRequired><Value i:type="a:double" xmlns:a="http://www.w3.org/2001/XMLSchema">0</Value></Attribute></Attributes><ChildElements/><ElementName>inertia</ElementName><required>false</required><IxxAttribute z:Ref="i345"/><IxyAttribute z:Ref="i346"/><IxzAttribute z:Ref="i347"/><IyyAttribute z:Ref="i348"/><IyzAttribute z:Ref="i349"/><IzzAttribute z:Ref="i350"/></URDFElement></ChildElements><ElementName>inertial</ElementName><required>false</required><Inertia z:Ref="i344"/><Mass z:Ref="i342"/><Origin z:Ref="i339"/></URDFElement><URDFElement z:Id="i351" i:type="Visual"><Attributes/><ChildElements><URDFElement z:Id="i352" i:type="Origin"><Attributes><Attribute z:Id="i353"><AttributeType>xyz</AttributeType><IsRequired>true</IsRequired><Value i:type="a:ArrayOfdouble" xmlns:a="http://schemas.microsoft.com/2003/10/Serialization/Arrays"><a:double>0</a:double><a:double>0</a:double><a:double>0</a:double></Value></Attribute><Attribute z:Id="i354"><AttributeType>rpy</AttributeType><IsRequired>true</IsRequired><Value i:type="a:ArrayOfdouble" xmlns:a="http://schemas.microsoft.com/2003/10/Serialization/Arrays"><a:double>0</a:double><a:double>0</a:double><a:double>0</a:double></Value></Attribute></Attributes><ChildElements/><ElementName>origin</ElementName><required>false</required><RPYAttribute z:Ref="i354"/><XYZAttribute z:Ref="i353"/><isCustomized>false</isCustomized></URDFElement><URDFElement z:Id="i355" i:type="Geometry"><Attributes/><ChildElements><URDFElement z:Id="i356" i:type="Mesh"><Attributes><Attribute z:Id="i357"><AttributeType>filename</AttributeType><IsRequired>true</IsRequired><Value i:nil="true"/></Attribute></Attributes><ChildElements/><ElementName>mesh</ElementName><required>false</required><FilenameAttribute z:Ref="i357"/></URDFElement></ChildElements><ElementName>geometry</ElementName><required>true</required><Mesh z:Ref="i356"/></URDFElement><URDFElement z:Id="i358" i:type="Material"><Attributes><Attribute z:Id="i359"><AttributeType>name</AttributeType><IsRequired>true</IsRequired><Value i:type="a:string" xmlns:a="http://www.w3.org/2001/XMLSchema"/></Attribute></Attributes><ChildElements><URDFElement z:Id="i360" i:type="Color"><Attributes><Attribute z:Id="i361"><AttributeType>rgba</AttributeType><IsRequired>true</IsRequired><Value i:type="a:ArrayOfdouble" xmlns:a="http://schemas.microsoft.com/2003/10/Serialization/Arrays"><a:double>1</a:double><a:double>1</a:double><a:double>1</a:double><a:double>1</a:double></Value></Attribute></Attributes><ChildElements/><ElementName>color</ElementName><required>false</required><RGBAAttribute z:Ref="i361"/></URDFElement><URDFElement z:Id="i362" i:type="Texture"><Attributes><Attribute z:Id="i363"><AttributeType>filename</AttributeType><IsRequired>true</IsRequired><Value i:nil="true"/></Attribute></Attributes><ChildElements/><ElementName>texture</ElementName><required>false</required><FilenameAttribute z:Ref="i363"/><wFilename/></URDFElement></ChildElements><ElementName>material</ElementName><required>false</required><Color z:Ref="i360"/><NameAttribute z:Ref="i359"/><Texture z:Ref="i362"/></URDFElement></ChildElements><ElementName>visual</ElementName><required>false</required><Geometry z:Ref="i355"/><Material z:Ref="i358"/><Origin z:Ref="i352"/></URDFElement><URDFElement z:Id="i364" i:type="Collision"><Attributes/><ChildElements><URDFElement z:Id="i365" i:type="Origin"><Attributes><Attribute z:Id="i366"><AttributeType>xyz</AttributeType><IsRequired>true</IsRequired><Value i:type="a:ArrayOfdouble" xmlns:a="http://schemas.microsoft.com/2003/10/Serialization/Arrays"><a:double>0</a:double><a:double>0</a:double><a:double>0</a:double></Value></Attribute><Attribute z:Id="i367"><AttributeType>rpy</AttributeType><IsRequired>true</IsRequired><Value i:type="a:ArrayOfdouble" xmlns:a="http://schemas.microsoft.com/2003/10/Serialization/Arrays"><a:double>0</a:double><a:double>0</a:double><a:double>0</a:double></Value></Attribute></Attributes><ChildElements/><ElementName>origin</ElementName><required>false</required><RPYAttribute z:Ref="i367"/><XYZAttribute z:Ref="i366"/><isCustomized>false</isCustomized></URDFElement><URDFElement z:Id="i368" i:type="Geometry"><Attributes/><ChildElements><URDFElement z:Id="i369" i:type="Mesh"><Attributes><Attribute z:Id="i370"><AttributeType>filename</AttributeType><IsRequired>true</IsRequired><Value i:nil="true"/></Attribute></Attributes><ChildElements/><ElementName>mesh</ElementName><required>false</required><FilenameAttribute z:Ref="i370"/></URDFElement></ChildElements><ElementName>geometry</ElementName><required>true</required><Mesh z:Ref="i369"/></URDFElement></ChildElements><ElementName>collision</ElementName><required>false</required><Geometry z:Ref="i368"/><Origin z:Ref="i365"/></URDFElement><URDFElement z:Id="i371" i:type="Joint"><Attributes><Attribute z:Id="i372"><AttributeType>name</AttributeType><IsRequired>true</IsRequired><Value i:type="a:string" xmlns:a="http://www.w3.org/2001/XMLSchema">front_lidar_joint</Value></Attribute><Attribute z:Id="i373"><AttributeType>type</AttributeType><IsRequired>true</IsRequired><Value i:type="a:string" xmlns:a="http://www.w3.org/2001/XMLSchema">fixed</Value></Attribute></Attributes><ChildElements><URDFElement z:Id="i374" i:type="Origin"><Attributes><Attribute z:Id="i375"><AttributeType>xyz</AttributeType><IsRequired>true</IsRequired><Value i:type="a:ArrayOfdouble" xmlns:a="http://schemas.microsoft.com/2003/10/Serialization/Arrays"><a:double>0</a:double><a:double>0</a:double><a:double>0</a:double></Value></Attribute><Attribute z:Id="i376"><AttributeType>rpy</AttributeType><IsRequired>true</IsRequired><Value i:type="a:ArrayOfdouble" xmlns:a="http://schemas.microsoft.com/2003/10/Serialization/Arrays"><a:double>0</a:double><a:double>0</a:double><a:double>0</a:double></Value></Attribute></Attributes><ChildElements/><ElementName>origin</ElementName><required>false</required><RPYAttribute z:Ref="i376"/><XYZAttribute z:Ref="i375"/><isCustomized>false</isCustomized></URDFElement><URDFElement z:Id="i377" i:type="ParentLink"><Attributes><Attribute z:Id="i378"><AttributeType>link</AttributeType><IsRequired>true</IsRequired><Value i:type="a:string" xmlns:a="http://www.w3.org/2001/XMLSchema"/></Attribute></Attributes><ChildElements/><ElementName>parent</ElementName><required>true</required><NameAttribute z:Ref="i378"/></URDFElement><URDFElement z:Id="i379" i:type="ChildLink"><Attributes><Attribute z:Id="i380"><AttributeType>link</AttributeType><IsRequired>true</IsRequired><Value i:type="a:string" xmlns:a="http://www.w3.org/2001/XMLSchema"/></Attribute></Attributes><ChildElements/><ElementName>child</ElementName><required>true</required><NameAttribute z:Ref="i380"/></URDFElement><URDFElement z:Id="i381" i:type="Axis"><Attributes><Attribute z:Id="i382"><AttributeType>xyz</AttributeType><IsRequired>true</IsRequired><Value i:type="a:ArrayOfdouble" xmlns:a="http://schemas.microsoft.com/2003/10/Serialization/Arrays"><a:double>0</a:double><a:double>0</a:double><a:double>0</a:double></Value></Attribute></Attributes><ChildElements/><ElementName>axis</ElementName><required>false</required><XYZAttribute z:Ref="i382"/></URDFElement><URDFElement z:Id="i383" i:type="Limit"><Attributes><Attribute z:Id="i384"><AttributeType>lower</AttributeType><IsRequired>false</IsRequired><Value i:nil="true"/></Attribute><Attribute z:Id="i385"><AttributeType>upper</AttributeType><IsRequired>false</IsRequired><Value i:nil="true"/></Attribute><Attribute z:Id="i386"><AttributeType>effort</AttributeType><IsRequired>true</IsRequired><Value i:nil="true"/></Attribute><Attribute z:Id="i387"><AttributeType>velocity</AttributeType><IsRequired>true</IsRequired><Value i:nil="true"/></Attribute></Attributes><ChildElements/><ElementName>limit</ElementName><required>false</required><EffortAttribute z:Ref="i386"/><LowerAttribute z:Ref="i384"/><UpperAttribute z:Ref="i385"/><VelocityAttribute z:Ref="i387"/></URDFElement><URDFElement z:Id="i388" i:type="Calibration"><Attributes><Attribute z:Id="i389"><AttributeType>rising</AttributeType><IsRequired>false</IsRequired><Value i:nil="true"/></Attribute><Attribute z:Id="i390"><AttributeType>falling</AttributeType><IsRequired>false</IsRequired><Value i:nil="true"/></Attribute></Attributes><ChildElements/><ElementName>calibration</ElementName><required>false</required><FallingAttribute z:Ref="i390"/><RisingAttribute z:Ref="i389"/></URDFElement><URDFElement z:Id="i391" i:type="Dynamics"><Attributes><Attribute z:Id="i392"><AttributeType>damping</AttributeType><IsRequired>false</IsRequired><Value i:nil="true"/></Attribute><Attribute z:Id="i393"><AttributeType>friction</AttributeType><IsRequired>false</IsRequired><Value i:nil="true"/></Attribute></Attributes><ChildElements/><ElementName>dynamics</ElementName><required>false</required><DampingAttribute z:Ref="i392"/><FrictionAttribute z:Ref="i393"/></URDFElement><URDFElement z:Id="i394" i:type="SafetyController"><Attributes><Attribute z:Id="i395"><AttributeType>soft_upper_limit</AttributeType><IsRequired>false</IsRequired><Value i:nil="true"/></Attribute><Attribute z:Id="i396"><AttributeType>soft_lower_limit</AttributeType><IsRequired>false</IsRequired><Value i:nil="true"/></Attribute><Attribute z:Id="i397"><AttributeType>k_position</AttributeType><IsRequired>false</IsRequired><Value i:nil="true"/></Attribute><Attribute z:Id="i398"><AttributeType>k_velocity</AttributeType><IsRequired>true</IsRequired><Value i:nil="true"/></Attribute></Attributes><ChildElements/><ElementName>safety_controller</ElementName><required>false</required><KPositionAttribute z:Ref="i397"/><KVelocityAttribute z:Ref="i398"/><SoftLowerAttribute z:Ref="i396"/><SoftUpperAttribute z:Ref="i395"/></URDFElement><URDFElement z:Id="i399" i:type="Mimic"><Attributes><Attribute z:Id="i400"><AttributeType>joint</AttributeType><IsRequired>true</IsRequired><Value i:nil="true"/></Attribute><Attribute z:Id="i401"><AttributeType>multiplier</AttributeType><IsRequired>false</IsRequired><Value i:nil="true"/></Attribute><Attribute z:Id="i402"><AttributeType>offset</AttributeType><IsRequired>false</IsRequired><Value i:nil="true"/></Attribute></Attributes><ChildElements/><ElementName>mimic</ElementName><required>false</required><JointNameAttribute z:Ref="i400"/><MultiplierAttribute z:Ref="i401"/><OffsetAttribute z:Ref="i402"/></URDFElement></ChildElements><ElementName>joint</ElementName><required>false</required><Axis z:Ref="i381"/><AxisName>lidar axis</AxisName><Calibration z:Ref="i388"/><Child z:Ref="i379"/><CoordinateSystemName>front_lidar</CoordinateSystemName><Dynamics z:Ref="i391"/><Limit z:Ref="i383"/><Mimic z:Ref="i399"/><NameAttribute z:Ref="i372"/><Origin z:Ref="i374"/><Parent z:Ref="i377"/><Safety z:Ref="i394"/><TypeAttribute z:Ref="i373"/></URDFElement></ChildElements><ElementName>link</ElementName><required>true</required><Children/><Collision z:Ref="i364"/><Inertial z:Ref="i338"/><Joint z:Ref="i371"/><NameAttribute z:Ref="i337"/><Parent z:Ref="i1"/><STLQualityFine>false</STLQualityFine><SWComponentPIDs xmlns:a="http://schemas.microsoft.com/2003/10/Serialization/Arrays"><a:base64Binary>UEYAAAUAAAD//v+KcgBvAGIAbwBzAGUAbgBzAGUAIABhAGkAcgB5AC4AcwB0AGUAcAAtADEAQABGAHUAbABsACAAYQBzAHMAZQBtAGIAbAB5AC8AMAAzADUAMABfAF8AXwBfAC0AXwBGAE8AVgAgAF8AMQBfAC4AcwB0AGUAcAAtADEAQAByAG8AYgBvAHMAZQBuAHMAZQAgAGEAaQByAHkALgBzAHQAZQBwAC8AUgBTAC0ARAAxADAAMwAtADAAMAA5ADIALQAwADAAXwBfAF8AXwBfAF8AXwBfAF8AXwBfADEALgBzAHQAZQBwAC0AMQBAADAAMwA1ADAAXwBfAF8AXwAtAF8ARgBPAFYAIABfADEAXwAuAHMAdABlAHAABAAAABAAAAABAAAAAwAAAKURAAAYAAAAHQAAAA==</a:base64Binary></SWComponentPIDs><SWMainComponentPID i:nil="true"/><Visual z:Ref="i351"/><isFixedFrame>false</isFixedFrame><isIncomplete>false</isIncomplete></Link><Link z:Id="i403"><Attributes><Attribute z:Id="i404"><AttributeType>name</AttributeType><IsRequired>true</IsRequired><Value i:type="a:string" xmlns:a="http://www.w3.org/2001/XMLSchema">rear_lidar</Value></Attribute></Attributes><ChildElements><URDFElement z:Id="i405" i:type="Inertial"><Attributes/><ChildElements><URDFElement z:Id="i406" i:type="Origin"><Attributes><Attribute z:Id="i407"><AttributeType>xyz</AttributeType><IsRequired>true</IsRequired><Value i:type="a:ArrayOfdouble" xmlns:a="http://schemas.microsoft.com/2003/10/Serialization/Arrays"><a:double>0</a:double><a:double>0</a:double><a:double>0</a:double></Value></Attribute><Attribute z:Id="i408"><AttributeType>rpy</AttributeType><IsRequired>true</IsRequired><Value i:type="a:ArrayOfdouble" xmlns:a="http://schemas.microsoft.com/2003/10/Serialization/Arrays"><a:double>0</a:double><a:double>0</a:double><a:double>0</a:double></Value></Attribute></Attributes><ChildElements/><ElementName>origin</ElementName><required>false</required><RPYAttribute z:Ref="i408"/><XYZAttribute z:Ref="i407"/><isCustomized>false</isCustomized></URDFElement><URDFElement z:Id="i409" i:type="Mass"><Attributes><Attribute z:Id="i410"><AttributeType>value</AttributeType><IsRequired>true</IsRequired><Value i:type="a:double" xmlns:a="http://www.w3.org/2001/XMLSchema">0</Value></Attribute></Attributes><ChildElements/><ElementName>mass</ElementName><required>false</required><ValueAttribute z:Ref="i410"/></URDFElement><URDFElement z:Id="i411" i:type="Inertia"><Attributes><Attribute z:Id="i412"><AttributeType>ixx</AttributeType><IsRequired>true</IsRequired><Value i:type="a:double" xmlns:a="http://www.w3.org/2001/XMLSchema">0</Value></Attribute><Attribute z:Id="i413"><AttributeType>ixy</AttributeType><IsRequired>true</IsRequired><Value i:type="a:double" xmlns:a="http://www.w3.org/2001/XMLSchema">0</Value></Attribute><Attribute z:Id="i414"><AttributeType>ixz</AttributeType><IsRequired>true</IsRequired><Value i:type="a:double" xmlns:a="http://www.w3.org/2001/XMLSchema">0</Value></Attribute><Attribute z:Id="i415"><AttributeType>iyy</AttributeType><IsRequired>true</IsRequired><Value i:type="a:double" xmlns:a="http://www.w3.org/2001/XMLSchema">0</Value></Attribute><Attribute z:Id="i416"><AttributeType>iyz</AttributeType><IsRequired>true</IsRequired><Value i:type="a:double" xmlns:a="http://www.w3.org/2001/XMLSchema">0</Value></Attribute><Attribute z:Id="i417"><AttributeType>izz</AttributeType><IsRequired>true</IsRequired><Value i:type="a:double" xmlns:a="http://www.w3.org/2001/XMLSchema">0</Value></Attribute></Attributes><ChildElements/><ElementName>inertia</ElementName><required>false</required><IxxAttribute z:Ref="i412"/><IxyAttribute z:Ref="i413"/><IxzAttribute z:Ref="i414"/><IyyAttribute z:Ref="i415"/><IyzAttribute z:Ref="i416"/><IzzAttribute z:Ref="i417"/></URDFElement></ChildElements><ElementName>inertial</ElementName><required>false</required><Inertia z:Ref="i411"/><Mass z:Ref="i409"/><Origin z:Ref="i406"/></URDFElement><URDFElement z:Id="i418" i:type="Visual"><Attributes/><ChildElements><URDFElement z:Id="i419" i:type="Origin"><Attributes><Attribute z:Id="i420"><AttributeType>xyz</AttributeType><IsRequired>true</IsRequired><Value i:type="a:ArrayOfdouble" xmlns:a="http://schemas.microsoft.com/2003/10/Serialization/Arrays"><a:double>0</a:double><a:double>0</a:double><a:double>0</a:double></Value></Attribute><Attribute z:Id="i421"><AttributeType>rpy</AttributeType><IsRequired>true</IsRequired><Value i:type="a:ArrayOfdouble" xmlns:a="http://schemas.microsoft.com/2003/10/Serialization/Arrays"><a:double>0</a:double><a:double>0</a:double><a:double>0</a:double></Value></Attribute></Attributes><ChildElements/><ElementName>origin</ElementName><required>false</required><RPYAttribute z:Ref="i421"/><XYZAttribute z:Ref="i420"/><isCustomized>false</isCustomized></URDFElement><URDFElement z:Id="i422" i:type="Geometry"><Attributes/><ChildElements><URDFElement z:Id="i423" i:type="Mesh"><Attributes><Attribute z:Id="i424"><AttributeType>filename</AttributeType><IsRequired>true</IsRequired><Value i:nil="true"/></Attribute></Attributes><ChildElements/><ElementName>mesh</ElementName><required>false</required><FilenameAttribute z:Ref="i424"/></URDFElement></ChildElements><ElementName>geometry</ElementName><required>true</required><Mesh z:Ref="i423"/></URDFElement><URDFElement z:Id="i425" i:type="Material"><Attributes><Attribute z:Id="i426"><AttributeType>name</AttributeType><IsRequired>true</IsRequired><Value i:type="a:string" xmlns:a="http://www.w3.org/2001/XMLSchema"/></Attribute></Attributes><ChildElements><URDFElement z:Id="i427" i:type="Color"><Attributes><Attribute z:Id="i428"><AttributeType>rgba</AttributeType><IsRequired>true</IsRequired><Value i:type="a:ArrayOfdouble" xmlns:a="http://schemas.microsoft.com/2003/10/Serialization/Arrays"><a:double>1</a:double><a:double>1</a:double><a:double>1</a:double><a:double>1</a:double></Value></Attribute></Attributes><ChildElements/><ElementName>color</ElementName><required>false</required><RGBAAttribute z:Ref="i428"/></URDFElement><URDFElement z:Id="i429" i:type="Texture"><Attributes><Attribute z:Id="i430"><AttributeType>filename</AttributeType><IsRequired>true</IsRequired><Value i:nil="true"/></Attribute></Attributes><ChildElements/><ElementName>texture</ElementName><required>false</required><FilenameAttribute z:Ref="i430"/><wFilename/></URDFElement></ChildElements><ElementName>material</ElementName><required>false</required><Color z:Ref="i427"/><NameAttribute z:Ref="i426"/><Texture z:Ref="i429"/></URDFElement></ChildElements><ElementName>visual</ElementName><required>false</required><Geometry z:Ref="i422"/><Material z:Ref="i425"/><Origin z:Ref="i419"/></URDFElement><URDFElement z:Id="i431" i:type="Collision"><Attributes/><ChildElements><URDFElement z:Id="i432" i:type="Origin"><Attributes><Attribute z:Id="i433"><AttributeType>xyz</AttributeType><IsRequired>true</IsRequired><Value i:type="a:ArrayOfdouble" xmlns:a="http://schemas.microsoft.com/2003/10/Serialization/Arrays"><a:double>0</a:double><a:double>0</a:double><a:double>0</a:double></Value></Attribute><Attribute z:Id="i434"><AttributeType>rpy</AttributeType><IsRequired>true</IsRequired><Value i:type="a:ArrayOfdouble" xmlns:a="http://schemas.microsoft.com/2003/10/Serialization/Arrays"><a:double>0</a:double><a:double>0</a:double><a:double>0</a:double></Value></Attribute></Attributes><ChildElements/><ElementName>origin</ElementName><required>false</required><RPYAttribute z:Ref="i434"/><XYZAttribute z:Ref="i433"/><isCustomized>false</isCustomized></URDFElement><URDFElement z:Id="i435" i:type="Geometry"><Attributes/><ChildElements><URDFElement z:Id="i436" i:type="Mesh"><Attributes><Attribute z:Id="i437"><AttributeType>filename</AttributeType><IsRequired>true</IsRequired><Value i:nil="true"/></Attribute></Attributes><ChildElements/><ElementName>mesh</ElementName><required>false</required><FilenameAttribute z:Ref="i437"/></URDFElement></ChildElements><ElementName>geometry</ElementName><required>true</required><Mesh z:Ref="i436"/></URDFElement></ChildElements><ElementName>collision</ElementName><required>false</required><Geometry z:Ref="i435"/><Origin z:Ref="i432"/></URDFElement><URDFElement z:Id="i438" i:type="Joint"><Attributes><Attribute z:Id="i439"><AttributeType>name</AttributeType><IsRequired>true</IsRequired><Value i:type="a:string" xmlns:a="http://www.w3.org/2001/XMLSchema">rear_lidar_joint</Value></Attribute><Attribute z:Id="i440"><AttributeType>type</AttributeType><IsRequired>true</IsRequired><Value i:type="a:string" xmlns:a="http://www.w3.org/2001/XMLSchema">fixed</Value></Attribute></Attributes><ChildElements><URDFElement z:Id="i441" i:type="Origin"><Attributes><Attribute z:Id="i442"><AttributeType>xyz</AttributeType><IsRequired>true</IsRequired><Value i:type="a:ArrayOfdouble" xmlns:a="http://schemas.microsoft.com/2003/10/Serialization/Arrays"><a:double>0</a:double><a:double>0</a:double><a:double>0</a:double></Value></Attribute><Attribute z:Id="i443"><AttributeType>rpy</AttributeType><IsRequired>true</IsRequired><Value i:type="a:ArrayOfdouble" xmlns:a="http://schemas.microsoft.com/2003/10/Serialization/Arrays"><a:double>0</a:double><a:double>0</a:double><a:double>0</a:double></Value></Attribute></Attributes><ChildElements/><ElementName>origin</ElementName><required>false</required><RPYAttribute z:Ref="i443"/><XYZAttribute z:Ref="i442"/><isCustomized>false</isCustomized></URDFElement><URDFElement z:Id="i444" i:type="ParentLink"><Attributes><Attribute z:Id="i445"><AttributeType>link</AttributeType><IsRequired>true</IsRequired><Value i:type="a:string" xmlns:a="http://www.w3.org/2001/XMLSchema"/></Attribute></Attributes><ChildElements/><ElementName>parent</ElementName><required>true</required><NameAttribute z:Ref="i445"/></URDFElement><URDFElement z:Id="i446" i:type="ChildLink"><Attributes><Attribute z:Id="i447"><AttributeType>link</AttributeType><IsRequired>true</IsRequired><Value i:type="a:string" xmlns:a="http://www.w3.org/2001/XMLSchema"/></Attribute></Attributes><ChildElements/><ElementName>child</ElementName><required>true</required><NameAttribute z:Ref="i447"/></URDFElement><URDFElement z:Id="i448" i:type="Axis"><Attributes><Attribute z:Id="i449"><AttributeType>xyz</AttributeType><IsRequired>true</IsRequired><Value i:type="a:ArrayOfdouble" xmlns:a="http://schemas.microsoft.com/2003/10/Serialization/Arrays"><a:double>0</a:double><a:double>0</a:double><a:double>0</a:double></Value></Attribute></Attributes><ChildElements/><ElementName>axis</ElementName><required>false</required><XYZAttribute z:Ref="i449"/></URDFElement><URDFElement z:Id="i450" i:type="Limit"><Attributes><Attribute z:Id="i451"><AttributeType>lower</AttributeType><IsRequired>false</IsRequired><Value i:nil="true"/></Attribute><Attribute z:Id="i452"><AttributeType>upper</AttributeType><IsRequired>false</IsRequired><Value i:nil="true"/></Attribute><Attribute z:Id="i453"><AttributeType>effort</AttributeType><IsRequired>true</IsRequired><Value i:nil="true"/></Attribute><Attribute z:Id="i454"><AttributeType>velocity</AttributeType><IsRequired>true</IsRequired><Value i:nil="true"/></Attribute></Attributes><ChildElements/><ElementName>limit</ElementName><required>false</required><EffortAttribute z:Ref="i453"/><LowerAttribute z:Ref="i451"/><UpperAttribute z:Ref="i452"/><VelocityAttribute z:Ref="i454"/></URDFElement><URDFElement z:Id="i455" i:type="Calibration"><Attributes><Attribute z:Id="i456"><AttributeType>rising</AttributeType><IsRequired>false</IsRequired><Value i:nil="true"/></Attribute><Attribute z:Id="i457"><AttributeType>falling</AttributeType><IsRequired>false</IsRequired><Value i:nil="true"/></Attribute></Attributes><ChildElements/><ElementName>calibration</ElementName><required>false</required><FallingAttribute z:Ref="i457"/><RisingAttribute z:Ref="i456"/></URDFElement><URDFElement z:Id="i458" i:type="Dynamics"><Attributes><Attribute z:Id="i459"><AttributeType>damping</AttributeType><IsRequired>false</IsRequired><Value i:nil="true"/></Attribute><Attribute z:Id="i460"><AttributeType>friction</AttributeType><IsRequired>false</IsRequired><Value i:nil="true"/></Attribute></Attributes><ChildElements/><ElementName>dynamics</ElementName><required>false</required><DampingAttribute z:Ref="i459"/><FrictionAttribute z:Ref="i460"/></URDFElement><URDFElement z:Id="i461" i:type="SafetyController"><Attributes><Attribute z:Id="i462"><AttributeType>soft_upper_limit</AttributeType><IsRequired>false</IsRequired><Value i:nil="true"/></Attribute><Attribute z:Id="i463"><AttributeType>soft_lower_limit</AttributeType><IsRequired>false</IsRequired><Value i:nil="true"/></Attribute><Attribute z:Id="i464"><AttributeType>k_position</AttributeType><IsRequired>false</IsRequired><Value i:nil="true"/></Attribute><Attribute z:Id="i465"><AttributeType>k_velocity</AttributeType><IsRequired>true</IsRequired><Value i:nil="true"/></Attribute></Attributes><ChildElements/><ElementName>safety_controller</ElementName><required>false</required><KPositionAttribute z:Ref="i464"/><KVelocityAttribute z:Ref="i465"/><SoftLowerAttribute z:Ref="i463"/><SoftUpperAttribute z:Ref="i462"/></URDFElement><URDFElement z:Id="i466" i:type="Mimic"><Attributes><Attribute z:Id="i467"><AttributeType>joint</AttributeType><IsRequired>true</IsRequired><Value i:nil="true"/></Attribute><Attribute z:Id="i468"><AttributeType>multiplier</AttributeType><IsRequired>false</IsRequired><Value i:nil="true"/></Attribute><Attribute z:Id="i469"><AttributeType>offset</AttributeType><IsRequired>false</IsRequired><Value i:nil="true"/></Attribute></Attributes><ChildElements/><ElementName>mimic</ElementName><required>false</required><JointNameAttribute z:Ref="i467"/><MultiplierAttribute z:Ref="i468"/><OffsetAttribute z:Ref="i469"/></URDFElement></ChildElements><ElementName>joint</ElementName><required>false</required><Axis z:Ref="i448"/><AxisName>None</AxisName><Calibration z:Ref="i455"/><Child z:Ref="i446"/><CoordinateSystemName>rear_lidar</CoordinateSystemName><Dynamics z:Ref="i458"/><Limit z:Ref="i450"/><Mimic z:Ref="i466"/><NameAttribute z:Ref="i439"/><Origin z:Ref="i441"/><Parent z:Ref="i444"/><Safety z:Ref="i461"/><TypeAttribute z:Ref="i440"/></URDFElement></ChildElements><ElementName>link</ElementName><required>true</required><Children/><Collision z:Ref="i431"/><Inertial z:Ref="i405"/><Joint z:Ref="i438"/><NameAttribute z:Ref="i404"/><Parent z:Ref="i1"/><STLQualityFine>false</STLQualityFine><SWComponentPIDs xmlns:a="http://schemas.microsoft.com/2003/10/Serialization/Arrays"><a:base64Binary>UEYAAAUAAAD//v8jWQBEAEwAaQBEAEEAUgAgAFQALQBtAGkAbgBpACAAUABsAHUAcwAtADMAQABGAHUAbABsACAAYQBzAHMAZQBtAGIAbAB5AAQAAAAQAAAAAQAAAAEAAACTAwAA</a:base64Binary></SWComponentPIDs><SWMainComponentPID i:nil="true"/><Visual z:Ref="i418"/><isFixedFrame>false</isFixedFrame><isIncomplete>false</isIncomplete></Link><Link z:Id="i470"><Attributes><Attribute z:Id="i471"><AttributeType>name</AttributeType><IsRequired>true</IsRequired><Value i:type="a:string" xmlns:a="http://www.w3.org/2001/XMLSchema">camera</Value></Attribute></Attributes><ChildElements><URDFElement z:Id="i472" i:type="Inertial"><Attributes/><ChildElements><URDFElement z:Id="i473" i:type="Origin"><Attributes><Attribute z:Id="i474"><AttributeType>xyz</AttributeType><IsRequired>true</IsRequired><Value i:type="a:ArrayOfdouble" xmlns:a="http://schemas.microsoft.com/2003/10/Serialization/Arrays"><a:double>0</a:double><a:double>0</a:double><a:double>0</a:double></Value></Attribute><Attribute z:Id="i475"><AttributeType>rpy</AttributeType><IsRequired>true</IsRequired><Value i:type="a:ArrayOfdouble" xmlns:a="http://schemas.microsoft.com/2003/10/Serialization/Arrays"><a:double>0</a:double><a:double>0</a:double><a:double>0</a:double></Value></Attribute></Attributes><ChildElements/><ElementName>origin</ElementName><required>false</required><RPYAttribute z:Ref="i475"/><XYZAttribute z:Ref="i474"/><isCustomized>false</isCustomized></URDFElement><URDFElement z:Id="i476" i:type="Mass"><Attributes><Attribute z:Id="i477"><AttributeType>value</AttributeType><IsRequired>true</IsRequired><Value i:type="a:double" xmlns:a="http://www.w3.org/2001/XMLSchema">0</Value></Attribute></Attributes><ChildElements/><ElementName>mass</ElementName><required>false</required><ValueAttribute z:Ref="i477"/></URDFElement><URDFElement z:Id="i478" i:type="Inertia"><Attributes><Attribute z:Id="i479"><AttributeType>ixx</AttributeType><IsRequired>true</IsRequired><Value i:type="a:double" xmlns:a="http://www.w3.org/2001/XMLSchema">0</Value></Attribute><Attribute z:Id="i480"><AttributeType>ixy</AttributeType><IsRequired>true</IsRequired><Value i:type="a:double" xmlns:a="http://www.w3.org/2001/XMLSchema">0</Value></Attribute><Attribute z:Id="i481"><AttributeType>ixz</AttributeType><IsRequired>true</IsRequired><Value i:type="a:double" xmlns:a="http://www.w3.org/2001/XMLSchema">0</Value></Attribute><Attribute z:Id="i482"><AttributeType>iyy</AttributeType><IsRequired>true</IsRequired><Value i:type="a:double" xmlns:a="http://www.w3.org/2001/XMLSchema">0</Value></Attribute><Attribute z:Id="i483"><AttributeType>iyz</AttributeType><IsRequired>true</IsRequired><Value i:type="a:double" xmlns:a="http://www.w3.org/2001/XMLSchema">0</Value></Attribute><Attribute z:Id="i484"><AttributeType>izz</AttributeType><IsRequired>true</IsRequired><Value i:type="a:double" xmlns:a="http://www.w3.org/2001/XMLSchema">0</Value></Attribute></Attributes><ChildElements/><ElementName>inertia</ElementName><required>false</required><IxxAttribute z:Ref="i479"/><IxyAttribute z:Ref="i480"/><IxzAttribute z:Ref="i481"/><IyyAttribute z:Ref="i482"/><IyzAttribute z:Ref="i483"/><IzzAttribute z:Ref="i484"/></URDFElement></ChildElements><ElementName>inertial</ElementName><required>false</required><Inertia z:Ref="i478"/><Mass z:Ref="i476"/><Origin z:Ref="i473"/></URDFElement><URDFElement z:Id="i485" i:type="Visual"><Attributes/><ChildElements><URDFElement z:Id="i486" i:type="Origin"><Attributes><Attribute z:Id="i487"><AttributeType>xyz</AttributeType><IsRequired>true</IsRequired><Value i:type="a:ArrayOfdouble" xmlns:a="http://schemas.microsoft.com/2003/10/Serialization/Arrays"><a:double>0</a:double><a:double>0</a:double><a:double>0</a:double></Value></Attribute><Attribute z:Id="i488"><AttributeType>rpy</AttributeType><IsRequired>true</IsRequired><Value i:type="a:ArrayOfdouble" xmlns:a="http://schemas.microsoft.com/2003/10/Serialization/Arrays"><a:double>0</a:double><a:double>0</a:double><a:double>0</a:double></Value></Attribute></Attributes><ChildElements/><ElementName>origin</ElementName><required>false</required><RPYAttribute z:Ref="i488"/><XYZAttribute z:Ref="i487"/><isCustomized>false</isCustomized></URDFElement><URDFElement z:Id="i489" i:type="Geometry"><Attributes/><ChildElements><URDFElement z:Id="i490" i:type="Mesh"><Attributes><Attribute z:Id="i491"><AttributeType>filename</AttributeType><IsRequired>true</IsRequired><Value i:nil="true"/></Attribute></Attributes><ChildElements/><ElementName>mesh</ElementName><required>false</required><FilenameAttribute z:Ref="i491"/></URDFElement></ChildElements><ElementName>geometry</ElementName><required>true</required><Mesh z:Ref="i490"/></URDFElement><URDFElement z:Id="i492" i:type="Material"><Attributes><Attribute z:Id="i493"><AttributeType>name</AttributeType><IsRequired>true</IsRequired><Value i:type="a:string" xmlns:a="http://www.w3.org/2001/XMLSchema"/></Attribute></Attributes><ChildElements><URDFElement z:Id="i494" i:type="Color"><Attributes><Attribute z:Id="i495"><AttributeType>rgba</AttributeType><IsRequired>true</IsRequired><Value i:type="a:ArrayOfdouble" xmlns:a="http://schemas.microsoft.com/2003/10/Serialization/Arrays"><a:double>1</a:double><a:double>1</a:double><a:double>1</a:double><a:double>1</a:double></Value></Attribute></Attributes><ChildElements/><ElementName>color</ElementName><required>false</required><RGBAAttribute z:Ref="i495"/></URDFElement><URDFElement z:Id="i496" i:type="Texture"><Attributes><Attribute z:Id="i497"><AttributeType>filename</AttributeType><IsRequired>true</IsRequired><Value i:nil="true"/></Attribute></Attributes><ChildElements/><ElementName>texture</ElementName><required>false</required><FilenameAttribute z:Ref="i497"/><wFilename/></URDFElement></ChildElements><ElementName>material</ElementName><required>false</required><Color z:Ref="i494"/><NameAttribute z:Ref="i493"/><Texture z:Ref="i496"/></URDFElement></ChildElements><ElementName>visual</ElementName><required>false</required><Geometry z:Ref="i489"/><Material z:Ref="i492"/><Origin z:Ref="i486"/></URDFElement><URDFElement z:Id="i498" i:type="Collision"><Attributes/><ChildElements><URDFElement z:Id="i499" i:type="Origin"><Attributes><Attribute z:Id="i500"><AttributeType>xyz</AttributeType><IsRequired>true</IsRequired><Value i:type="a:ArrayOfdouble" xmlns:a="http://schemas.microsoft.com/2003/10/Serialization/Arrays"><a:double>0</a:double><a:double>0</a:double><a:double>0</a:double></Value></Attribute><Attribute z:Id="i501"><AttributeType>rpy</AttributeType><IsRequired>true</IsRequired><Value i:type="a:ArrayOfdouble" xmlns:a="http://schemas.microsoft.com/2003/10/Serialization/Arrays"><a:double>0</a:double><a:double>0</a:double><a:double>0</a:double></Value></Attribute></Attributes><ChildElements/><ElementName>origin</ElementName><required>false</required><RPYAttribute z:Ref="i501"/><XYZAttribute z:Ref="i500"/><isCustomized>false</isCustomized></URDFElement><URDFElement z:Id="i502" i:type="Geometry"><Attributes/><ChildElements><URDFElement z:Id="i503" i:type="Mesh"><Attributes><Attribute z:Id="i504"><AttributeType>filename</AttributeType><IsRequired>true</IsRequired><Value i:nil="true"/></Attribute></Attributes><ChildElements/><ElementName>mesh</ElementName><required>false</required><FilenameAttribute z:Ref="i504"/></URDFElement></ChildElements><ElementName>geometry</ElementName><required>true</required><Mesh z:Ref="i503"/></URDFElement></ChildElements><ElementName>collision</ElementName><required>false</required><Geometry z:Ref="i502"/><Origin z:Ref="i499"/></URDFElement><URDFElement z:Id="i505" i:type="Joint"><Attributes><Attribute z:Id="i506"><AttributeType>name</AttributeType><IsRequired>true</IsRequired><Value i:type="a:string" xmlns:a="http://www.w3.org/2001/XMLSchema">camera_joint</Value></Attribute><Attribute z:Id="i507"><AttributeType>type</AttributeType><IsRequired>true</IsRequired><Value i:type="a:string" xmlns:a="http://www.w3.org/2001/XMLSchema">fixed</Value></Attribute></Attributes><ChildElements><URDFElement z:Id="i508" i:type="Origin"><Attributes><Attribute z:Id="i509"><AttributeType>xyz</AttributeType><IsRequired>true</IsRequired><Value i:type="a:ArrayOfdouble" xmlns:a="http://schemas.microsoft.com/2003/10/Serialization/Arrays"><a:double>0</a:double><a:double>0</a:double><a:double>0</a:double></Value></Attribute><Attribute z:Id="i510"><AttributeType>rpy</AttributeType><IsRequired>true</IsRequired><Value i:type="a:ArrayOfdouble" xmlns:a="http://schemas.microsoft.com/2003/10/Serialization/Arrays"><a:double>0</a:double><a:double>0</a:double><a:double>0</a:double></Value></Attribute></Attributes><ChildElements/><ElementName>origin</ElementName><required>false</required><RPYAttribute z:Ref="i510"/><XYZAttribute z:Ref="i509"/><isCustomized>false</isCustomized></URDFElement><URDFElement z:Id="i511" i:type="ParentLink"><Attributes><Attribute z:Id="i512"><AttributeType>link</AttributeType><IsRequired>true</IsRequired><Value i:type="a:string" xmlns:a="http://www.w3.org/2001/XMLSchema"/></Attribute></Attributes><ChildElements/><ElementName>parent</ElementName><required>true</required><NameAttribute z:Ref="i512"/></URDFElement><URDFElement z:Id="i513" i:type="ChildLink"><Attributes><Attribute z:Id="i514"><AttributeType>link</AttributeType><IsRequired>true</IsRequired><Value i:type="a:string" xmlns:a="http://www.w3.org/2001/XMLSchema"/></Attribute></Attributes><ChildElements/><ElementName>child</ElementName><required>true</required><NameAttribute z:Ref="i514"/></URDFElement><URDFElement z:Id="i515" i:type="Axis"><Attributes><Attribute z:Id="i516"><AttributeType>xyz</AttributeType><IsRequired>true</IsRequired><Value i:type="a:ArrayOfdouble" xmlns:a="http://schemas.microsoft.com/2003/10/Serialization/Arrays"><a:double>0</a:double><a:double>0</a:double><a:double>0</a:double></Value></Attribute></Attributes><ChildElements/><ElementName>axis</ElementName><required>false</required><XYZAttribute z:Ref="i516"/></URDFElement><URDFElement z:Id="i517" i:type="Limit"><Attributes><Attribute z:Id="i518"><AttributeType>lower</AttributeType><IsRequired>false</IsRequired><Value i:nil="true"/></Attribute><Attribute z:Id="i519"><AttributeType>upper</AttributeType><IsRequired>false</IsRequired><Value i:nil="true"/></Attribute><Attribute z:Id="i520"><AttributeType>effort</AttributeType><IsRequired>true</IsRequired><Value i:nil="true"/></Attribute><Attribute z:Id="i521"><AttributeType>velocity</AttributeType><IsRequired>true</IsRequired><Value i:nil="true"/></Attribute></Attributes><ChildElements/><ElementName>limit</ElementName><required>false</required><EffortAttribute z:Ref="i520"/><LowerAttribute z:Ref="i518"/><UpperAttribute z:Ref="i519"/><VelocityAttribute z:Ref="i521"/></URDFElement><URDFElement z:Id="i522" i:type="Calibration"><Attributes><Attribute z:Id="i523"><AttributeType>rising</AttributeType><IsRequired>false</IsRequired><Value i:nil="true"/></Attribute><Attribute z:Id="i524"><AttributeType>falling</AttributeType><IsRequired>false</IsRequired><Value i:nil="true"/></Attribute></Attributes><ChildElements/><ElementName>calibration</ElementName><required>false</required><FallingAttribute z:Ref="i524"/><RisingAttribute z:Ref="i523"/></URDFElement><URDFElement z:Id="i525" i:type="Dynamics"><Attributes><Attribute z:Id="i526"><AttributeType>damping</AttributeType><IsRequired>false</IsRequired><Value i:nil="true"/></Attribute><Attribute z:Id="i527"><AttributeType>friction</AttributeType><IsRequired>false</IsRequired><Value i:nil="true"/></Attribute></Attributes><ChildElements/><ElementName>dynamics</ElementName><required>false</required><DampingAttribute z:Ref="i526"/><FrictionAttribute z:Ref="i527"/></URDFElement><URDFElement z:Id="i528" i:type="SafetyController"><Attributes><Attribute z:Id="i529"><AttributeType>soft_upper_limit</AttributeType><IsRequired>false</IsRequired><Value i:nil="true"/></Attribute><Attribute z:Id="i530"><AttributeType>soft_lower_limit</AttributeType><IsRequired>false</IsRequired><Value i:nil="true"/></Attribute><Attribute z:Id="i531"><AttributeType>k_position</AttributeType><IsRequired>false</IsRequired><Value i:nil="true"/></Attribute><Attribute z:Id="i532"><AttributeType>k_velocity</AttributeType><IsRequired>true</IsRequired><Value i:nil="true"/></Attribute></Attributes><ChildElements/><ElementName>safety_controller</ElementName><required>false</required><KPositionAttribute z:Ref="i531"/><KVelocityAttribute z:Ref="i532"/><SoftLowerAttribute z:Ref="i530"/><SoftUpperAttribute z:Ref="i529"/></URDFElement><URDFElement z:Id="i533" i:type="Mimic"><Attributes><Attribute z:Id="i534"><AttributeType>joint</AttributeType><IsRequired>true</IsRequired><Value i:nil="true"/></Attribute><Attribute z:Id="i535"><AttributeType>multiplier</AttributeType><IsRequired>false</IsRequired><Value i:nil="true"/></Attribute><Attribute z:Id="i536"><AttributeType>offset</AttributeType><IsRequired>false</IsRequired><Value i:nil="true"/></Attribute></Attributes><ChildElements/><ElementName>mimic</ElementName><required>false</required><JointNameAttribute z:Ref="i534"/><MultiplierAttribute z:Ref="i535"/><OffsetAttribute z:Ref="i536"/></URDFElement></ChildElements><ElementName>joint</ElementName><required>false</required><Axis z:Ref="i515"/><AxisName>None</AxisName><Calibration z:Ref="i522"/><Child z:Ref="i513"/><CoordinateSystemName>realsense_camera</CoordinateSystemName><Dynamics z:Ref="i525"/><Limit z:Ref="i517"/><Mimic z:Ref="i533"/><NameAttribute z:Ref="i506"/><Origin z:Ref="i508"/><Parent z:Ref="i511"/><Safety z:Ref="i528"/><TypeAttribute z:Ref="i507"/></URDFElement></ChildElements><ElementName>link</ElementName><required>true</required><Children/><Collision z:Ref="i498"/><Inertial z:Ref="i472"/><Joint z:Ref="i505"/><NameAttribute z:Ref="i471"/><Parent z:Ref="i1"/><STLQualityFine>false</STLQualityFine><SWComponentPIDs xmlns:a="http://schemas.microsoft.com/2003/10/Serialization/Arrays"><a:base64Binary>UEYAAAUAAAD//v8kRAA0ADMANQBJAEYAIAB3AGkAdABoAG8AdQB0ACAAYwBvAHYAZQByAC0AMgBAAEYAdQBsAGwAIABhAHMAcwBlAG0AYgBsAHkABAAAABAAAAABAAAAAQAAAM8RAAA=</a:base64Binary></SWComponentPIDs><SWMainComponentPID i:nil="true"/><Visual z:Ref="i485"/><isFixedFrame>false</isFixedFrame><isIncomplete>false</isIncomplete></Link><Link z:Id="i537"><Attributes><Attribute z:Id="i538"><AttributeType>name</AttributeType><IsRequired>true</IsRequired><Value i:type="a:string" xmlns:a="http://www.w3.org/2001/XMLSchema">imu</Value></Attribute></Attributes><ChildElements><URDFElement z:Id="i539" i:type="Inertial"><Attributes/><ChildElements><URDFElement z:Id="i540" i:type="Origin"><Attributes><Attribute z:Id="i541"><AttributeType>xyz</AttributeType><IsRequired>true</IsRequired><Value i:type="a:ArrayOfdouble" xmlns:a="http://schemas.microsoft.com/2003/10/Serialization/Arrays"><a:double>0</a:double><a:double>0</a:double><a:double>0</a:double></Value></Attribute><Attribute z:Id="i542"><AttributeType>rpy</AttributeType><IsRequired>true</IsRequired><Value i:type="a:ArrayOfdouble" xmlns:a="http://schemas.microsoft.com/2003/10/Serialization/Arrays"><a:double>0</a:double><a:double>0</a:double><a:double>0</a:double></Value></Attribute></Attributes><ChildElements/><ElementName>origin</ElementName><required>false</required><RPYAttribute z:Ref="i542"/><XYZAttribute z:Ref="i541"/><isCustomized>false</isCustomized></URDFElement><URDFElement z:Id="i543" i:type="Mass"><Attributes><Attribute z:Id="i544"><AttributeType>value</AttributeType><IsRequired>true</IsRequired><Value i:type="a:double" xmlns:a="http://www.w3.org/2001/XMLSchema">0</Value></Attribute></Attributes><ChildElements/><ElementName>mass</ElementName><required>false</required><ValueAttribute z:Ref="i544"/></URDFElement><URDFElement z:Id="i545" i:type="Inertia"><Attributes><Attribute z:Id="i546"><AttributeType>ixx</AttributeType><IsRequired>true</IsRequired><Value i:type="a:double" xmlns:a="http://www.w3.org/2001/XMLSchema">0</Value></Attribute><Attribute z:Id="i547"><AttributeType>ixy</AttributeType><IsRequired>true</IsRequired><Value i:type="a:double" xmlns:a="http://www.w3.org/2001/XMLSchema">0</Value></Attribute><Attribute z:Id="i548"><AttributeType>ixz</AttributeType><IsRequired>true</IsRequired><Value i:type="a:double" xmlns:a="http://www.w3.org/2001/XMLSchema">0</Value></Attribute><Attribute z:Id="i549"><AttributeType>iyy</AttributeType><IsRequired>true</IsRequired><Value i:type="a:double" xmlns:a="http://www.w3.org/2001/XMLSchema">0</Value></Attribute><Attribute z:Id="i550"><AttributeType>iyz</AttributeType><IsRequired>true</IsRequired><Value i:type="a:double" xmlns:a="http://www.w3.org/2001/XMLSchema">0</Value></Attribute><Attribute z:Id="i551"><AttributeType>izz</AttributeType><IsRequired>true</IsRequired><Value i:type="a:double" xmlns:a="http://www.w3.org/2001/XMLSchema">0</Value></Attribute></Attributes><ChildElements/><ElementName>inertia</ElementName><required>false</required><IxxAttribute z:Ref="i546"/><IxyAttribute z:Ref="i547"/><IxzAttribute z:Ref="i548"/><IyyAttribute z:Ref="i549"/><IyzAttribute z:Ref="i550"/><IzzAttribute z:Ref="i551"/></URDFElement></ChildElements><ElementName>inertial</ElementName><required>false</required><Inertia z:Ref="i545"/><Mass z:Ref="i543"/><Origin z:Ref="i540"/></URDFElement><URDFElement z:Id="i552" i:type="Visual"><Attributes/><ChildElements><URDFElement z:Id="i553" i:type="Origin"><Attributes><Attribute z:Id="i554"><AttributeType>xyz</AttributeType><IsRequired>true</IsRequired><Value i:type="a:ArrayOfdouble" xmlns:a="http://schemas.microsoft.com/2003/10/Serialization/Arrays"><a:double>0</a:double><a:double>0</a:double><a:double>0</a:double></Value></Attribute><Attribute z:Id="i555"><AttributeType>rpy</AttributeType><IsRequired>true</IsRequired><Value i:type="a:ArrayOfdouble" xmlns:a="http://schemas.microsoft.com/2003/10/Serialization/Arrays"><a:double>0</a:double><a:double>0</a:double><a:double>0</a:double></Value></Attribute></Attributes><ChildElements/><ElementName>origin</ElementName><required>false</required><RPYAttribute z:Ref="i555"/><XYZAttribute z:Ref="i554"/><isCustomized>false</isCustomized></URDFElement><URDFElement z:Id="i556" i:type="Geometry"><Attributes/><ChildElements><URDFElement z:Id="i557" i:type="Mesh"><Attributes><Attribute z:Id="i558"><AttributeType>filename</AttributeType><IsRequired>true</IsRequired><Value i:nil="true"/></Attribute></Attributes><ChildElements/><ElementName>mesh</ElementName><required>false</required><FilenameAttribute z:Ref="i558"/></URDFElement></ChildElements><ElementName>geometry</ElementName><required>true</required><Mesh z:Ref="i557"/></URDFElement><URDFElement z:Id="i559" i:type="Material"><Attributes><Attribute z:Id="i560"><AttributeType>name</AttributeType><IsRequired>true</IsRequired><Value i:type="a:string" xmlns:a="http://www.w3.org/2001/XMLSchema"/></Attribute></Attributes><ChildElements><URDFElement z:Id="i561" i:type="Color"><Attributes><Attribute z:Id="i562"><AttributeType>rgba</AttributeType><IsRequired>true</IsRequired><Value i:type="a:ArrayOfdouble" xmlns:a="http://schemas.microsoft.com/2003/10/Serialization/Arrays"><a:double>1</a:double><a:double>1</a:double><a:double>1</a:double><a:double>1</a:double></Value></Attribute></Attributes><ChildElements/><ElementName>color</ElementName><required>false</required><RGBAAttribute z:Ref="i562"/></URDFElement><URDFElement z:Id="i563" i:type="Texture"><Attributes><Attribute z:Id="i564"><AttributeType>filename</AttributeType><IsRequired>true</IsRequired><Value i:nil="true"/></Attribute></Attributes><ChildElements/><ElementName>texture</ElementName><required>false</required><FilenameAttribute z:Ref="i564"/><wFilename/></URDFElement></ChildElements><ElementName>material</ElementName><required>false</required><Color z:Ref="i561"/><NameAttribute z:Ref="i560"/><Texture z:Ref="i563"/></URDFElement></ChildElements><ElementName>visual</ElementName><required>false</required><Geometry z:Ref="i556"/><Material z:Ref="i559"/><Origin z:Ref="i553"/></URDFElement><URDFElement z:Id="i565" i:type="Collision"><Attributes/><ChildElements><URDFElement z:Id="i566" i:type="Origin"><Attributes><Attribute z:Id="i567"><AttributeType>xyz</AttributeType><IsRequired>true</IsRequired><Value i:type="a:ArrayOfdouble" xmlns:a="http://schemas.microsoft.com/2003/10/Serialization/Arrays"><a:double>0</a:double><a:double>0</a:double><a:double>0</a:double></Value></Attribute><Attribute z:Id="i568"><AttributeType>rpy</AttributeType><IsRequired>true</IsRequired><Value i:type="a:ArrayOfdouble" xmlns:a="http://schemas.microsoft.com/2003/10/Serialization/Arrays"><a:double>0</a:double><a:double>0</a:double><a:double>0</a:double></Value></Attribute></Attributes><ChildElements/><ElementName>origin</ElementName><required>false</required><RPYAttribute z:Ref="i568"/><XYZAttribute z:Ref="i567"/><isCustomized>false</isCustomized></URDFElement><URDFElement z:Id="i569" i:type="Geometry"><Attributes/><ChildElements><URDFElement z:Id="i570" i:type="Mesh"><Attributes><Attribute z:Id="i571"><AttributeType>filename</AttributeType><IsRequired>true</IsRequired><Value i:nil="true"/></Attribute></Attributes><ChildElements/><ElementName>mesh</ElementName><required>false</required><FilenameAttribute z:Ref="i571"/></URDFElement></ChildElements><ElementName>geometry</ElementName><required>true</required><Mesh z:Ref="i570"/></URDFElement></ChildElements><ElementName>collision</ElementName><required>false</required><Geometry z:Ref="i569"/><Origin z:Ref="i566"/></URDFElement><URDFElement z:Id="i572" i:type="Joint"><Attributes><Attribute z:Id="i573"><AttributeType>name</AttributeType><IsRequired>true</IsRequired><Value i:type="a:string" xmlns:a="http://www.w3.org/2001/XMLSchema">imu_joint</Value></Attribute><Attribute z:Id="i574"><AttributeType>type</AttributeType><IsRequired>true</IsRequired><Value i:type="a:string" xmlns:a="http://www.w3.org/2001/XMLSchema">Automatically Detect</Value></Attribute></Attributes><ChildElements><URDFElement z:Id="i575" i:type="Origin"><Attributes><Attribute z:Id="i576"><AttributeType>xyz</AttributeType><IsRequired>true</IsRequired><Value i:type="a:ArrayOfdouble" xmlns:a="http://schemas.microsoft.com/2003/10/Serialization/Arrays"><a:double>0</a:double><a:double>0</a:double><a:double>0</a:double></Value></Attribute><Attribute z:Id="i577"><AttributeType>rpy</AttributeType><IsRequired>true</IsRequired><Value i:type="a:ArrayOfdouble" xmlns:a="http://schemas.microsoft.com/2003/10/Serialization/Arrays"><a:double>0</a:double><a:double>0</a:double><a:double>0</a:double></Value></Attribute></Attributes><ChildElements/><ElementName>origin</ElementName><required>false</required><RPYAttribute z:Ref="i577"/><XYZAttribute z:Ref="i576"/><isCustomized>false</isCustomized></URDFElement><URDFElement z:Id="i578" i:type="ParentLink"><Attributes><Attribute z:Id="i579"><AttributeType>link</AttributeType><IsRequired>true</IsRequired><Value i:type="a:string" xmlns:a="http://www.w3.org/2001/XMLSchema"/></Attribute></Attributes><ChildElements/><ElementName>parent</ElementName><required>true</required><NameAttribute z:Ref="i579"/></URDFElement><URDFElement z:Id="i580" i:type="ChildLink"><Attributes><Attribute z:Id="i581"><AttributeType>link</AttributeType><IsRequired>true</IsRequired><Value i:type="a:string" xmlns:a="http://www.w3.org/2001/XMLSchema"/></Attribute></Attributes><ChildElements/><ElementName>child</ElementName><required>true</required><NameAttribute z:Ref="i581"/></URDFElement><URDFElement z:Id="i582" i:type="Axis"><Attributes><Attribute z:Id="i583"><AttributeType>xyz</AttributeType><IsRequired>true</IsRequired><Value i:type="a:ArrayOfdouble" xmlns:a="http://schemas.microsoft.com/2003/10/Serialization/Arrays"><a:double>0</a:double><a:double>0</a:double><a:double>0</a:double></Value></Attribute></Attributes><ChildElements/><ElementName>axis</ElementName><required>false</required><XYZAttribute z:Ref="i583"/></URDFElement><URDFElement z:Id="i584" i:type="Limit"><Attributes><Attribute z:Id="i585"><AttributeType>lower</AttributeType><IsRequired>false</IsRequired><Value i:nil="true"/></Attribute><Attribute z:Id="i586"><AttributeType>upper</AttributeType><IsRequired>false</IsRequired><Value i:nil="true"/></Attribute><Attribute z:Id="i587"><AttributeType>effort</AttributeType><IsRequired>true</IsRequired><Value i:nil="true"/></Attribute><Attribute z:Id="i588"><AttributeType>velocity</AttributeType><IsRequired>true</IsRequired><Value i:nil="true"/></Attribute></Attributes><ChildElements/><ElementName>limit</ElementName><required>false</required><EffortAttribute z:Ref="i587"/><LowerAttribute z:Ref="i585"/><UpperAttribute z:Ref="i586"/><VelocityAttribute z:Ref="i588"/></URDFElement><URDFElement z:Id="i589" i:type="Calibration"><Attributes><Attribute z:Id="i590"><AttributeType>rising</AttributeType><IsRequired>false</IsRequired><Value i:nil="true"/></Attribute><Attribute z:Id="i591"><AttributeType>falling</AttributeType><IsRequired>false</IsRequired><Value i:nil="true"/></Attribute></Attributes><ChildElements/><ElementName>calibration</ElementName><required>false</required><FallingAttribute z:Ref="i591"/><RisingAttribute z:Ref="i590"/></URDFElement><URDFElement z:Id="i592" i:type="Dynamics"><Attributes><Attribute z:Id="i593"><AttributeType>damping</AttributeType><IsRequired>false</IsRequired><Value i:nil="true"/></Attribute><Attribute z:Id="i594"><AttributeType>friction</AttributeType><IsRequired>false</IsRequired><Value i:nil="true"/></Attribute></Attributes><ChildElements/><ElementName>dynamics</ElementName><required>false</required><DampingAttribute z:Ref="i593"/><FrictionAttribute z:Ref="i594"/></URDFElement><URDFElement z:Id="i595" i:type="SafetyController"><Attributes><Attribute z:Id="i596"><AttributeType>soft_upper_limit</AttributeType><IsRequired>false</IsRequired><Value i:nil="true"/></Attribute><Attribute z:Id="i597"><AttributeType>soft_lower_limit</AttributeType><IsRequired>false</IsRequired><Value i:nil="true"/></Attribute><Attribute z:Id="i598"><AttributeType>k_position</AttributeType><IsRequired>false</IsRequired><Value i:nil="true"/></Attribute><Attribute z:Id="i599"><AttributeType>k_velocity</AttributeType><IsRequired>true</IsRequired><Value i:nil="true"/></Attribute></Attributes><ChildElements/><ElementName>safety_controller</ElementName><required>false</required><KPositionAttribute z:Ref="i598"/><KVelocityAttribute z:Ref="i599"/><SoftLowerAttribute z:Ref="i597"/><SoftUpperAttribute z:Ref="i596"/></URDFElement><URDFElement z:Id="i600" i:type="Mimic"><Attributes><Attribute z:Id="i601"><AttributeType>joint</AttributeType><IsRequired>true</IsRequired><Value i:nil="true"/></Attribute><Attribute z:Id="i602"><AttributeType>multiplier</AttributeType><IsRequired>false</IsRequired><Value i:nil="true"/></Attribute><Attribute z:Id="i603"><AttributeType>offset</AttributeType><IsRequired>false</IsRequired><Value i:nil="true"/></Attribute></Attributes><ChildElements/><ElementName>mimic</ElementName><required>false</required><JointNameAttribute z:Ref="i601"/><MultiplierAttribute z:Ref="i602"/><OffsetAttribute z:Ref="i603"/></URDFElement></ChildElements><ElementName>joint</ElementName><required>false</required><Axis z:Ref="i582"/><AxisName>None</AxisName><Calibration z:Ref="i589"/><Child z:Ref="i580"/><CoordinateSystemName>imu</CoordinateSystemName><Dynamics z:Ref="i592"/><Limit z:Ref="i584"/><Mimic z:Ref="i600"/><NameAttribute z:Ref="i573"/><Origin z:Ref="i575"/><Parent z:Ref="i578"/><Safety z:Ref="i595"/><TypeAttribute z:Ref="i574"/></URDFElement></ChildElements><ElementName>link</ElementName><required>true</required><Children/><Collision z:Ref="i565"/><Inertial z:Ref="i539"/><Joint z:Ref="i572"/><NameAttribute z:Ref="i538"/><Parent z:Ref="i1"/><STLQualityFine>false</STLQualityFine><SWComponentPIDs xmlns:a="http://schemas.microsoft.com/2003/10/Serialization/Arrays"><a:base64Binary>UEYAAAUAAAD//v8jQQBEAEEARgBSAFUASQBUACAAYgBuAG8AMAA4ADUAIABJAE0AVQAtADEAQABGAHUAbABsACAAYQBzAHMAZQBtAGIAbAB5AAQAAAAQAAAAAQAAAAEAAAD6AwAA</a:base64Binary></SWComponentPIDs><SWMainComponentPID i:nil="true"/><Visual z:Ref="i552"/><isFixedFrame>false</isFixedFrame><isIncomplete>false</isIncomplete></Link></Children><Collision z:Ref="i29"/><Inertial z:Ref="i3"/><Joint z:Ref="i36"/><NameAttribute z:Ref="i2"/><Parent i:nil="true"/><STLQualityFine>false</STLQualityFine><SWComponentPIDs xmlns:a="http://schemas.microsoft.com/2003/10/Serialization/Arrays"><a:base64Binary>UEYAAAUAAAD//v8lQwBCADMAOQAxADQAOAA5ADUARQBBAC0ANQAwAEEAaAAgAEMAZQBsAGwALQAxAEAARgB1AGwAbAAgAGEAcwBzAGUAbQBiAGwAeQAEAAAAEAAAAAEAAAABAAAAGAAAAA==</a:base64Binary><a:base64Binary>UEYAAAUAAAD//v8hQgBTAEIAIAAzADAAeAAzADAALQA4ACAANAA0ADQAbQBtAC0ANABAAEYAdQBsAGwAIABhAHMAcwBlAG0AYgBsAHkABAAAABAAAAABAAAAAQAAAGQAAAA=</a:base64Binary><a:base64Binary>UEYAAAUAAAD//v8hQgBTAEIAIAAzADAAeAAzADAALQA4ACAAMwAyADQAbQBtAC0AMQBAAEYAdQBsAGwAIABhAHMAcwBlAG0AYgBsAHkABAAAABAAAAABAAAAAQAAAGgAAAA=</a:base64Binary><a:base64Binary>UEYAAAUAAAD//v8hQgBTAEIAIAAzADAAeAAzADAALQA4ACAAMwAyADQAbQBtAC0AMgBAAEYAdQBsAGwAIABhAHMAcwBlAG0AYgBsAHkABAAAABAAAAABAAAAAQAAAMEAAAA=</a:base64Binary><a:base64Binary>UEYAAAUAAAD//v8hQgBTAEIAIAAzADAAeAAzADAALQA4ACAANAA0ADQAbQBtAC0ANwBAAEYAdQBsAGwAIABhAHMAcwBlAG0AYgBsAHkABAAAABAAAAABAAAAAQAAAMsAAAA=</a:base64Binary><a:base64Binary>UEYAAAUAAAD//v8hQgBTAEIAIAAzADAAeAAzADAALQA4ACAAMgA2ADIAbQBtAC0AMQBAAEYAdQBsAGwAIABhAHMAcwBlAG0AYgBsAHkABAAAABAAAAABAAAAAQAAAOYAAAA=</a:base64Binary><a:base64Binary>UEYAAAUAAAD//v8hQgBTAEIAIAAzADAAeAAzADAALQA4ACAAMgA2ADIAbQBtAC0AMgBAAEYAdQBsAGwAIABhAHMAcwBlAG0AYgBsAHkABAAAABAAAAABAAAAAQAAAP0AAAA=</a:base64Binary><a:base64Binary>UEYAAAUAAAD//v8hQgBTAEIAIAAzADAAeAAzADAALQA4ACAAMQA2ADIAbQBtAC0AMQBAAEYAdQBsAGwAIABhAHMAcwBlAG0AYgBsAHkABAAAABAAAAABAAAAAQAAABcBAAA=</a:base64Binary><a:base64Binary>UEYAAAUAAAD//v8vQgBTAEIAIAAzADAAeAAzADAALQA4ACAAMwAyADIAbQBtACAAKAB0AGEAcABwAGUAZAAgAGUAbgBkAHMAKQAtADEAQABGAHUAbABsACAAYQBzAHMAZQBtAGIAbAB5AAQAAAAQAAAAAQAAAAEAAAArAQAA</a:base64Binary><a:base64Binary>UEYAAAUAAAD//v8hQgBTAEIAIAAzADAAeAAzADAALQA4ACAAMQA2ADIAbQBtAC0AMwBAAEYAdQBsAGwAIABhAHMAcwBlAG0AYgBsAHkABAAAABAAAAABAAAAAQAAADABAAA=</a:base64Binary><a:base64Binary>UEYAAAUAAAD//v8gQgBTAEIAIAAzADAAeAAzADAALQA4ACAAOQAwAG0AbQAtADEAQABGAHUAbABsACAAYQBzAHMAZQBtAGIAbAB5AAQAAAAQAAAAAQAAAAEAAAA1AQAA</a:base64Binary><a:base64Binary>UEYAAAUAAAD//v8iQgBTAEIAIAAzADAAeAAzADAALQA4ACAAMQA2ADIAbQBtAC0AMQAwAEAARgB1AGwAbAAgAGEAcwBzAGUAbQBiAGwAeQAEAAAAEAAAAAEAAAABAAAA6gEAAA==</a:base64Binary><a:base64Binary>UEYAAAUAAAD//v8iQgBTAEIAIAAzADAAeAAzADAALQA4ACAANgA4ADQAbQBtAC0AMQA0AEAARgB1AGwAbAAgAGEAcwBzAGUAbQBiAGwAeQAEAAAAEAAAAAEAAAABAAAA/QEAAA==</a:base64Binary><a:base64Binary>UEYAAAUAAAD//v8hQgBTAEIAIAAzADAAeAAzADAALQA4ACAAMgA2ADIAbQBtAC0AMwBAAEYAdQBsAGwAIABhAHMAcwBlAG0AYgBsAHkABAAAABAAAAABAAAAAQAAACMCAAA=</a:base64Binary><a:base64Binary>UEYAAAUAAAD//v8hQgBTAEIAIAAzADAAeAAzADAALQA4ACAAMgA2ADIAbQBtAC0ANABAAEYAdQBsAGwAIABhAHMAcwBlAG0AYgBsAHkABAAAABAAAAABAAAAAQAAADQCAAA=</a:base64Binary><a:base64Binary>UEYAAAUAAAD//v8hQgBTAEIAIAAzADAAeAAzADAALQA4ACAAMwAyADQAbQBtAC0AMwBAAEYAdQBsAGwAIABhAHMAcwBlAG0AYgBsAHkABAAAABAAAAABAAAAAQAAAFgCAAA=</a:base64Binary><a:base64Binary>UEYAAAUAAAD//v8yOQAwAGQAZQBnAHIAZQBlACAAYQBuAGcAbABlACAAYgByAGEAYwBrAGUAdAAgADMAMAB4ADMAMAAtADgAKABNADYAKQAtADEAQABGAHUAbABsACAAYQBzAHMAZQBtAGIAbAB5AAQAAAAQAAAAAQAAAAEAAAByAgAA</a:base64Binary><a:base64Binary>UEYAAAUAAAD//v8yOQAwAGQAZQBnAHIAZQBlACAAYQBuAGcAbABlACAAYgByAGEAYwBrAGUAdAAgADMAMAB4ADMAMAAtADgAKABNADYAKQAtADIAQABGAHUAbABsACAAYQBzAHMAZQBtAGIAbAB5AAQAAAAQAAAAAQAAAAEAAAB2AgAA</a:base64Binary><a:base64Binary>UEYAAAUAAAD//v8yOQAwAGQAZQBnAHIAZQBlACAAYQBuAGcAbABlACAAYgByAGEAYwBrAGUAdAAgADMAMAB4ADMAMAAtADgAKABNADYAKQAtADMAQABGAHUAbABsACAAYQBzAHMAZQBtAGIAbAB5AAQAAAAQAAAAAQAAAAEAAAB6AgAA</a:base64Binary><a:base64Binary>UEYAAAUAAAD//v8yOQAwAGQAZQBnAHIAZQBlACAAYQBuAGcAbABlACAAYgByAGEAYwBrAGUAdAAgADMAMAB4ADMAMAAtADgAKABNADYAKQAtADUAQABGAHUAbABsACAAYQBzAHMAZQBtAGIAbAB5AAQAAAAQAAAAAQAAAAEAAACDAgAA</a:base64Binary><a:base64Binary>UEYAAAUAAAD//v8yOQAwAGQAZQBnAHIAZQBlACAAYQBuAGcAbABlACAAYgByAGEAYwBrAGUAdAAgADMAMAB4ADMAMAAtADgAKABNADYAKQAtADQAQABGAHUAbABsACAAYQBzAHMAZQBtAGIAbAB5AAQAAAAQAAAAAQAAAAEAAAB+AgAA</a:base64Binary><a:base64Binary>UEYAAAUAAAD//v8yOQAwAGQAZQBnAHIAZQBlACAAYQBuAGcAbABlACAAYgByAGEAYwBrAGUAdAAgADMAMAB4ADMAMAAtADgAKABNADYAKQAtADcAQABGAHUAbABsACAAYQBzAHMAZQBtAGIAbAB5AAQAAAAQAAAAAQAAAAEAAACIAgAA</a:base64Binary><a:base64Binary>UEYAAAUAAAD//v8yOQAwAGQAZQBnAHIAZQBlACAAYQBuAGcAbABlACAAYgByAGEAYwBrAGUAdAAgADMAMAB4ADMAMAAtADgAKABNADYAKQAtADgAQABGAHUAbABsACAAYQBzAHMAZQBtAGIAbAB5AAQAAAAQAAAAAQAAAAEAAACMAgAA</a:base64Binary><a:base64Binary>UEYAAAUAAAD//v8yOQAwAGQAZQBnAHIAZQBlACAAYQBuAGcAbABlACAAYgByAGEAYwBrAGUAdAAgADMAMAB4ADMAMAAtADgAKABNADYAKQAtADkAQABGAHUAbABsACAAYQBzAHMAZQBtAGIAbAB5AAQAAAAQAAAAAQAAAAEAAACRAgAA</a:base64Binary><a:base64Binary>UEYAAAUAAAD//v8zOQAwAGQAZQBnAHIAZQBlACAAYQBuAGcAbABlACAAYgByAGEAYwBrAGUAdAAgADMAMAB4ADMAMAAtADgAKABNADYAKQAtADEAMABAAEYAdQBsAGwAIABhAHMAcwBlAG0AYgBsAHkABAAAABAAAAABAAAAAQAAAJUCAAA=</a:base64Binary><a:base64Binary>UEYAAAUAAAD//v8zOQAwAGQAZQBnAHIAZQBlACAAYQBuAGcAbABlACAAYgByAGEAYwBrAGUAdAAgADMAMAB4ADMAMAAtADgAKABNADYAKQAtADEAMQBAAEYAdQBsAGwAIABhAHMAcwBlAG0AYgBsAHkABAAAABAAAAABAAAAAQAAAJkCAAA=</a:base64Binary><a:base64Binary>UEYAAAUAAAD//v8zOQAwAGQAZQBnAHIAZQBlACAAYQBuAGcAbABlACAAYgByAGEAYwBrAGUAdAAgADMAMAB4ADMAMAAtADgAKABNADYAKQAtADEAMgBAAEYAdQBsAGwAIABhAHMAcwBlAG0AYgBsAHkABAAAABAAAAABAAAAAQAAAJ4CAAA=</a:base64Binary><a:base64Binary>UEYAAAUAAAD//v8zOQAwAGQAZQBnAHIAZQBlACAAYQBuAGcAbABlACAAYgByAGEAYwBrAGUAdAAgADMAMAB4ADMAMAAtADgAKABNADYAKQAtADEAMwBAAEYAdQBsAGwAIABhAHMAcwBlAG0AYgBsAHkABAAAABAAAAABAAAAAQAAAKICAAA=</a:base64Binary><a:base64Binary>UEYAAAUAAAD//v8zOQAwAGQAZQBnAHIAZQBlACAAYQBuAGcAbABlACAAYgByAGEAYwBrAGUAdAAgADMAMAB4ADMAMAAtADgAKABNADYAKQAtADEANABAAEYAdQBsAGwAIABhAHMAcwBlAG0AYgBsAHkABAAAABAAAAABAAAAAQAAAKYCAAA=</a:base64Binary><a:base64Binary>UEYAAAUAAAD//v8zOQAwAGQAZQBnAHIAZQBlACAAYQBuAGcAbABlACAAYgByAGEAYwBrAGUAdAAgADMAMAB4ADMAMAAtADgAKABNADYAKQAtADEANgBAAEYAdQBsAGwAIABhAHMAcwBlAG0AYgBsAHkABAAAABAAAAABAAAAAQAAALECAAA=</a:base64Binary><a:base64Binary>UEYAAAUAAAD//v8zOQAwAGQAZQBnAHIAZQBlACAAYQBuAGcAbABlACAAYgByAGEAYwBrAGUAdAAgADMAMAB4ADMAMAAtADgAKABNADYAKQAtADEANwBAAEYAdQBsAGwAIABhAHMAcwBlAG0AYgBsAHkABAAAABAAAAABAAAAAQAAALUCAAA=</a:base64Binary><a:base64Binary>UEYAAAUAAAD//v8XSABDAC0AUwBSADAANAAtADUAQABGAHUAbABsACAAYQBzAHMAZQBtAGIAbAB5AAQAAAAQAAAAAQAAAAEAAADXEQAA</a:base64Binary><a:base64Binary>UEYAAAUAAAD//v8iUwBpAGQAZQBeAEYAdQBsAGwAIABhAHMAcwBlAG0AYgBsAHkALQAxAEAARgB1AGwAbAAgAGEAcwBzAGUAbQBiAGwAeQAEAAAAEAAAAAEAAAABAAAAVAMAAA==</a:base64Binary><a:base64Binary>UEYAAAUAAAD//v8nUwBpAGQAZQBwAGwAYQB0AGUAXgBGAHUAbABsACAAYQBzAHMAZQBtAGIAbAB5AC0AMQBAAEYAdQBsAGwAIABhAHMAcwBlAG0AYgBsAHkABAAAABAAAAABAAAAAQAAAGoDAAA=</a:base64Binary><a:base64Binary>UEYAAAUAAAD//v8iQgBTAEIAIAAzADAAeAAzADAALQA4ACAANgA4ADQAbQBtAC0AMQA1AEAARgB1AGwAbAAgAGEAcwBzAGUAbQBiAGwAeQAEAAAAEAAAAAEAAAABAAAAbgIAAA==</a:base64Binary><a:base64Binary>UEYAAAUAAAD//v8nVABvAHAAcABsAGEAdABlAHMAXgBGAHUAbABsACAAYQBzAHMAZQBtAGIAbAB5AC0AMQBAAEYAdQBsAGwAIABhAHMAcwBlAG0AYgBsAHkABAAAABAAAAABAAAAAQAAAHsDAAA=</a:base64Binary><a:base64Binary>UEYAAAUAAAD//v8nUgBlAGEAcgBDAG8AdgBlAHIAXgBGAHUAbABsACAAYQBzAHMAZQBtAGIAbAB5AC0AMgBAAEYAdQBsAGwAIABhAHMAcwBlAG0AYgBsAHkABAAAABAAAAABAAAAAQAAAKUDAAA=</a:base64Binary><a:base64Binary>UEYAAAUAAAD//v8gRABDAE4ATABNADUAMABOAEIAWABYAC4AcwB0AGUAcAAtADEAQABGAHUAbABsACAAYQBzAHMAZQBtAGIAbAB5AAQAAAAQAAAAAQAAAAEAAACsAwAA</a:base64Binary><a:base64Binary>UEYAAAUAAAD//v8hSgBLAC0AQgBEADYAQQAyADAAUwAxADAAUAAgACgAMQApAC0AMQBAAEYAdQBsAGwAIABhAHMAcwBlAG0AYgBsAHkABAAAABAAAAABAAAAAQAAAK8DAAA=</a:base64Binary><a:base64Binary>UEYAAAUAAAD//v8jUABhAHIAdAAzAF4ARgB1AGwAbAAgAGEAcwBzAGUAbQBiAGwAeQAtADEAQABGAHUAbABsACAAYQBzAHMAZQBtAGIAbAB5AAQAAAAQAAAAAQAAAAEAAAC/AwAA</a:base64Binary><a:base64Binary>UEYAAAUAAAD//v8rNQAwAHcAcgA1AGoAIABjAGUAbQBlAG4AdAAgAHIAZQBzAGkAcwB0AG8AcgAuAHMAdABlAHAALQAzAEAARgB1AGwAbAAgAGEAcwBzAGUAbQBiAGwAeQAEAAAAEAAAAAEAAAABAAAAJQQAAA==</a:base64Binary><a:base64Binary>UEYAAAUAAAD//v8rNQAwAHcAcgA1AGoAIABjAGUAbQBlAG4AdAAgAHIAZQBzAGkAcwB0AG8AcgAuAHMAdABlAHAALQA0AEAARgB1AGwAbAAgAGEAcwBzAGUAbQBiAGwAeQAEAAAAEAAAAAEAAAABAAAAJgQAAA==</a:base64Binary><a:base64Binary>UEYAAAUAAAD//v9JTABpAHQAdABlAGwAZgB1AHMAZQAtAFMAbwBsAGUAbgBvAGkAZABzAC0AUgBlAGwAYQB5AHMALQBEAEMATgBFAFYAMgA1ADAALQBTAGUAcgBpAGUAcwAtADMARAAgAE0AbwBkAGUAbAAuAHMAdABlAHAALQAxAEAARgB1AGwAbAAgAGEAcwBzAGUAbQBiAGwAeQAEAAAAEAAAAAEAAAABAAAAhREAAA==</a:base64Binary><a:base64Binary>UEYAAAUAAAD//v8rNQAwAHcAcgA1AGoAIABjAGUAbQBlAG4AdAAgAHIAZQBzAGkAcwB0AG8AcgAuAHMAdABlAHAALQAxAEAARgB1AGwAbAAgAGEAcwBzAGUAbQBiAGwAeQAEAAAAEAAAAAEAAAABAAAA1QMAAA==</a:base64Binary><a:base64Binary>UEYAAAUAAAD//v8rNQAwAHcAcgA1AGoAIABjAGUAbQBlAG4AdAAgAHIAZQBzAGkAcwB0AG8AcgAuAHMAdABlAHAALQAyAEAARgB1AGwAbAAgAGEAcwBzAGUAbQBiAGwAeQAEAAAAEAAAAAEAAAABAAAAJAQAAA==</a:base64Binary><a:base64Binary>UEYAAAUAAAD//v8nMgAwAC0ANgAwAHYAIAAxADIAdgAgADMAYQAgAGMAbwBuAHYAZQByAHQAZQByAC0AMQBAAEYAdQBsAGwAIABhAHMAcwBlAG0AYgBsAHkABAAAABAAAAABAAAAAQAAAOEDAAA=</a:base64Binary><a:base64Binary>UEYAAAUAAAD//v8aSgBlAHQAcwBvAG4AbwByAGkAbgAtADEAQABGAHUAbABsACAAYQBzAHMAZQBtAGIAbAB5AAQAAAAQAAAAAQAAAAEAAADlAwAA</a:base64Binary><a:base64Binary>UEYAAAUAAAD//v8cQQBjAGUAcgAgAFUAUwBCACAASAB1AGIALQAxAEAARgB1AGwAbAAgAGEAcwBzAGUAbQBiAGwAeQAEAAAAEAAAAAEAAAABAAAA+wMAAA==</a:base64Binary><a:base64Binary>UEYAAAUAAAD//v8lUABhAHIAdAAyADUANgBeAEYAdQBsAGwAIABhAHMAcwBlAG0AYgBsAHkALQAxAEAARgB1AGwAbAAgAGEAcwBzAGUAbQBiAGwAeQAEAAAAEAAAAAEAAAABAAAADgQAAA==</a:base64Binary><a:base64Binary>UEYAAAUAAAD//v8tZgByAG8AbgB0ACAAcABsAGEAdABlAHMAIAB2ADIAXgBGAHUAbABsACAAYQBzAHMAZQBtAGIAbAB5AC0AMQBAAEYAdQBsAGwAIABhAHMAcwBlAG0AYgBsAHkABAAAABAAAAABAAAAAQAAAN4RAAA=</a:base64Binary><a:base64Binary>UEYAAAUAAAD//v8pOAAwAHgAOAAwAHgAMgA1ACAAOQAgAGIAbABhAGQAZQAgAGYAYQBuAC4AUwBUAEUAUAAtADEAQABGAHUAbABsACAAYQBzAHMAZQBtAGIAbAB5AAQAAAAQAAAAAQAAAAEAAAD/EQAA</a:base64Binary><a:base64Binary>UEYAAAUAAAD//v8nUwBpAGQAZQBwAGwAYQB0AGUAXgBGAHUAbABsACAAYQBzAHMAZQBtAGIAbAB5AC0AMwBAAEYAdQBsAGwAIABhAHMAcwBlAG0AYgBsAHkABAAAABAAAAABAAAAAQAAAKIDAAA=</a:base64Binary><a:base64Binary>UEYAAAUAAAD//v9OdwBoAGUAZQBsACAAYQBzAHMAZQBtAGIAbAB5AC0AMwBAAEYAdQBsAGwAIABhAHMAcwBlAG0AYgBsAHkALwBNAG8AdQBuAHQAaQBuAGcAIABQAGwAYQB0AGUAcwBeAHcAaABlAGUAbAAgAGEAcwBzAGUAbQBiAGwAeQAtADEAQAB3AGgAZQBlAGwAIABhAHMAcwBlAG0AYgBsAHkABAAAABAAAAABAAAAAgAAAAwBAABcAAAA</a:base64Binary><a:base64Binary>UEYAAAUAAAD//v8iUwBpAGQAZQBeAEYAdQBsAGwAIABhAHMAcwBlAG0AYgBsAHkALQAyAEAARgB1AGwAbAAgAGEAcwBzAGUAbQBiAGwAeQAEAAAAEAAAAAEAAAABAAAAowMAAA==</a:base64Binary><a:base64Binary>UEYAAAUAAAD//v8tTQBpAHIAcgBvAHIAUwBpAGQAZQBwAGwAYQB0AGUAXgBGAHUAbABsACAAYQBzAHMAZQBtAGIAbAB5AC0AMwBAAEYAdQBsAGwAIABhAHMAcwBlAG0AYgBsAHkABAAAABAAAAABAAAAAQAAAKEDAAA=</a:base64Binary><a:base64Binary>UEYAAAUAAAD//v8XSABDAC0AUwBSADAANAAtADQAQABGAHUAbABsACAAYQBzAHMAZQBtAGIAbAB5AAQAAAAQAAAAAQAAAAEAAACkAwAA</a:base64Binary><a:base64Binary>UEYAAAUAAAD//v8XSABDAC0AUwBSADAANAAtADMAQABGAHUAbABsACAAYQBzAHMAZQBtAGIAbAB5AAQAAAAQAAAAAQAAAAEAAABgAwAA</a:base64Binary><a:base64Binary>UEYAAAUAAAD//v8dTQBpAHIAcgBvAHIASABDAC0AUwBSADAANAAtADUAQABGAHUAbABsACAAYQBzAHMAZQBtAGIAbAB5AAQAAAAQAAAAAQAAAAEAAACUAwAA</a:base64Binary><a:base64Binary>UEYAAAUAAAD//v8nUwBpAGQAZQBwAGwAYQB0AGUAXgBGAHUAbABsACAAYQBzAHMAZQBtAGIAbAB5AC0AMgBAAEYAdQBsAGwAIABhAHMAcwBlAG0AYgBsAHkABAAAABAAAAABAAAAAQAAAHMDAAA=</a:base64Binary><a:base64Binary>UEYAAAUAAAD//v9OdwBoAGUAZQBsACAAYQBzAHMAZQBtAGIAbAB5AC0AMQBAAEYAdQBsAGwAIABhAHMAcwBlAG0AYgBsAHkALwBNAG8AdQBuAHQAaQBuAGcAIABQAGwAYQB0AGUAcwBeAHcAaABlAGUAbAAgAGEAcwBzAGUAbQBiAGwAeQAtADEAQAB3AGgAZQBlAGwAIABhAHMAcwBlAG0AYgBsAHkABAAAABAAAAABAAAAAgAAAAIBAABcAAAA</a:base64Binary><a:base64Binary>UEYAAAUAAAD//v9OdwBoAGUAZQBsACAAYQBzAHMAZQBtAGIAbAB5AC0ANABAAEYAdQBsAGwAIABhAHMAcwBlAG0AYgBsAHkALwBNAG8AdQBuAHQAaQBuAGcAIABQAGwAYQB0AGUAcwBeAHcAaABlAGUAbAAgAGEAcwBzAGUAbQBiAGwAeQAtADEAQAB3AGgAZQBlAGwAIABhAHMAcwBlAG0AYgBsAHkABAAAABAAAAABAAAAAgAAAA0BAABcAAAA</a:base64Binary><a:base64Binary>UEYAAAUAAAD//v9OdwBoAGUAZQBsACAAYQBzAHMAZQBtAGIAbAB5AC0AMgBAAEYAdQBsAGwAIABhAHMAcwBlAG0AYgBsAHkALwBNAG8AdQBuAHQAaQBuAGcAIABQAGwAYQB0AGUAcwBeAHcAaABlAGUAbAAgAGEAcwBzAGUAbQBiAGwAeQAtADEAQAB3AGgAZQBlAGwAIABhAHMAcwBlAG0AYgBsAHkABAAAABAAAAABAAAAAgAAAAkBAABcAAAA</a:base64Binary><a:base64Binary>UEYAAAUAAAD//v98dwBoAGUAZQBsACAAYQBzAHMAZQBtAGIAbAB5AC0ANABAAEYAdQBsAGwAIABhAHMAcwBlAG0AYgBsAHkALwA3ADAANwAwACAATQBvAHQAbwByACAAcwB1AGIAYQBzAHMAZQBtAGIAbAB5AC0AMQBAAHcAaABlAGUAbAAgAGEAcwBzAGUAbQBiAGwAeQAvAFAAYQByAHQAMwBeADcAMAA3ADAAIABNAG8AdABvAHIAIABzAHUAYgBhAHMAcwBlAG0AYgBsAHkALQAxAEAANwAwADcAMAAgAE0AbwB0AG8AcgAgAHMAdQBiAGEAcwBzAGUAbQBiAGwAeQAEAAAAEAAAAAEAAAADAAAADQEAAFoAAAAfAAAA</a:base64Binary><a:base64Binary>UEYAAAUAAAD//v9TdwBoAGUAZQBsACAAYQBzAHMAZQBtAGIAbAB5AC0ANABAAEYAdQBsAGwAIABhAHMAcwBlAG0AYgBsAHkALwBPAEQAcgBpAHYAZQAgAFMAMQAgAEgAbwB1AHMAaQBuAGcAIAArACAARAByAGkAdgBlAHIAIABBAHMAcwBlAG0AYgBsAHkALQAxAEAAdwBoAGUAZQBsACAAYQBzAHMAZQBtAGIAbAB5AAQAAAAQAAAAAQAAAAIAAAANAQAAZgAAAA==</a:base64Binary><a:base64Binary>UEYAAAUAAAD//v9NdwBoAGUAZQBsACAAYQBzAHMAZQBtAGIAbAB5AC0ANABAAEYAdQBsAGwAIABhAHMAcwBlAG0AYgBsAHkALwBPAGQAcgBpAHYAZQAgAEIAcgBhAGMAawBlAHQAXgB3AGgAZQBlAGwAIABhAHMAcwBlAG0AYgBsAHkALQAxAEAAdwBoAGUAZQBsACAAYQBzAHMAZQBtAGIAbAB5AAQAAAAQAAAAAQAAAAIAAAANAQAAbAAAAA==</a:base64Binary><a:base64Binary>UEYAAAUAAAD//v98dwBoAGUAZQBsACAAYQBzAHMAZQBtAGIAbAB5AC0ANABAAEYAdQBsAGwAIABhAHMAcwBlAG0AYgBsAHkALwA3ADAANwAwACAATQBvAHQAbwByACAAcwB1AGIAYQBzAHMAZQBtAGIAbAB5AC0AMQBAAHcAaABlAGUAbAAgAGEAcwBzAGUAbQBiAGwAeQAvAFAAYQByAHQAMgBeADcAMAA3ADAAIABNAG8AdABvAHIAIABzAHUAYgBhAHMAcwBlAG0AYgBsAHkALQAxAEAANwAwADcAMAAgAE0AbwB0AG8AcgAgAHMAdQBiAGEAcwBzAGUAbQBiAGwAeQAEAAAAEAAAAAEAAAADAAAADQEAAFoAAAAYAAAA</a:base64Binary><a:base64Binary>UEYAAAUAAAD//v87dwBoAGUAZQBsACAAYQBzAHMAZQBtAGIAbAB5AC0ANABAAEYAdQBsAGwAIABhAHMAcwBlAG0AYgBsAHkALwBFAEcAMgAzAC0ARwAyADAALQBEADgALQAxAEAAdwBoAGUAZQBsACAAYQBzAHMAZQBtAGIAbAB5AAQAAAAQAAAAAQAAAAIAAAANAQAAGAAAAA==</a:base64Binary><a:base64Binary>UEYAAAUAAAD//v98dwBoAGUAZQBsACAAYQBzAHMAZQBtAGIAbAB5AC0AMgBAAEYAdQBsAGwAIABhAHMAcwBlAG0AYgBsAHkALwA3ADAANwAwACAATQBvAHQAbwByACAAcwB1AGIAYQBzAHMAZQBtAGIAbAB5AC0AMQBAAHcAaABlAGUAbAAgAGEAcwBzAGUAbQBiAGwAeQAvAFAAYQByAHQAMwBeADcAMAA3ADAAIABNAG8AdABvAHIAIABzAHUAYgBhAHMAcwBlAG0AYgBsAHkALQAxAEAANwAwADcAMAAgAE0AbwB0AG8AcgAgAHMAdQBiAGEAcwBzAGUAbQBiAGwAeQAEAAAAEAAAAAEAAAADAAAACQEAAFoAAAAfAAAA</a:base64Binary><a:base64Binary>UEYAAAUAAAD//v9NdwBoAGUAZQBsACAAYQBzAHMAZQBtAGIAbAB5AC0AMgBAAEYAdQBsAGwAIABhAHMAcwBlAG0AYgBsAHkALwBPAGQAcgBpAHYAZQAgAEIAcgBhAGMAawBlAHQAXgB3AGgAZQBlAGwAIABhAHMAcwBlAG0AYgBsAHkALQAxAEAAdwBoAGUAZQBsACAAYQBzAHMAZQBtAGIAbAB5AAQAAAAQAAAAAQAAAAIAAAAJAQAAbAAAAA==</a:base64Binary><a:base64Binary>UEYAAAUAAAD//v9TdwBoAGUAZQBsACAAYQBzAHMAZQBtAGIAbAB5AC0AMgBAAEYAdQBsAGwAIABhAHMAcwBlAG0AYgBsAHkALwBPAEQAcgBpAHYAZQAgAFMAMQAgAEgAbwB1AHMAaQBuAGcAIAArACAARAByAGkAdgBlAHIAIABBAHMAcwBlAG0AYgBsAHkALQAxAEAAdwBoAGUAZQBsACAAYQBzAHMAZQBtAGIAbAB5AAQAAAAQAAAAAQAAAAIAAAAJAQAAZgAAAA==</a:base64Binary><a:base64Binary>UEYAAAUAAAD//v98dwBoAGUAZQBsACAAYQBzAHMAZQBtAGIAbAB5AC0AMgBAAEYAdQBsAGwAIABhAHMAcwBlAG0AYgBsAHkALwA3ADAANwAwACAATQBvAHQAbwByACAAcwB1AGIAYQBzAHMAZQBtAGIAbAB5AC0AMQBAAHcAaABlAGUAbAAgAGEAcwBzAGUAbQBiAGwAeQAvAFAAYQByAHQAMgBeADcAMAA3ADAAIABNAG8AdABvAHIAIABzAHUAYgBhAHMAcwBlAG0AYgBsAHkALQAxAEAANwAwADcAMAAgAE0AbwB0AG8AcgAgAHMAdQBiAGEAcwBzAGUAbQBiAGwAeQAEAAAAEAAAAAEAAAADAAAACQEAAFoAAAAYAAAA</a:base64Binary><a:base64Binary>UEYAAAUAAAD//v87dwBoAGUAZQBsACAAYQBzAHMAZQBtAGIAbAB5AC0AMgBAAEYAdQBsAGwAIABhAHMAcwBlAG0AYgBsAHkALwBFAEcAMgAzAC0ARwAyADAALQBEADgALQAxAEAAdwBoAGUAZQBsACAAYQBzAHMAZQBtAGIAbAB5AAQAAAAQAAAAAQAAAAIAAAAJAQAAGAAAAA==</a:base64Binary><a:base64Binary>UEYAAAUAAAD//v9cdwBoAGUAZQBsACAAYQBzAHMAZQBtAGIAbAB5AC0AMgBAAEYAdQBsAGwAIABhAHMAcwBlAG0AYgBsAHkALwBHAGUAYQByAGIAbwB4AGgAbwB1AHMAaQBuAGcAIABiAGUAYQByAGkAbgBnACAAcwBsAGUAZQB2AGUAXgB3AGgAZQBlAGwAIABhAHMAcwBlAG0AYgBsAHkALQAxAEAAdwBoAGUAZQBsACAAYQBzAHMAZQBtAGIAbAB5AAQAAAAQAAAAAQAAAAIAAAAJAQAALgAAAA==</a:base64Binary><a:base64Binary>UEYAAAUAAAD//v9cdwBoAGUAZQBsACAAYQBzAHMAZQBtAGIAbAB5AC0ANABAAEYAdQBsAGwAIABhAHMAcwBlAG0AYgBsAHkALwBHAGUAYQByAGIAbwB4AGgAbwB1AHMAaQBuAGcAIABiAGUAYQByAGkAbgBnACAAcwBsAGUAZQB2AGUAXgB3AGgAZQBlAGwAIABhAHMAcwBlAG0AYgBsAHkALQAxAEAAdwBoAGUAZQBsACAAYQBzAHMAZQBtAGIAbAB5AAQAAAAQAAAAAQAAAAIAAAANAQAALgAAAA==</a:base64Binary><a:base64Binary>UEYAAAUAAAD//v98dwBoAGUAZQBsACAAYQBzAHMAZQBtAGIAbAB5AC0AMwBAAEYAdQBsAGwAIABhAHMAcwBlAG0AYgBsAHkALwA3ADAANwAwACAATQBvAHQAbwByACAAcwB1AGIAYQBzAHMAZQBtAGIAbAB5AC0AMQBAAHcAaABlAGUAbAAgAGEAcwBzAGUAbQBiAGwAeQAvAFAAYQByAHQAMwBeADcAMAA3ADAAIABNAG8AdABvAHIAIABzAHUAYgBhAHMAcwBlAG0AYgBsAHkALQAxAEAANwAwADcAMAAgAE0AbwB0AG8AcgAgAHMAdQBiAGEAcwBzAGUAbQBiAGwAeQAEAAAAEAAAAAEAAAADAAAADAEAAFoAAAAfAAAA</a:base64Binary><a:base64Binary>UEYAAAUAAAD//v9NdwBoAGUAZQBsACAAYQBzAHMAZQBtAGIAbAB5AC0AMwBAAEYAdQBsAGwAIABhAHMAcwBlAG0AYgBsAHkALwBPAGQAcgBpAHYAZQAgAEIAcgBhAGMAawBlAHQAXgB3AGgAZQBlAGwAIABhAHMAcwBlAG0AYgBsAHkALQAxAEAAdwBoAGUAZQBsACAAYQBzAHMAZQBtAGIAbAB5AAQAAAAQAAAAAQAAAAIAAAAMAQAAbAAAAA==</a:base64Binary><a:base64Binary>UEYAAAUAAAD//v9TdwBoAGUAZQBsACAAYQBzAHMAZQBtAGIAbAB5AC0AMwBAAEYAdQBsAGwAIABhAHMAcwBlAG0AYgBsAHkALwBPAEQAcgBpAHYAZQAgAFMAMQAgAEgAbwB1AHMAaQBuAGcAIAArACAARAByAGkAdgBlAHIAIABBAHMAcwBlAG0AYgBsAHkALQAxAEAAdwBoAGUAZQBsACAAYQBzAHMAZQBtAGIAbAB5AAQAAAAQAAAAAQAAAAIAAAAMAQAAZgAAAA==</a:base64Binary><a:base64Binary>UEYAAAUAAAD//v98dwBoAGUAZQBsACAAYQBzAHMAZQBtAGIAbAB5AC0AMwBAAEYAdQBsAGwAIABhAHMAcwBlAG0AYgBsAHkALwA3ADAANwAwACAATQBvAHQAbwByACAAcwB1AGIAYQBzAHMAZQBtAGIAbAB5AC0AMQBAAHcAaABlAGUAbAAgAGEAcwBzAGUAbQBiAGwAeQAvAFAAYQByAHQAMgBeADcAMAA3ADAAIABNAG8AdABvAHIAIABzAHUAYgBhAHMAcwBlAG0AYgBsAHkALQAxAEAANwAwADcAMAAgAE0AbwB0AG8AcgAgAHMAdQBiAGEAcwBzAGUAbQBiAGwAeQAEAAAAEAAAAAEAAAADAAAADAEAAFoAAAAYAAAA</a:base64Binary><a:base64Binary>UEYAAAUAAAD//v87dwBoAGUAZQBsACAAYQBzAHMAZQBtAGIAbAB5AC0AMwBAAEYAdQBsAGwAIABhAHMAcwBlAG0AYgBsAHkALwBFAEcAMgAzAC0ARwAyADAALQBEADgALQAxAEAAdwBoAGUAZQBsACAAYQBzAHMAZQBtAGIAbAB5AAQAAAAQAAAAAQAAAAIAAAAMAQAAGAAAAA==</a:base64Binary><a:base64Binary>UEYAAAUAAAD//v9cdwBoAGUAZQBsACAAYQBzAHMAZQBtAGIAbAB5AC0AMwBAAEYAdQBsAGwAIABhAHMAcwBlAG0AYgBsAHkALwBHAGUAYQByAGIAbwB4AGgAbwB1AHMAaQBuAGcAIABiAGUAYQByAGkAbgBnACAAcwBsAGUAZQB2AGUAXgB3AGgAZQBlAGwAIABhAHMAcwBlAG0AYgBsAHkALQAxAEAAdwBoAGUAZQBsACAAYQBzAHMAZQBtAGIAbAB5AAQAAAAQAAAAAQAAAAIAAAAMAQAALgAAAA==</a:base64Binary><a:base64Binary>UEYAAAUAAAD//v98dwBoAGUAZQBsACAAYQBzAHMAZQBtAGIAbAB5AC0AMQBAAEYAdQBsAGwAIABhAHMAcwBlAG0AYgBsAHkALwA3ADAANwAwACAATQBvAHQAbwByACAAcwB1AGIAYQBzAHMAZQBtAGIAbAB5AC0AMQBAAHcAaABlAGUAbAAgAGEAcwBzAGUAbQBiAGwAeQAvAFAAYQByAHQAMwBeADcAMAA3ADAAIABNAG8AdABvAHIAIABzAHUAYgBhAHMAcwBlAG0AYgBsAHkALQAxAEAANwAwADcAMAAgAE0AbwB0AG8AcgAgAHMAdQBiAGEAcwBzAGUAbQBiAGwAeQAEAAAAEAAAAAEAAAADAAAAAgEAAFoAAAAfAAAA</a:base64Binary><a:base64Binary>UEYAAAUAAAD//v9NdwBoAGUAZQBsACAAYQBzAHMAZQBtAGIAbAB5AC0AMQBAAEYAdQBsAGwAIABhAHMAcwBlAG0AYgBsAHkALwBPAGQAcgBpAHYAZQAgAEIAcgBhAGMAawBlAHQAXgB3AGgAZQBlAGwAIABhAHMAcwBlAG0AYgBsAHkALQAxAEAAdwBoAGUAZQBsACAAYQBzAHMAZQBtAGIAbAB5AAQAAAAQAAAAAQAAAAIAAAACAQAAbAAAAA==</a:base64Binary><a:base64Binary>UEYAAAUAAAD//v9TdwBoAGUAZQBsACAAYQBzAHMAZQBtAGIAbAB5AC0AMQBAAEYAdQBsAGwAIABhAHMAcwBlAG0AYgBsAHkALwBPAEQAcgBpAHYAZQAgAFMAMQAgAEgAbwB1AHMAaQBuAGcAIAArACAARAByAGkAdgBlAHIAIABBAHMAcwBlAG0AYgBsAHkALQAxAEAAdwBoAGUAZQBsACAAYQBzAHMAZQBtAGIAbAB5AAQAAAAQAAAAAQAAAAIAAAACAQAAZgAAAA==</a:base64Binary><a:base64Binary>UEYAAAUAAAD//v98dwBoAGUAZQBsACAAYQBzAHMAZQBtAGIAbAB5AC0AMQBAAEYAdQBsAGwAIABhAHMAcwBlAG0AYgBsAHkALwA3ADAANwAwACAATQBvAHQAbwByACAAcwB1AGIAYQBzAHMAZQBtAGIAbAB5AC0AMQBAAHcAaABlAGUAbAAgAGEAcwBzAGUAbQBiAGwAeQAvAFAAYQByAHQAMgBeADcAMAA3ADAAIABNAG8AdABvAHIAIABzAHUAYgBhAHMAcwBlAG0AYgBsAHkALQAxAEAANwAwADcAMAAgAE0AbwB0AG8AcgAgAHMAdQBiAGEAcwBzAGUAbQBiAGwAeQAEAAAAEAAAAAEAAAADAAAAAgEAAFoAAAAYAAAA</a:base64Binary><a:base64Binary>UEYAAAUAAAD//v87dwBoAGUAZQBsACAAYQBzAHMAZQBtAGIAbAB5AC0AMQBAAEYAdQBsAGwAIABhAHMAcwBlAG0AYgBsAHkALwBFAEcAMgAzAC0ARwAyADAALQBEADgALQAxAEAAdwBoAGUAZQBsACAAYQBzAHMAZQBtAGIAbAB5AAQAAAAQAAAAAQAAAAIAAAACAQAAGAAAAA==</a:base64Binary><a:base64Binary>UEYAAAUAAAD//v9cdwBoAGUAZQBsACAAYQBzAHMAZQBtAGIAbAB5AC0AMQBAAEYAdQBsAGwAIABhAHMAcwBlAG0AYgBsAHkALwBHAGUAYQByAGIAbwB4AGgAbwB1AHMAaQBuAGcAIABiAGUAYQByAGkAbgBnACAAcwBsAGUAZQB2AGUAXgB3AGgAZQBlAGwAIABhAHMAcwBlAG0AYgBsAHkALQAxAEAAdwBoAGUAZQBsACAAYQBzAHMAZQBtAGIAbAB5AAQAAAAQAAAAAQAAAAIAAAACAQAALgAAAA==</a:base64Binary><a:base64Binary>UEYAAAUAAAD//v8vQgBTAEIAIAAzADAAeAAzADAALQA4ACAAMwAyADIAbQBtACAAKAB0AGEAcABwAGUAZAAgAGUAbgBkAHMAKQAtADIAQABGAHUAbABsACAAYQBzAHMAZQBtAGIAbAB5AAQAAAAQAAAAAQAAAAEAAABiAQAA</a:base64Binary><a:base64Binary>UEYAAAUAAAD//v8hQgBTAEIAIAAzADAAeAAzADAALQA4ACAAMgA2ADIAbQBtAC0ANQBAAEYAdQBsAGwAIABhAHMAcwBlAG0AYgBsAHkABAAAABAAAAABAAAAAQAAAHACAAA=</a:base64Binary></SWComponentPIDs><SWMainComponentPID i:nil="true"/><Visual z:Ref="i16"/><isFixedFrame>false</isFixedFrame><isIncomplete>false</isIncomplete></Link>
2026-04-16 19:36:34,567 INFO  AssemblyExportForm.cs: 309 - Saving URDF package to C:\Users\saran\Desktop\SLIP\slip
2026-04-16 19:36:34,567 INFO  ExportHelper.cs: 147 - Beginning the export process
2026-04-16 19:36:34,567 INFO  ExportHelper.cs: 153 - Creating package directories with name slip and save path C:\Users\saran\Desktop\SLIP
2026-04-16 19:36:37,441 INFO  ExportHelper.cs: 162 - Creating CMakeLists.txt at C:\Users\saran\Desktop\SLIP\slip\CMakeLists.txt
2026-04-16 19:36:37,441 INFO  ExportHelper.cs: 166 - Creating joint names config at C:\Users\saran\Desktop\SLIP\slip\config\joint_names_slip.yaml
2026-04-16 19:36:37,470 INFO  ExportHelper.cs: 170 - Creating package.xml at C:\Users\saran\Desktop\SLIP\slip\package.xml
2026-04-16 19:36:37,475 INFO  PackageXMLWriter.cs: 21 - Creating package.xml at C:\Users\saran\Desktop\SLIP\slip\package.xml
2026-04-16 19:36:37,486 INFO  ExportHelper.cs: 177 - Creating RVIZ launch file in C:\Users\saran\Desktop\SLIP\slip\launch\
2026-04-16 19:36:37,486 INFO  ExportHelper.cs: 182 - Creating Gazebo launch file in C:\Users\saran\Desktop\SLIP\slip\launch\
2026-04-16 19:36:37,486 INFO  ExportHelper.cs: 187 - Saving existing STL preferences
2026-04-16 19:36:37,486 INFO  ExportHelper.cs: 450 - Saving users preferences
2026-04-16 19:36:37,486 INFO  ExportHelper.cs: 190 - Modifying STL preferences
2026-04-16 19:36:37,486 INFO  ExportHelper.cs: 464 - Setting STL preferences
2026-04-16 19:36:37,550 INFO  ExportHelper.cs: 196 - Found 6 hidden components Front cover^Full assembly-1, HC-SR04-1, DCNLM50NBXX.step-1, D435IF without cover-1, YDLiDAR T-mini Plus-1, Topplates^Full assembly-2
2026-04-16 19:36:37,550 INFO  ExportHelper.cs: 197 - Hiding all components
2026-04-16 19:36:39,047 INFO  ExportHelper.cs: 204 - Beginning individual files export
2026-04-16 19:36:39,047 INFO  ExportHelper.cs: 270 - Exporting link: base_link
2026-04-16 19:36:39,047 INFO  ExportHelper.cs: 272 - Link base_link has 8 children
2026-04-16 19:36:39,063 INFO  ExportHelper.cs: 270 - Exporting link: front_left_wheel
2026-04-16 19:36:39,063 INFO  ExportHelper.cs: 272 - Link front_left_wheel has 0 children
2026-04-16 19:36:39,063 INFO  ExportHelper.cs: 317 - front_left_wheel: Exporting STL with coordinate frame front_right_wheel
2026-04-16 19:36:39,063 INFO  ExportHelper.cs: 322 - front_left_wheel: Reference geometry name 
2026-04-16 19:36:39,478 INFO  ExportHelper.cs: 330 - Saving STL to C:\Users\saran\Desktop\SLIP\slip\meshes\front_left_wheel.STL
2026-04-16 19:36:39,984 INFO  ExportHelper.cs: 405 - Removing SW header in STL file
2026-04-16 19:36:39,984 INFO  ExportHelper.cs: 270 - Exporting link: front_right_wheel
2026-04-16 19:36:39,984 INFO  ExportHelper.cs: 272 - Link front_right_wheel has 0 children
2026-04-16 19:36:39,984 INFO  ExportHelper.cs: 317 - front_right_wheel: Exporting STL with coordinate frame front_right_wheel
2026-04-16 19:36:39,984 INFO  ExportHelper.cs: 322 - front_right_wheel: Reference geometry name 
2026-04-16 19:36:40,364 INFO  ExportHelper.cs: 330 - Saving STL to C:\Users\saran\Desktop\SLIP\slip\meshes\front_right_wheel.STL
2026-04-16 19:36:40,795 INFO  ExportHelper.cs: 405 - Removing SW header in STL file
2026-04-16 19:36:40,800 INFO  ExportHelper.cs: 270 - Exporting link: rear_left_wheel
2026-04-16 19:36:40,800 INFO  ExportHelper.cs: 272 - Link rear_left_wheel has 0 children
2026-04-16 19:36:40,800 INFO  ExportHelper.cs: 317 - rear_left_wheel: Exporting STL with coordinate frame rear__left_wheel
2026-04-16 19:36:40,800 INFO  ExportHelper.cs: 322 - rear_left_wheel: Reference geometry name 
2026-04-16 19:36:41,231 INFO  ExportHelper.cs: 330 - Saving STL to C:\Users\saran\Desktop\SLIP\slip\meshes\rear_left_wheel.STL
2026-04-16 19:36:41,675 INFO  ExportHelper.cs: 405 - Removing SW header in STL file
2026-04-16 19:36:41,677 INFO  ExportHelper.cs: 270 - Exporting link: rear_right_wheel
2026-04-16 19:36:41,679 INFO  ExportHelper.cs: 272 - Link rear_right_wheel has 0 children
2026-04-16 19:36:41,679 INFO  ExportHelper.cs: 317 - rear_right_wheel: Exporting STL with coordinate frame rear_right_wheel
2026-04-16 19:36:41,679 INFO  ExportHelper.cs: 322 - rear_right_wheel: Reference geometry name 
2026-04-16 19:36:42,079 INFO  ExportHelper.cs: 330 - Saving STL to C:\Users\saran\Desktop\SLIP\slip\meshes\rear_right_wheel.STL
2026-04-16 19:36:42,541 INFO  ExportHelper.cs: 405 - Removing SW header in STL file
2026-04-16 19:36:42,543 INFO  ExportHelper.cs: 270 - Exporting link: front_lidar
2026-04-16 19:36:42,543 INFO  ExportHelper.cs: 272 - Link front_lidar has 0 children
2026-04-16 19:36:42,543 INFO  ExportHelper.cs: 317 - front_lidar: Exporting STL with coordinate frame front_lidar
2026-04-16 19:36:42,543 INFO  ExportHelper.cs: 322 - front_lidar: Reference geometry name 
2026-04-16 19:36:43,021 INFO  ExportHelper.cs: 330 - Saving STL to C:\Users\saran\Desktop\SLIP\slip\meshes\front_lidar.STL
2026-04-16 19:36:43,104 INFO  ExportHelper.cs: 405 - Removing SW header in STL file
2026-04-16 19:36:43,106 INFO  ExportHelper.cs: 270 - Exporting link: rear_lidar
2026-04-16 19:36:43,106 INFO  ExportHelper.cs: 272 - Link rear_lidar has 0 children
2026-04-16 19:36:43,106 INFO  ExportHelper.cs: 317 - rear_lidar: Exporting STL with coordinate frame rear_lidar
2026-04-16 19:36:43,106 INFO  ExportHelper.cs: 322 - rear_lidar: Reference geometry name 
2026-04-16 19:36:43,137 INFO  ExportHelper.cs: 330 - Saving STL to C:\Users\saran\Desktop\SLIP\slip\meshes\rear_lidar.STL
2026-04-16 19:36:43,216 INFO  ExportHelper.cs: 405 - Removing SW header in STL file
2026-04-16 19:36:43,216 INFO  ExportHelper.cs: 270 - Exporting link: camera
2026-04-16 19:36:43,216 INFO  ExportHelper.cs: 272 - Link camera has 0 children
2026-04-16 19:36:43,216 INFO  ExportHelper.cs: 317 - camera: Exporting STL with coordinate frame realsense_camera
2026-04-16 19:36:43,216 INFO  ExportHelper.cs: 322 - camera: Reference geometry name 
2026-04-16 19:36:43,627 INFO  ExportHelper.cs: 330 - Saving STL to C:\Users\saran\Desktop\SLIP\slip\meshes\camera.STL
2026-04-16 19:36:44,191 INFO  ExportHelper.cs: 405 - Removing SW header in STL file
2026-04-16 19:36:44,191 INFO  ExportHelper.cs: 270 - Exporting link: imu
2026-04-16 19:36:44,191 INFO  ExportHelper.cs: 272 - Link imu has 0 children
2026-04-16 19:36:44,191 INFO  ExportHelper.cs: 317 - imu: Exporting STL with coordinate frame imu
2026-04-16 19:36:44,191 INFO  ExportHelper.cs: 322 - imu: Reference geometry name 
2026-04-16 19:36:44,607 INFO  ExportHelper.cs: 330 - Saving STL to C:\Users\saran\Desktop\SLIP\slip\meshes\imu.STL
2026-04-16 19:36:45,171 INFO  ExportHelper.cs: 405 - Removing SW header in STL file
2026-04-16 19:36:45,187 INFO  ExportHelper.cs: 317 - base_link: Exporting STL with coordinate frame base_link 
2026-04-16 19:36:45,187 INFO  ExportHelper.cs: 322 - base_link: Reference geometry name 
2026-04-16 19:36:46,519 INFO  ExportHelper.cs: 330 - Saving STL to C:\Users\saran\Desktop\SLIP\slip\meshes\base_link.STL
2026-04-16 19:37:05,528 INFO  ExportHelper.cs: 405 - Removing SW header in STL file
2026-04-16 19:37:05,530 INFO  ExportHelper.cs: 145 - Showing all components except previously hidden components
2026-04-16 19:37:09,516 INFO  ExportHelper.cs: 145 - Resetting STL preferences
2026-04-16 19:37:09,516 INFO  ExportHelper.cs: 478 - Returning STL preferences to user preferences
2026-04-16 19:37:09,516 INFO  ExportHelper.cs: 228 - Writing URDF file to C:\Users\saran\Desktop\SLIP\slip\urdf\slip.urdf
2026-04-16 19:37:09,626 INFO  CSVImportExport.cs: 32 - Writing CSV file C:\Users\saran\Desktop\SLIP\slip\urdf\slip.csv
2026-04-16 19:37:09,690 ERROR CSVImportExport.cs: 130 - The following columns were not written to the CSV: Link.Joint.ChildLink.link,
2026-04-16 19:37:09,690 ERROR CSVImportExport.cs: 130 - The following columns were not written to the CSV: Link.Joint.ChildLink.link,
2026-04-16 19:37:09,690 ERROR CSVImportExport.cs: 130 - The following columns were not written to the CSV: Link.Joint.ChildLink.link,
2026-04-16 19:37:09,690 ERROR CSVImportExport.cs: 130 - The following columns were not written to the CSV: Link.Joint.ChildLink.link,
2026-04-16 19:37:09,705 ERROR CSVImportExport.cs: 130 - The following columns were not written to the CSV: Link.Joint.ChildLink.link,
2026-04-16 19:37:09,705 ERROR CSVImportExport.cs: 130 - The following columns were not written to the CSV: Link.Joint.ChildLink.link,
2026-04-16 19:37:09,706 ERROR CSVImportExport.cs: 130 - The following columns were not written to the CSV: Link.Joint.ChildLink.link,
2026-04-16 19:37:09,706 ERROR CSVImportExport.cs: 130 - The following columns were not written to the CSV: Link.Joint.ChildLink.link,
2026-04-16 19:37:09,706 ERROR CSVImportExport.cs: 130 - The following columns were not written to the CSV: Link.Joint.ChildLink.link,
2026-04-16 19:37:09,706 INFO  ExportHelper.cs: 234 - Copying log file
2026-04-16 19:37:09,706 INFO  ExportHelper.cs: 439 - Copying C:\Users\saran\sw2urdf_logs\sw2urdf.log to C:\Users\saran\Desktop\SLIP\slip\export.log
